seller_id,seller_city,seller_state,total_items_sold,total_orders,total_revenue,total_freight,late_orders,avg_review_score,freight_share_ratio,late_delivery_ratio,on_time_delivery_ratio,seller_activity_tier,review_rating_tier,seller_trust_score,seller_risk_level
3442f8959a84dea7ee197c632cb2df15,campinas,sp,3,3,218.70000000000002,27.9,1,3.0,0.1131,0.3333,0.6667,Low Volume,Fair,63.34,Moderate Risk
d1b65fc7debc3361ea86b5f14c68d2e2,mogi guacu,sp,41,40,11703.07,1438.73,1,4.56,0.1095,0.025,0.975,High Volume,Excellent,94.35,Low Risk
ce3ad9de960102d0677a81f5d0bb7b2d,rio de janeiro,rj,1,1,158.0,16.21,0,5.0,0.093,0.0,1.0,Low Volume,Excellent,100.0,Low Risk
c0f3eea2e14555b6faeea3dd58c1b1c3,sao paulo,sp,1,1,79.99,15.66,0,5.0,0.1637,0.0,1.0,Low Volume,Excellent,100.0,Low Risk
51a04a8a6bdcb23deccc82b0b80742cf,braganca paulista,sp,1,1,167.99,31.93,1,1.0,0.1597,1.0,0.0,Low Volume,Poor,10.0,High Risk
c240c4061717ac1806ae6ee72be3533b,rio de janeiro,rj,1,1,59.9,13.99,0,4.0,0.1893,0.0,1.0,Low Volume,Good,90.0,Low Risk
e49c26c3edfa46d227d5121a6b6e4d37,brejao,pe,36,35,3654.25,1175.46,0,4.42,0.2434,0.0,1.0,High Volume,Excellent,94.2,Low Risk
1b938a7ec6ac5061a66a3766e0e75f90,penapolis,sp,33,30,3987.6,910.23,0,4.24,0.1858,0.0,1.0,High Volume,Excellent,92.4,Low Risk
768a86e36ad6aae3d03ee3c6433d61df,sao paulo,sp,17,17,587.46,180.24,2,4.65,0.2348,0.1176,0.8824,High Volume,Excellent,90.62,Low Risk
ccc4bbb5f32a6ab2b7066a4130f114e3,curitiba,pr,192,187,74004.62,5256.98,12,4.28,0.0663,0.0642,0.9358,High Volume,Excellent,89.59,Low Risk
8cb7c5ddf41f4d506eba76e9a4702a25,anapolis,go,2,2,138.0,44.37,0,3.0,0.2433,0.0,1.0,Low Volume,Fair,80.0,Moderate Risk
a7a9b880c49781da66651ccf4ba9ac38,itirapina,sp,4,3,307.6,65.47,0,3.75,0.1755,0.0,1.0,Low Volume,Good,87.5,Low Risk
8bd0f31cf0a614c658f6763bd02dea69,sao paulo,sp,35,33,4455.34,967.98,1,4.21,0.1785,0.0303,0.9697,High Volume,Excellent,90.58,Low Risk
05a48cc8859962767935ab9087417fbb,sao paulo,sp,1,1,42.9,16.49,0,5.0,0.2777,0.0,1.0,Low Volume,Excellent,100.0,Low Risk
7b8e8ec35bad4b0ef7e3963650b0a87b,tubarao,sc,5,5,2244.2799999999997,372.02,1,4.8,0.1422,0.2,0.8,Mid Volume,Excellent,88.0,Low Risk
1444c08e64d55fb3c25f0f09c07ffcf2,lauro de freitas,ba,1,1,2749.0,69.74,0,1.0,0.0247,0.0,1.0,Low Volume,Poor,60.0,High Risk
166e8f1381e09651983c38b1f6f91c11,imbituba,sc,2,2,78.8,30.2,0,5.0,0.2771,0.0,1.0,Low Volume,Excellent,100.0,Low Risk
e38db885400cd35c71dfd162f2c1dbcf,brasilia,df,32,30,2066.8,670.75,3,4.5,0.245,0.1,0.9,High Volume,Excellent,90.0,Low Risk
d2e753bb80b7d4faa77483ed00edc8ca,porto seguro,ba,15,14,1320.7,454.24,1,3.7,0.2559,0.0714,0.9286,High Volume,Good,83.43,Low Risk
f9ec7093df3a7b346b7bcf7864069ca3,sao paulo,sp,9,9,519.2,118.93,0,4.78,0.1864,0.0,1.0,Mid Volume,Excellent,97.8,Low Risk
4e6015589b781adaa5ce7f1892d06bb1,guaruja,sp,3,3,684.0,56.5,0,3.67,0.0763,0.0,1.0,Low Volume,Good,86.7,Low Risk
4cf490a58259286ada5ba8525ba9e84a,tabatinga,sp,8,8,1254.2,155.19,0,3.12,0.1101,0.0,1.0,Mid Volume,Fair,81.2,Low Risk
f7496d659ca9fdaf323c0aae84176632,sao paulo,sp,27,26,5087.57,844.9399999999999,1,4.59,0.1424,0.0385,0.9615,High Volume,Excellent,93.98,Low Risk
2ff97219cb8622eaf3cd89b7d9c09824,salto,sp,96,89,4476.9,1389.13,3,4.54,0.2368,0.0337,0.9663,High Volume,Excellent,93.72,Low Risk
8bd0e3abda539b9479c4b44a691be1ec,tres de maio,rs,13,7,596.55,248.79000000000002,4,1.69,0.2943,0.5714,0.4286,Mid Volume,Poor,38.33,High Risk
2a1348e9addc1af5aaa619b1a3679d6b,belo horizonte,mg,55,52,2843.0,788.4,15,3.0,0.2171,0.2885,0.7115,High Volume,Fair,65.58,Moderate Risk
2078fe5066350e7d220c0ad3a3bbc6c1,arapongas,pr,1,1,29.9,38.14,0,2.0,0.5606,0.0,1.0,Low Volume,Poor,70.0,Moderate Risk
116ccb1a1604bc88e4d234a8c23f33de,sao bernardo do campo,sp,73,61,2004.89,943.4399999999999,2,4.6,0.32,0.0328,0.9672,High Volume,Excellent,94.36,Low Risk
430315b7bb4b6e4b3c978f9dfa9b0558,sao paulo,sp,21,20,3118.4,586.23,1,4.0,0.1582,0.05,0.95,High Volume,Good,87.5,Low Risk
406822777a0b9eb5c50e442dd4cd3ec5,tatui,sp,47,45,3648.08,948.26,5,4.33,0.2063,0.1111,0.8889,High Volume,Excellent,87.74,Low Risk
4dbd95a08b31ede5c82d3f861cb1ce1a,curitiba,pr,6,6,1304.67,189.36,0,3.5,0.1267,0.0,1.0,Mid Volume,Fair,85.0,Low Risk
e9e446d01bd10a97a8ffcfc4a3a20cb2,sao paulo,sp,4,4,60.05,29.56,0,3.5,0.3299,0.0,1.0,Mid Volume,Fair,85.0,Low Risk
d52cbce9845184537284a23c3bc3da0e,garopaba,sc,4,2,75.0,63.78,0,5.0,0.4596,0.0,1.0,Low Volume,Excellent,100.0,Low Risk
d9a84e1403de8da0c3aa531d6d108ba6,sao paulo,sp,59,54,1425.2,732.14,3,4.56,0.3394,0.0556,0.9444,High Volume,Excellent,92.82,Low Risk
9c690ceacd5c66731bf443ea810195cb,camanducaia,mg,12,10,871.8,249.22,0,4.42,0.2223,0.0,1.0,Mid Volume,Excellent,94.2,Low Risk
1f9ab4708f3056ede07124aad39a2554,tupa,sp,79,78,13602.73,2440.78,4,4.09,0.1521,0.0513,0.9487,High Volume,Good,88.34,Low Risk
1961c3e1272bfeceb05d0b78b5bbfdaf,guarulhos,sp,4,3,896.0,49.43,0,3.75,0.0523,0.0,1.0,Low Volume,Good,87.5,Low Risk
d3e7d37c0df9aef383f3f2a15b0dddfb,sao jose dos pinhais,pr,1,1,161.0,40.34,0,5.0,0.2004,0.0,1.0,Low Volume,Excellent,100.0,Low Risk
ec2e006556300a79a5a91e4876ab3a56,sao paulo,sp,8,4,125.2,66.04,3,1.38,0.3453,0.75,0.25,Mid Volume,Poor,26.3,High Risk
b2a6d334e2833acea353624840e25a0e,sao paulo,sp,26,25,1650.98,387.61,0,4.5,0.1901,0.0,1.0,High Volume,Excellent,95.0,Low Risk
d3674f271c91f824f82d24d92011f669,brasilia,df,20,20,1718.3,383.52,2,4.1,0.1825,0.1,0.9,High Volume,Good,86.0,Low Risk
768de2a4fc06aacecb9a586ccc30746a,brasilia,df,14,14,475.59999999999997,237.93,0,4.43,0.3335,0.0,1.0,High Volume,Excellent,94.3,Low Risk
a81466620e46a6970b22ef40379fdfc9,sao ludgero,sc,2,2,321.8,32.98,0,5.0,0.093,0.0,1.0,Low Volume,Excellent,100.0,Low Risk
5c030029b5916fed0986310385ec9009,sao jose,sc,10,7,4164.4,915.5,0,4.9,0.1802,0.0,1.0,Mid Volume,Excellent,99.0,Low Risk
c0f783394e37cd9c9d7f5f81141450fa,piracicaba,sp,6,6,249.39999999999998,87.35,0,3.6,0.2594,0.0,1.0,Mid Volume,Good,86.0,Low Risk
c353f8fc0ce8344999f17d578eb69a5e,porto alegre,rs,2,2,175.98,36.59,0,5.0,0.1721,0.0,1.0,Low Volume,Excellent,100.0,Low Risk
8444e55c1f13cd5c179851e5ca5ebd00,congonhal,mg,109,99,22873.21,2078.06,11,3.07,0.0833,0.1111,0.8889,High Volume,Fair,75.14,Moderate Risk
28a26ebce31d5918b181ede016fd693b,belo horizonte,mg,1,1,29.9,17.14,0,5.0,0.3644,0.0,1.0,Low Volume,Excellent,100.0,Low Risk
41ab63a91b8b264e8c8780368bf1dd5b,belo horizonte,mg,13,12,2571.95,302.27,0,4.23,0.1052,0.0,1.0,Mid Volume,Excellent,92.3,Low Risk
8759e7aedd644f487315e5860962f162,santo andre,sp,3,3,627.0,166.34,1,3.67,0.2097,0.3333,0.6667,Low Volume,Good,70.04,Moderate Risk
e546117ed9cafbc40239c0c78635c584,sao paulo,sp,2,2,456.0,28.34,0,4.5,0.0585,0.0,1.0,Low Volume,Excellent,95.0,Low Risk
d71d863e5ef30d94e440c11be17dcd8f,osasco,sp,36,29,11900.9,754.75,3,3.24,0.0596,0.1034,0.8966,High Volume,Fair,77.23,Moderate Risk
0c7533c71df861ec58ad7ff999ed0e8d,valinhos,sp,73,61,2989.2999999999997,874.21,3,4.08,0.2263,0.0492,0.9508,High Volume,Good,88.34,Low Risk
ef990a83bbea832f36ebe81376335aa8,joinville,sc,44,43,4642.59,914.65,9,3.66,0.1646,0.2093,0.7907,High Volume,Good,76.13,Moderate Risk
41e0fa5761c886a630994a55c12087e7,guaruja,sp,5,5,423.6,68.31,0,5.0,0.1389,0.0,1.0,Mid Volume,Excellent,100.0,Low Risk
0747d5bb69f0586cc869d8af4c50f93e,saquarema,rj,15,14,346.59999999999997,208.89,1,3.47,0.376,0.0714,0.9286,High Volume,Fair,81.13,Low Risk
7d294cf9a6a69dc6a0c3e540fff0e039,barra velha,sc,5,5,257.25,194.13,0,4.4,0.4301,0.0,1.0,Mid Volume,Excellent,94.0,Low Risk
c89cf7c468a48af70aada384e722f9e2,petropolis,rj,14,14,745.0,226.01,1,4.0,0.2328,0.0714,0.9286,High Volume,Good,86.43,Low Risk
b7ba853e9551f4558440881fd3e5c815,santo antonio da patrulha,rs,2,2,376.8,37.989999999999995,0,1.0,0.0916,0.0,1.0,Low Volume,Poor,60.0,High Risk
13c2ed7698b3ca92dad49e849219da59,ponta grossa,pr,9,8,498.61,154.68,0,4.44,0.2368,0.0,1.0,Mid Volume,Excellent,94.4,Low Risk
cbbd5ae8f53de5f5097cd8217b529e24,santana de parnaiba,sp,2,2,351.8,70.44999999999999,0,2.5,0.1668,0.0,1.0,Low Volume,Poor,75.0,Moderate Risk
02ecc2a19303f05e59ce133fd923fff7,santo andre,sp,24,21,5264.19,478.21,0,4.54,0.0833,0.0,1.0,High Volume,Excellent,95.4,Low Risk
c013e57c075a06e5b5c48ee03c525719,sao carlos,sp,45,42,1971.55,857.11,3,4.16,0.303,0.0714,0.9286,High Volume,Good,88.03,Low Risk
55f7a3319d80f7fdf078b8f03e6725fe,osasco,sp,22,22,3013.78,406.67,1,3.77,0.1189,0.0455,0.9545,High Volume,Good,85.43,Low Risk
2d50d6282f8aa2257819a77bfaa0efe0,ibitinga,sp,45,44,3353.48,798.04,4,3.64,0.1922,0.0909,0.9091,High Volume,Good,81.85,Low Risk
b7e1750c1157341d2abd0251e07c186b,sao paulo,sp,4,3,159.6,60.96,0,4.5,0.2764,0.0,1.0,Low Volume,Excellent,95.0,Low Risk
b90e891671cffd9557f33a97dc523645,sao jose dos pinhais,pr,39,34,4449.0,632.31,0,4.13,0.1244,0.0,1.0,High Volume,Good,91.3,Low Risk
a416b6a846a11724393025641d4edd5e,sao paulo,sp,181,162,25670.72,2999.8,19,4.16,0.1046,0.1173,0.8827,High Volume,Good,85.74,Low Risk
7e93a43ef30c4f03f38b393420bc753a,barueri,sp,340,336,176431.87,6322.18,15,4.21,0.0346,0.0446,0.9554,High Volume,Excellent,89.87,Low Risk
5206cc4bc2297c833e6061c49bf9c43f,osasco,sp,1,1,35.0,10.96,0,1.0,0.2385,0.0,1.0,Low Volume,Poor,60.0,High Risk
f410c8873029fcc3809b9df6d0b28914,caxias do sul,sp,2,2,289.8,37.3,0,5.0,0.114,0.0,1.0,Low Volume,Excellent,100.0,Low Risk
ef506c96320abeedfb894c34db06f478,sao paulo,sp,340,324,9771.43,5197.0,27,3.9,0.3472,0.0833,0.9167,High Volume,Good,84.84,Low Risk
a13aaf2d2886ab9fb30fb9a920160b8f,joinville,sc,4,4,1011.52,74.31,1,4.5,0.0684,0.25,0.75,Mid Volume,Excellent,82.5,Low Risk
7299e27ed73d2ad986de7f7c77d919fa,araguari,mg,361,338,34725.43,6855.65,15,4.42,0.1649,0.0444,0.9556,High Volume,Excellent,91.98,Low Risk
8a9260f2b0340411d6d2a56bcf4f7378,contagem,mg,9,8,1256.0,140.94,0,4.78,0.1009,0.0,1.0,Mid Volume,Excellent,97.8,Low Risk
dedcab67899479e4ea5dcc4eba47f587,jaragua do sul,sc,2,2,84.0,21.64,0,4.5,0.2048,0.0,1.0,Low Volume,Excellent,95.0,Low Risk
b2479f944e1b90cf8a5de1bbfde284d6,ibitinga,sp,131,103,4752.51,2239.71,15,3.32,0.3203,0.1456,0.8544,High Volume,Fair,75.92,Moderate Risk
7722b1df1b0e383e000397b2c11e3e19,sao bernardo do campo,sp,145,134,7094.09,2071.21,4,4.22,0.226,0.0299,0.9701,High Volume,Excellent,90.7,Low Risk
731ef20c231d9a7103a425e83fd91271,lages  sc,sc,3,2,1692.0,505.6,0,3.67,0.2301,0.0,1.0,Low Volume,Good,86.7,Low Risk
78813699ffac347fe27dba345a5f1551,bento goncalves,rs,1,1,152.42,48.12,0,5.0,0.24,0.0,1.0,Low Volume,Excellent,100.0,Low Risk
3296662b1331dea51e744505065ae889,catanduva,sp,1,1,517.8,27.71,0,5.0,0.0508,0.0,1.0,Low Volume,Excellent,100.0,Low Risk
411f3b52d857390502ee4e4d5ceabc2d,ribeirao pires,sp,30,21,1804.01,378.71,2,4.26,0.1735,0.0952,0.9048,High Volume,Excellent,87.84,Low Risk
bba3293d6f5d5af2f415e004e8b93ae3,sao paulo,sp,17,17,11702.1,326.69,1,4.29,0.0272,0.0588,0.9412,High Volume,Excellent,89.96,Low Risk
4e7c18b98d84e05cbae3ff0ff03846c2,jaboticabal,sp,89,82,9177.9,2875.98,3,4.14,0.2386,0.0366,0.9634,High Volume,Good,89.57,Low Risk
b56906f7fd1696e043f1bcce164c487b,echapora,sp,42,40,2148.49,846.93,2,3.95,0.2827,0.05,0.95,High Volume,Good,87.0,Low Risk
d650b663c3b5f6fb392b6326366efa9a,cotia,sp,60,60,19242.9,910.14,3,4.2,0.0452,0.05,0.95,High Volume,Good,89.5,Low Risk
669ae81880e08f269a64487cfb287169,rio do sul,sc,186,162,13248.87,3372.59,7,4.14,0.2029,0.0432,0.9568,High Volume,Good,89.24,Low Risk
c2d70ce2c5d0a2eb75e78668236e6dc8,sao paulo,sp,15,13,2470.9,229.01999999999998,0,4.67,0.0848,0.0,1.0,Mid Volume,Excellent,96.7,Low Risk
674207551483fec113276b67b0d871ff,sorocaba,sp,1,1,119.9,13.94,0,5.0,0.1042,0.0,1.0,Low Volume,Excellent,100.0,Low Risk
abe42c5d03695b4257b5c6cbf4e6784e,rio de janeiro,rj,50,50,17159.0,999.23,8,3.92,0.055,0.16,0.84,High Volume,Good,81.2,Low Risk
1996942dc085d7773ba77a529b163cd0,pradopolis,sp,10,10,2943.51,239.92,0,3.9,0.0754,0.0,1.0,Mid Volume,Good,89.0,Low Risk
79b93a308a97792cf53ac75f46da00b5,rio de janeiro,rj,1,1,99.9,16.14,0,5.0,0.1391,0.0,1.0,Low Volume,Excellent,100.0,Low Risk
7cf4ea70955b00d6b3c22542598e2715,sao paulo,sp,1,1,189.9,14.91,0,5.0,0.0728,0.0,1.0,Low Volume,Excellent,100.0,Low Risk
63ffcb71394dd8ea3872ed9ffda17c74,itaborai,rj,17,17,399.0,264.72,1,3.18,0.3988,0.0588,0.9412,High Volume,Fair,78.86,Moderate Risk
83353a83fd769dfafa4f21a72b15e3e5,sao paulo,sp,5,5,579.5,94.83,1,3.8,0.1406,0.2,0.8,Mid Volume,Good,78.0,Moderate Risk
cda598c48d7c614bc1cad7d8ff6f0010,mirassol,sp,18,17,1118.6000000000001,301.6,0,3.94,0.2124,0.0,1.0,High Volume,Good,89.4,Low Risk
d4910f1cdcfdabd48d6b316e395d4a23,santo andre,sp,12,11,1146.88,215.04,0,4.92,0.1579,0.0,1.0,Mid Volume,Excellent,99.2,Low Risk
709e16e2b25c7474d980076c6bfc4806,birigui,sp,80,60,5151.9,1226.96,2,4.53,0.1923,0.0333,0.9667,High Volume,Excellent,93.64,Low Risk
9dc79dd988ac42f4d56c340d7048420a,sao paulo,sp,4,4,749.6,94.33,0,4.75,0.1118,0.0,1.0,Mid Volume,Excellent,97.5,Low Risk
276677b5d08786d5dce7c2149dcce48b,belo horizonte,mg,47,33,3522.0,798.64,2,3.81,0.1848,0.0606,0.9394,High Volume,Good,85.07,Low Risk
9c4d31c7e46ab03a43fc06e3142afd4e,rio de janeiro,rj,2,2,1218.9,43.82000000000001,0,4.5,0.0347,0.0,1.0,Low Volume,Excellent,95.0,Low Risk
512d298ac2a96d1931b6bd30aa21f61d,rio de janeiro,rj,12,11,7401.94,321.93,0,4.25,0.0417,0.0,1.0,Mid Volume,Excellent,92.5,Low Risk
422be4cc81a457fdb46f47edeb968ae5,ibitinga,sp,1,1,239.9,77.47,0,5.0,0.2441,0.0,1.0,Low Volume,Excellent,100.0,Low Risk
99cd94252748d2bdde08e17858233602,sao paulo,sp,2,2,159.8,21.520000000000003,0,4.5,0.1187,0.0,1.0,Low Volume,Excellent,95.0,Low Risk
698624c6632eeba1774924dbea24c700,sao paulo,sp,1,1,19.9,15.23,0,5.0,0.4335,0.0,1.0,Low Volume,Excellent,100.0,Low Risk
8bb48dc19fccaa8613b6229bf7f452a2,assis,sp,95,82,4190.72,1857.3999999999999,2,4.34,0.3071,0.0244,0.9756,High Volume,Excellent,92.18,Low Risk
ad87df7699e83b8a91822a4a0b765c3a,jaguariuna,sp,7,6,349.9,88.72,0,3.71,0.2023,0.0,1.0,Mid Volume,Good,87.1,Low Risk
d6b664fa0667064c6d76394e7848d790,araraquara,sp,6,6,6080.0,324.34,0,4.83,0.0506,0.0,1.0,Mid Volume,Excellent,98.3,Low Risk
98f52e1020fe788c10c0418de4393fec,macae,rj,1,1,21.6,15.1,0,4.0,0.4114,0.0,1.0,Low Volume,Good,90.0,Low Risk
62760d278921b5f352461620d68a9cee,salto,sp,3,3,397.0,53.1,1,3.67,0.118,0.3333,0.6667,Low Volume,Good,70.04,Moderate Risk
eb72802c83dc7547529c9546d1a9b8ef,rio claro,sp,8,8,1063.92,117.71,0,4.62,0.0996,0.0,1.0,Mid Volume,Excellent,96.2,Low Risk
3f9be91358837bff69df67edfa3e42e8,londrina,pr,7,7,569.7,132.36,0,4.43,0.1885,0.0,1.0,Mid Volume,Excellent,94.3,Low Risk
1d4587203296c8f4ad134dc286fa6db0,sao paulo,sp,43,42,2323.3,704.24,1,4.3,0.2326,0.0238,0.9762,High Volume,Excellent,91.81,Low Risk
791cfcfe22fe4a771ece27f90017da92,ribeirao preto,sp,2,2,596.26,57.49,1,1.5,0.0879,0.5,0.5,Low Volume,Poor,40.0,High Risk
392f7f2c797e4dc077e4311bde2ab8ce,rio de janeiro,rn,2,2,52.0,36.56,0,5.0,0.4128,0.0,1.0,Low Volume,Excellent,100.0,Low Risk
0c8380b62e38e8a1e6adbeba7eb9688c,tres coracoes,mg,220,182,17348.79,4107.04,10,4.03,0.1914,0.0549,0.9451,High Volume,Good,87.56,Low Risk
37be5a7c751166fbc5f8ccba4119e043,sao paulo,sp,281,272,55350.55,6083.33,7,4.32,0.099,0.0257,0.9743,High Volume,Excellent,91.92,Low Risk
87d73636a3acf123e842bb890a4db036,nhandeara,sp,1,1,269.9,43.71,0,5.0,0.1394,0.0,1.0,Low Volume,Excellent,100.0,Low Risk
3d3ccf2b2f8134b10dce9dd446f0e075,ibitinga,sp,3,3,608.6,141.93,1,3.33,0.1891,0.3333,0.6667,Low Volume,Fair,66.64,Moderate Risk
e24d3429d294b2eb200b064ebb035879,sao paulo,sp,22,19,1878.58,372.12,1,4.14,0.1653,0.0526,0.9474,High Volume,Good,88.77,Low Risk
44073f8b7e41514de3b7815dd0237f4f,brasilia,df,153,144,18729.64,3172.29,7,3.76,0.1448,0.0486,0.9514,High Volume,Good,85.17,Low Risk
05ca864204d09595ae591b93ea9cf93d,barueri,sp,1,1,179.9,8.52,0,5.0,0.0452,0.0,1.0,Low Volume,Excellent,100.0,Low Risk
9d39404483343dd55c7ae254494d8388,sao paulo,sp,10,10,293.2,141.07999999999998,1,3.5,0.3249,0.1,0.9,Mid Volume,Fair,80.0,Moderate Risk
f9eda05b67bef472deaddbba84aca289,orleans,sc,1,1,185.0,51.79,0,1.0,0.2187,0.0,1.0,Low Volume,Poor,60.0,High Risk
75745ef7bc7d4f3ea3380f6f5303f514,brasilia,df,3,3,228.4,48.92,0,5.0,0.1764,0.0,1.0,Low Volume,Excellent,100.0,Low Risk
0692610d8abe24f287e9fae90ea0bbee,sao paulo,sp,4,4,173.99,31.73,1,4.0,0.1542,0.25,0.75,Mid Volume,Good,77.5,Moderate Risk
7b07b3c7487f0ea825fc6df75abd658b,sao paulo,sp,98,93,9731.85,1342.79,4,4.34,0.1212,0.043,0.957,High Volume,Excellent,91.25,Low Risk
99002261c568a84cce14d43fcffb43ea,cuiaba,mt,36,36,4088.0,1100.33,2,3.72,0.2121,0.0556,0.9444,High Volume,Good,84.42,Low Risk
e5899683388855d3dabe8913bbe365de,sao carlos,sp,3,3,452.88,80.98,0,4.0,0.1517,0.0,1.0,Low Volume,Good,90.0,Low Risk
784ba75dd9d20200c4caed3d7a77141a,sao paulo,sp,24,21,8295.13,629.8199999999999,2,3.6,0.0706,0.0952,0.9048,High Volume,Good,81.24,Low Risk
099095b050cfe8eb1ddff5317587e96e,sao paulo,sp,20,17,5193.83,715.3199999999999,3,2.95,0.1211,0.1765,0.8235,High Volume,Fair,70.68,Moderate Risk
0ad80de75c811326389cfb1daba7d45e,rio de janeiro,rj,6,6,1449.3999999999999,115.32,0,5.0,0.0737,0.0,1.0,Mid Volume,Excellent,100.0,Low Risk
b9a03475e6447e631b6799ec8274800f,formosa do oeste,pr,11,10,1349.1,294.98,0,4.27,0.1794,0.0,1.0,Mid Volume,Excellent,92.7,Low Risk
ba6b4a237f92479743cf0ca06b67a9ac,rio de janeiro,rj,8,8,801.89,111.82,1,4.25,0.1224,0.125,0.875,Mid Volume,Excellent,86.25,Low Risk
ea00f977a203ff88adf7057cb7806998,santos,sp,19,19,389.71999999999997,183.68,1,4.11,0.3203,0.0526,0.9474,High Volume,Good,88.47,Low Risk
82e0a475a88cc9595229d8029273f045,sao paulo,sp,80,42,10930.02,1485.9,5,3.35,0.1197,0.119,0.881,High Volume,Fair,77.55,Moderate Risk
ad75519a07f039025e83795a4418470f,santa terezinha de goias,go,9,3,302.1,115.82000000000001,0,3.22,0.2771,0.0,1.0,Low Volume,Fair,82.2,Low Risk
34aefe746cd81b7f3b23253ea28bef39,curitiba,pr,1,1,8.0,14.52,0,1.0,0.6448,0.0,1.0,Low Volume,Poor,60.0,High Risk
ed4acab38528488b65a9a9c603ff024a,sao paulo,sp,40,32,12759.45,610.31,0,3.72,0.0456,0.0,1.0,High Volume,Good,87.2,Low Risk
f0837c8d71434931d9e38e7b79234797,arvorezinha,rs,23,22,3446.9,602.46,1,4.61,0.1488,0.0455,0.9545,High Volume,Excellent,93.82,Low Risk
fce62094ffe6a4009188ec44e681dfdd,sao paulo,sp,11,4,2969.7,482.93,5,3.18,0.1399,1.25,-0.25,Mid Volume,Fair,19.3,High Risk
ebef8d8c92b4fd3226e5d407bbff21ac,ribeirao preto,sp,3,3,253.70000000000002,48.36,1,2.67,0.1601,0.3333,0.6667,Low Volume,Fair,60.04,Moderate Risk
d73cbd89533ce8b041a9190241453ac8,guiricema,mg,4,4,368.6,65.02,0,3.5,0.1499,0.0,1.0,Mid Volume,Fair,85.0,Low Risk
75a4764c108403a7a0575140cb22287c,caxias do sul,rs,9,5,716.9,210.15,0,4.78,0.2267,0.0,1.0,Mid Volume,Excellent,97.8,Low Risk
70c0fda4c313d87115644d39e62eec60,caruaru,pe,1,1,25.99,37.09,0,5.0,0.588,0.0,1.0,Low Volume,Excellent,100.0,Low Risk
ffcfefa19b08742c5d315f2791395ee5,curitiba,pr,1,1,69.9,9.62,0,1.0,0.121,0.0,1.0,Low Volume,Poor,60.0,High Risk
26e13b6ff5b641b329e5524241ee2c93,franca,sp,4,4,119.69999999999999,69.97999999999999,0,4.0,0.3689,0.0,1.0,Mid Volume,Good,90.0,Low Risk
0ade5cc4a305ed7093a23f68ca47519c,curitiba,pr,2,2,158.88,42.39,0,5.0,0.2106,0.0,1.0,Low Volume,Excellent,100.0,Low Risk
fc59392d66ef99377e50356ee4f3b4e1,salvador,ba,5,5,519.99,86.97,0,3.6,0.1433,0.0,1.0,Mid Volume,Good,86.0,Low Risk
b18dc380845b24038cfc48006478f099,diadema,sp,54,44,8353.3,895.63,5,3.92,0.0968,0.1136,0.8864,High Volume,Good,83.52,Low Risk
f22a247b79dd22ecd91dc8e3b2a1b07c,itaquaquecetuba,sp,8,8,439.94,134.9,2,4.0,0.2347,0.25,0.75,Mid Volume,Good,77.5,Moderate Risk
889009a0ed0bb52c87819941192931b8,lencois paulista,sp,1,1,89.9,33.08,0,4.0,0.269,0.0,1.0,Low Volume,Good,90.0,Low Risk
ffc470761de7d0232558ba5e786e57b7,guarulhos,sp,31,28,1649.01,438.12,2,4.3,0.2099,0.0714,0.9286,High Volume,Excellent,89.43,Low Risk
4c498c7345e89aebad651544829beca0,carapicuiba,sp,48,48,4819.76,570.0,5,4.29,0.1058,0.1042,0.8958,High Volume,Excellent,87.69,Low Risk
01bcc9d254a0143f0ce9791b960b2a47,uruacu,go,11,11,1521.21,277.65999999999997,0,4.4,0.1544,0.0,1.0,Mid Volume,Excellent,94.0,Low Risk
f021c962aaba8ef6eb527a9c2c8394d1,itajai,sc,5,5,4398.5,135.37,0,4.2,0.0299,0.0,1.0,Mid Volume,Good,92.0,Low Risk
024b564ae893ce8e9bfa02c10a401ece,sao paulo,sp,8,2,706.4000000000001,212.0,0,4.75,0.2308,0.0,1.0,Low Volume,Excellent,97.5,Low Risk
a513150f33f99a06569e9cd5c4bb889b,sao paulo,sp,2,2,677.0,34.25,0,4.5,0.0482,0.0,1.0,Low Volume,Excellent,95.0,Low Risk
c1dde11f12d05c478f5de2d7319ad3b2,sao paulo,sp,1,1,12.5,7.39,0,1.0,0.3715,0.0,1.0,Low Volume,Poor,60.0,High Risk
02f5837340d7eb4f653d676c7256523a,curitiba,pr,30,30,3883.05,580.83,1,4.83,0.1301,0.0333,0.9667,High Volume,Excellent,96.64,Low Risk
7b98de631987e26dd6d803490c43a13c,loanda,pr,8,8,634.2,144.43,0,4.62,0.1855,0.0,1.0,Mid Volume,Excellent,96.2,Low Risk
f12ff17ad8bbf01ec5c33b17e506649b,sao paulo,sp,29,29,6241.0,651.73,3,3.83,0.0946,0.1034,0.8966,High Volume,Good,83.13,Low Risk
a64e44665225d19dfc0277eeeaaccc57,sao paulo,sp,6,6,335.0,91.76,0,5.0,0.215,0.0,1.0,Mid Volume,Excellent,100.0,Low Risk
6a8a889bde935bafa76d7848782dfaf9,sao paulo,sp,30,26,860.8199999999999,367.79999999999995,2,3.93,0.2994,0.0769,0.9231,High Volume,Good,85.46,Low Risk
42b6488f5b8246d9141712abd4b1b693,maringa,pr,2,2,247.99,41.81,0,4.0,0.1443,0.0,1.0,Low Volume,Good,90.0,Low Risk
d6cd01c59123df02fc226eadbadb5f89,sao paulo,sp,3,2,244.9,31.21,0,2.33,0.113,0.0,1.0,Low Volume,Poor,73.3,Moderate Risk
c8e135e7b21ecbc36c1153a29d2f5a06,sao paulo,sp,7,7,1165.5,101.98,0,4.86,0.0805,0.0,1.0,Mid Volume,Excellent,98.6,Low Risk
229c3efbfb0ea2058de4ccdfbc3d784a,belo horizonte,mg,148,121,15744.0,2362.57,3,3.64,0.1305,0.0248,0.9752,High Volume,Good,85.16,Low Risk
f9a02f1922d1de564392e656d82b3fda,ferraz de vasconcelos,sp,1,1,125.9,11.49,0,4.0,0.0836,0.0,1.0,Low Volume,Good,90.0,Low Risk
9523fb39dd240aa958e040f8183d64f3,sao paulo,sp,1,1,146.99,21.3,0,1.0,0.1266,0.0,1.0,Low Volume,Poor,60.0,High Risk
95ec4458365c4d11f452ccf538377619,limeira,sp,31,27,1866.76,436.67,1,4.27,0.1896,0.037,0.963,High Volume,Excellent,90.85,Low Risk
6ec1a01e866584bb679eb9b098345919,santos,sp,32,31,4248.91,814.85,7,4.13,0.1609,0.2258,0.7742,High Volume,Good,80.01,Low Risk
f6122bc84774df1b372bdb3bb88ddb9f,barueri,sp,3,3,4799.87,74.49000000000001,1,3.67,0.0153,0.3333,0.6667,Low Volume,Good,70.04,Moderate Risk
fa40cc5b934574b62717c68f3d678b6d,sao paulo,sp,340,307,16055.87,4530.9,17,4.44,0.2201,0.0554,0.9446,High Volume,Excellent,91.63,Low Risk
623ad9d0c1e14bb5464a8c72bff7b4af,claudio,mg,1,1,95.0,38.96,0,4.0,0.2908,0.0,1.0,Low Volume,Good,90.0,Low Risk
c0098efcf800861dcae589affca31408,ribeirao preto,sp,9,9,1189.28,187.46,0,4.78,0.1362,0.0,1.0,Mid Volume,Excellent,97.8,Low Risk
a63bfbaa882c8f4542891b4e2246cc7f,niteroi,rj,7,7,6772.0,264.19,0,4.43,0.0375,0.0,1.0,Mid Volume,Excellent,94.3,Low Risk
48b6c3f4c6a93171da04b75313f2130f,osvaldo cruz,sp,2,2,290.26,37.8,0,5.0,0.1152,0.0,1.0,Low Volume,Excellent,100.0,Low Risk
270d3ef21830ad0ecf3a6c53d08a533a,carapicuiba,sp,18,6,509.0,234.67,0,2.22,0.3156,0.0,1.0,Mid Volume,Poor,72.2,Moderate Risk
89c127985a8b130cfa45c1d36764017a,osasco,sp,7,7,1419.5700000000002,120.63,0,3.0,0.0783,0.0,1.0,Mid Volume,Fair,80.0,Moderate Risk
8b2492b7ff4468839593fafeed55bad9,sao goncalo,rj,45,29,3660.08,676.18,5,3.89,0.1559,0.1724,0.8276,High Volume,Good,80.28,Low Risk
1e9d5a33694bddb76316fd1f54734d20,jaciara,mt,2,2,318.0,150.94,0,4.5,0.3219,0.0,1.0,Low Volume,Excellent,95.0,Low Risk
5e49e3a44bdeb5aab2684258bbd4f525,balenario camboriu,sc,3,3,507.0,52.769999999999996,1,4.67,0.0943,0.3333,0.6667,Low Volume,Excellent,80.04,Low Risk
8e34331b7eedd03be4e5d965c1956225,sao paulo,sp,5,5,145.0,65.44,1,4.8,0.311,0.2,0.8,Mid Volume,Excellent,88.0,Low Risk
aaed1309374718fdd995ee4c58c9dfcd,timbo,sc,112,105,9376.95,2331.07,3,4.05,0.1991,0.0286,0.9714,High Volume,Good,89.07,Low Risk
11d4c477d09821164bca4f70a2eae031,ribeirao preto,sp,4,3,83.04,57.81999999999999,0,5.0,0.4105,0.0,1.0,Low Volume,Excellent,100.0,Low Risk
ff314fa6033cc68ec451c47aee2d6ba4,sao paulo,sp,2,2,537.9,32.44,0,5.0,0.0569,0.0,1.0,Low Volume,Excellent,100.0,Low Risk
d1c7fa84e48cfa21a0e595167c1c500e,jacutinga,rs,12,12,1156.03,321.35,0,4.33,0.2175,0.0,1.0,Mid Volume,Excellent,93.3,Low Risk
c7246702dc991a06d788120dc7544391,fortaleza,ce,1,1,54.86,17.66,0,5.0,0.2435,0.0,1.0,Low Volume,Excellent,100.0,Low Risk
e819bcfade7b5d88a27325eb6cfd62c5,guarulhos,sp,11,5,202.89999999999998,135.35,1,3.55,0.4001,0.2,0.8,Mid Volume,Good,75.5,Moderate Risk
6d2f2e3b539480db1e0842b3a4e32e6e,guarulhos,sp,6,3,305.96,168.3,0,4.33,0.3549,0.0,1.0,Low Volume,Excellent,93.3,Low Risk
e88165a185134e13fdfc85d4fa654db8,ferraz de  vasconcelos,sp,2,2,108.0,41.22,1,3.0,0.2762,0.5,0.5,Low Volume,Fair,55.0,High Risk
9e6229250fedbe05838fef417b74e7fb,mirandopolis,sp,78,74,13132.2,1854.45,2,3.9,0.1237,0.027,0.973,High Volume,Good,87.65,Low Risk
5abb8ea023c77787f2c15da891c8d384,joinville,sc,13,13,2241.0,746.2,3,3.92,0.2498,0.2308,0.7692,Mid Volume,Good,77.66,Moderate Risk
1d953075c2f0dd990bacf27b83b330f1,belo horizonte,mg,1,1,59.0,19.32,0,5.0,0.2467,0.0,1.0,Low Volume,Excellent,100.0,Low Risk
817245bcc3badd82bbd222e0366951a6,bauru,sp,45,29,5580.5,722.58,1,4.07,0.1146,0.0345,0.9655,High Volume,Good,88.98,Low Risk
caa9bc43a9fe8cf9c564ddd8a03cc4a6,jacarei,sp,14,13,803.87,233.87,0,4.69,0.2254,0.0,1.0,Mid Volume,Excellent,96.9,Low Risk
615005a3ef192c00c6f0e977cee3d2bc,itu,sp,11,10,286.5,155.64,1,3.91,0.352,0.1,0.9,Mid Volume,Good,84.1,Low Risk
1284de4ae8aa26997e748c851557cf0e,laranjeiras do sul,sp,3,3,1459.97,86.86999999999999,0,2.67,0.0562,0.0,1.0,Low Volume,Fair,76.7,Moderate Risk
5fd924b4836098a5be0ecf81ba054ce0,sao paulo,sp,8,7,1148.8,135.54,0,4.0,0.1055,0.0,1.0,Mid Volume,Good,90.0,Low Risk
7178f9f4dd81dcef02f62acdf8151e01,videira,sc,216,203,37070.4,4408.52,7,4.03,0.1063,0.0345,0.9655,High Volume,Good,88.58,Low Risk
8132b9bd16876e1b0f8808d43825dd48,florianopolis,sc,3,2,727.9,41.04,0,2.33,0.0534,0.0,1.0,Low Volume,Poor,73.3,Moderate Risk
3f995f07c49d0d55a99d5c54957f7d81,itapecerica da serra,sp,43,43,3955.7,671.5,1,4.21,0.1451,0.0233,0.9767,High Volume,Excellent,90.94,Low Risk
a6bd7d1ccdac48c6b33b28596b7eb122,mamanguape,pb,16,16,14368.61,678.02,1,3.33,0.0451,0.0625,0.9375,High Volume,Fair,80.18,Low Risk
6650fcccd8cd2f7e55ffa524f30c4c59,sao paulo,sp,3,3,529.7,166.0,0,2.67,0.2386,0.0,1.0,Low Volume,Fair,76.7,Moderate Risk
3db66a856d18a9cba7c9241fc5221c50,ponte nova,mg,97,94,9478.300000000001,2044.36,10,4.19,0.1774,0.1064,0.8936,High Volume,Good,86.58,Low Risk
8b181ee5518df84f18f4e1a43fe07923,goioere,sp,1,1,27.9,27.08,0,5.0,0.4925,0.0,1.0,Low Volume,Excellent,100.0,Low Risk
10ff823eda2b032e2c93d17a7d294736,pederneiras,sp,9,9,1294.97,164.56,0,3.89,0.1127,0.0,1.0,Mid Volume,Good,88.9,Low Risk
b4a476fbd28de64b1e347abf9089366a,itapevi,sp,38,33,5724.04,1011.91,2,3.76,0.1502,0.0606,0.9394,High Volume,Good,84.57,Low Risk
39c763cca83e654764b7a4a650fb9b7c,goiania,go,11,11,761.0,223.21,2,3.82,0.2268,0.1818,0.8182,Mid Volume,Good,79.11,Moderate Risk
dadc51ef321949ec9a3ab25cd902e23d,sao paulo,sp,1,1,85.0,14.34,0,1.0,0.1444,0.0,1.0,Low Volume,Poor,60.0,High Risk
83b08de96980757220871b31bf6cffca,rio de janeiro,rj,7,5,1304.17,454.21,1,4.29,0.2583,0.2,0.8,Mid Volume,Excellent,82.9,Low Risk
14a08204d03bb6b6bde8029f801ae0eb,sao paulo,sp,38,28,2185.4,593.7,0,3.82,0.2136,0.0,1.0,High Volume,Good,88.2,Low Risk
bee36b4f9a2b9fdcaff6ec05df202ed0,sao paulo,sp,2,2,33.8,19.68,0,3.0,0.368,0.0,1.0,Low Volume,Fair,80.0,Moderate Risk
28872dc528e978a639754bc8c2ce5a4c,caxias do sul,rs,1,1,1009.9,29.0,0,5.0,0.0279,0.0,1.0,Low Volume,Excellent,100.0,Low Risk
c85d7b477a709c85a1e8b8f25aa1b270,sao bernardo do campo,sp,2,1,75.0,32.22,0,1.0,0.3005,0.0,1.0,Low Volume,Poor,60.0,High Risk
739c7d7be81f63812dea0d1b1451c651,campina grande,pb,2,2,77.5,71.8,0,4.0,0.4809,0.0,1.0,Low Volume,Good,90.0,Low Risk
657969cca82e884d272385ec0ef06edd,estancia velha,rs,3,3,139.70000000000002,51.86,0,4.67,0.2707,0.0,1.0,Low Volume,Excellent,96.7,Low Risk
455befea1bb853c75ccbca94cff26e5c,resende,rj,1,1,19.99,22.06,0,3.0,0.5246,0.0,1.0,Low Volume,Fair,80.0,Moderate Risk
800214c63934acd05d47e84214db8ba8,jaragua do sul,sc,4,4,259.6,61.74,0,5.0,0.1921,0.0,1.0,Mid Volume,Excellent,100.0,Low Risk
5cf1ec37aea089f45110c70653a166ab,sao paulo,sp,3,3,50.0,43.1,0,3.67,0.4629,0.0,1.0,Low Volume,Good,86.7,Low Risk
0a82f5fb06a4fe4ac2cf7cb412ec71b8,sao paulo,sp,2,2,462.0,22.799999999999997,0,5.0,0.047,0.0,1.0,Low Volume,Excellent,100.0,Low Risk
e45edf75f568ed2f93f78d060e246e25,rio de janeiro,rj,7,6,164.29999999999998,113.92,0,4.14,0.4095,0.0,1.0,Mid Volume,Good,91.4,Low Risk
3d621842b2ed28e2b474132480edac3c,sao paulo,sp,10,10,928.9100000000001,151.79,0,3.9,0.1405,0.0,1.0,Mid Volume,Good,89.0,Low Risk
baf15155e37ef5492731459bdc05be8a,sao paulo,sp,1,1,47.0,8.72,0,5.0,0.1565,0.0,1.0,Low Volume,Excellent,100.0,Low Risk
c0aff2da32c17759d30b22fb0af6649d,florianopolis,sc,5,4,188.8,83.53,0,3.8,0.3067,0.0,1.0,Mid Volume,Good,88.0,Low Risk
a17f621c590ea0fab3d5d883e1630ec6,sorocaba,sp,80,65,2778.58,1122.96,4,4.09,0.2878,0.0615,0.9385,High Volume,Good,87.82,Low Risk
4deebb3199eeafb282ae33229144f94b,sao paulo,sp,5,4,779.7,141.79,2,3.4,0.1539,0.5,0.5,Mid Volume,Fair,59.0,High Risk
9d69ba0a7a626a64dc5db08e529559cf,ribeirao preto,sp,1,1,19.3,18.24,0,5.0,0.4859,0.0,1.0,Low Volume,Excellent,100.0,Low Risk
f92d8c817434bd2d84d4e9c61322b7fa,sorocaba,sp,5,5,174.84,50.769999999999996,0,4.6,0.225,0.0,1.0,Mid Volume,Excellent,96.0,Low Risk
8ca5b19e0263150d2c57afdde2b3d011,maua,sp,4,3,180.60000000000002,44.08,0,4.75,0.1962,0.0,1.0,Low Volume,Excellent,97.5,Low Risk
eec3469d83e142f9a104886655338c37,bauru,sp,4,4,185.7,54.74,0,4.5,0.2277,0.0,1.0,Mid Volume,Excellent,95.0,Low Risk
55bb6fe5bebe5012e2d7d9928e1128ff,bauru,sp,16,15,1816.55,576.47,3,3.56,0.2409,0.2,0.8,High Volume,Good,75.6,Moderate Risk
d180e07dc1e58c31c3f0cd599dc4d945,belo horizonte,mg,1,1,58.8,14.16,0,3.0,0.1941,0.0,1.0,Low Volume,Fair,80.0,Moderate Risk
d6b1ce66b035a475f00c017792ff9769,salto,sp,108,92,12277.4,2038.48,7,4.17,0.1424,0.0761,0.9239,High Volume,Good,87.9,Low Risk
3aa3c89ae3cd482385568be76120f63c,goiania,go,1,1,29.9,19.04,0,4.0,0.389,0.0,1.0,Low Volume,Good,90.0,Low Risk
fe4cd9461203cee790d36792420b310f,caratinga,mg,3,3,391.15,54.379999999999995,0,4.0,0.1221,0.0,1.0,Low Volume,Good,90.0,Low Risk
c3aad7dc65449ae90a5e9c3c6c1e78e0,auriflamasp,sp,6,6,510.0,130.36,0,4.67,0.2036,0.0,1.0,Mid Volume,Excellent,96.7,Low Risk
f5fea3ffed6c2e889bab72705557c63a,rio de janeiro,rj,3,3,1059.9,268.28,1,3.67,0.202,0.3333,0.6667,Low Volume,Good,70.04,Moderate Risk
ececbfcff9804a2d6b40f589df8eef2b,franca,sp,104,98,6792.4,1868.66,9,4.12,0.2158,0.0918,0.9082,High Volume,Good,86.61,Low Risk
a254c682cc01e119f83530446f1df9a9,cafelandia,sp,7,6,569.4,240.02,1,4.14,0.2965,0.1667,0.8333,Mid Volume,Good,83.06,Low Risk
830379336fad8c6f3b15a4a3ddb5c66e,sao paulo,sp,4,2,268.0,170.38,0,4.5,0.3887,0.0,1.0,Low Volume,Excellent,95.0,Low Risk
7d13fca15225358621be4086e1eb0964,ribeirao preto,sp,578,565,113628.97,8632.05,64,4.0,0.0706,0.1133,0.8867,High Volume,Good,84.34,Low Risk
1b4c3a6f53068f0b6944d2d005c9fc89,sao ludgero,sc,117,113,14760.300000000001,3031.37,5,4.1,0.1704,0.0442,0.9558,High Volume,Good,88.79,Low Risk
b92e3c8f9738272ff7c59e111e108d7c,uba,mg,70,62,8231.09,2414.21,2,4.06,0.2268,0.0323,0.9677,High Volume,Good,88.98,Low Risk
b8555308bfdb4ca1ed54325a58da9a97,sao bernardo do campo,sp,28,26,3047.2000000000003,582.83,2,4.07,0.1606,0.0769,0.9231,High Volume,Good,86.86,Low Risk
71593c7413973a1e160057b80d4958f6,sao paulo  sao paulo,sp,5,2,299.5,45.85,0,3.4,0.1328,0.0,1.0,Low Volume,Fair,84.0,Low Risk
1dc2de47ee26a0a5b12dc14fd6dc0dea,ibitinga,sp,27,25,1670.3,617.1999999999999,1,4.52,0.2698,0.04,0.96,High Volume,Excellent,93.2,Low Risk
6c6e3d67f969468f3bfd33f827a31222,maringa,pr,6,5,224.0,92.41,0,4.83,0.2921,0.0,1.0,Mid Volume,Excellent,98.3,Low Risk
66d5ae34537110d3affc56174dad2b2f,sao jose do rio preto,sp,3,1,33.81,38.37,0,1.0,0.5316,0.0,1.0,Low Volume,Poor,60.0,High Risk
781a66c0d89e30814d49fe8b5e14cd07,campinas,sp,1,1,115.0,21.3,1,1.0,0.1563,1.0,0.0,Low Volume,Poor,10.0,High Risk
a4bd6e9adf39b63f43dc545d3ca1f53d,rio de janeiro,rj,5,4,1848.59,112.38000000000001,0,4.6,0.0573,0.0,1.0,Mid Volume,Excellent,96.0,Low Risk
f88adb15807168d3c43d71021090ce4a,porto ferreira,sp,3,3,488.8,52.26,0,3.33,0.0966,0.0,1.0,Low Volume,Fair,83.3,Low Risk
fa8d335d68129e464e60c1826a683e96,tres coroas,rs,1,1,139.9,34.78,0,4.0,0.1991,0.0,1.0,Low Volume,Good,90.0,Low Risk
f12d3c2a14729ae461b920c11fe20fdc,santo andre,sp,11,9,364.45,94.87,0,4.27,0.2065,0.0,1.0,Mid Volume,Excellent,92.7,Low Risk
4917cee8d902e13428c3ec4b1ca6f315,blumenau,sc,33,33,5421.9,1199.6399999999999,1,4.16,0.1812,0.0303,0.9697,High Volume,Good,90.08,Low Risk
741f8c587cb4248ebc5b779a0e8e0e51,santo andre,sp,5,5,89.95,67.69,1,4.0,0.4294,0.2,0.8,Mid Volume,Good,80.0,Moderate Risk
4bcec44888b30ba9001234c534716d3f,santo andre,sp,5,5,146.0,63.23,0,4.6,0.3022,0.0,1.0,Mid Volume,Excellent,96.0,Low Risk
a663d9c3797e90eac99ff60939416a56,sao paulo,sp,1,1,235.0,14.08,0,5.0,0.0565,0.0,1.0,Low Volume,Excellent,100.0,Low Risk
dff87e4de60c9736ce8df835951b09bc,sao paulo,sp,2,2,998.0,45.43,0,2.5,0.0435,0.0,1.0,Low Volume,Poor,75.0,Moderate Risk
ac1ed5fc15901fbc92920361eb4ab350,sao paulo,sp,1,1,110.25,13.79,0,1.0,0.1112,0.0,1.0,Low Volume,Poor,60.0,High Risk
f9903dd0f812c7e771fcad47b6fff231,blumenau,sc,15,10,1684.8500000000001,416.63,0,2.93,0.1983,0.0,1.0,Mid Volume,Fair,79.3,Moderate Risk
ac9b01377919cdbd2a1bbb8d5837c70b,mogi das cruzes,sp,1,1,55.9,23.54,0,3.0,0.2963,0.0,1.0,Low Volume,Fair,80.0,Moderate Risk
5011f0d93373a4c5753adf58ca77af8d,santos,sp,22,12,1009.4200000000001,381.43,4,3.55,0.2742,0.3333,0.6667,Mid Volume,Good,68.84,Moderate Risk
a4e634166243bbb3a13fa584463fa468,osasco,sp,2,2,155.55,45.629999999999995,0,2.0,0.2268,0.0,1.0,Low Volume,Poor,70.0,Moderate Risk
50bf89f1349bc0409a268c3a49678009,jaci,sp,1,1,179.9,102.57,0,5.0,0.3631,0.0,1.0,Low Volume,Excellent,100.0,Low Risk
50c9975695009e5e6473912e83a6d1da,claudio,mg,68,50,3964.4,2919.55,7,3.99,0.4241,0.14,0.86,High Volume,Good,82.9,Low Risk
42d4b7e70819438f5ada61c965e92d7e,goiania,go,3,1,49.6,51.18,0,1.0,0.5078,0.0,1.0,Low Volume,Poor,60.0,High Risk
7aa4334be125fcdd2ba64b3180029f14,laranjal paulista,sp,240,217,16234.81,4368.52,28,4.05,0.212,0.129,0.871,High Volume,Good,84.05,Low Risk
b14db04aa7881970e83ffa9426897925,sorocaba,sp,111,83,5898.6,2225.35,9,3.76,0.2739,0.1084,0.8916,High Volume,Good,82.18,Low Risk
fac1a9017ade7bdc94058fc1c969f355,sao paulo,sp,10,9,2010.84,212.07,0,4.7,0.0954,0.0,1.0,Mid Volume,Excellent,97.0,Low Risk
31ae0774c17fabd06ff707cc5bde005f,americana,sp,11,11,6719.85,850.82,1,4.0,0.1124,0.0909,0.9091,Mid Volume,Good,85.46,Low Risk
f0ec6a2adb05c62655a26dd347b8dede,sao paulo,sp,2,1,72.0,14.78,0,1.0,0.1703,0.0,1.0,Low Volume,Poor,60.0,High Risk
cc1f04647be106ba74e62b21f358af25,sao paulo,sp,1,1,11.9,8.29,0,1.0,0.4106,0.0,1.0,Low Volume,Poor,60.0,High Risk
1099a00e0ee3a50935e6c2447ca090c5,rio de janeiro,rj,3,3,849.6999999999999,61.129999999999995,1,3.67,0.0671,0.3333,0.6667,Low Volume,Good,70.04,Moderate Risk
3d700782d7818f2c1e0d7a9e9d75fc00,sertanopolis,sp,3,3,149.7,85.41,1,3.67,0.3633,0.3333,0.6667,Low Volume,Good,70.04,Moderate Risk
a3e9a2c700480d9bb01fba070ba80a0e,ibitinga,sp,144,130,13440.8,2883.09,12,4.02,0.1766,0.0923,0.9077,High Volume,Good,85.58,Low Risk
c3f5668699a1b04c0fa61ecea1e2bff6,apucarana,pr,3,3,407.81,107.12,0,5.0,0.208,0.0,1.0,Low Volume,Excellent,100.0,Low Risk
80f2cf9abf6b5a0e5c612b5eea6646e6,sao jose do rio preto,sp,7,7,766.08,288.7,1,4.43,0.2737,0.1429,0.8571,Mid Volume,Excellent,87.16,Low Risk
516e7738bd8f735ac19a010ee5450d8d,rio de janeiro,rj,84,76,6643.09,1466.23,2,4.55,0.1808,0.0263,0.9737,High Volume,Excellent,94.18,Low Risk
4fe2f67634d00c021aa01f96b6f2d68e,maringa,pr,2,2,86.8,32.04,0,5.0,0.2696,0.0,1.0,Low Volume,Excellent,100.0,Low Risk
9f505651f4a6abe901a56cdc21508025,sao paulo,sp,430,397,26361.82,6030.04,16,4.28,0.1862,0.0403,0.9597,High Volume,Excellent,90.78,Low Risk
17adeba047385fb0c67d8e90b4296d21,guarulhos,sp,3,1,809.6999999999999,287.61,0,1.0,0.2621,0.0,1.0,Low Volume,Poor,60.0,High Risk
7142540dd4c91e2237acb7e911c4eba2,penapolis,sp,331,319,37373.56,6915.6,23,4.05,0.1561,0.0721,0.9279,High Volume,Good,86.9,Low Risk
c04d70d515d15a7e3db3a73320598566,niteroi,rj,4,3,158.2,56.62,0,5.0,0.2636,0.0,1.0,Low Volume,Excellent,100.0,Low Risk
a3a38f4affed601eb87a97788c949667,joinville,sc,263,254,26533.32,5241.95,11,4.39,0.165,0.0433,0.9567,High Volume,Excellent,91.73,Low Risk
744dac408745240a2c2528fb1b6028f3,colombo,pr,84,79,22490.6,1894.42,1,4.55,0.0777,0.0127,0.9873,High Volume,Excellent,94.86,Low Risk
9b013e03b2ab786505a1d3b5c0756754,vicente de carvalho,sp,225,174,9027.4,2604.21,7,4.0,0.2239,0.0402,0.9598,High Volume,Good,87.99,Low Risk
8b9d6eec4a7eb7d0f9d579ce0b38324d,mesquita,rj,53,49,4232.54,1684.44,7,4.06,0.2847,0.1429,0.8571,High Volume,Good,83.45,Low Risk
38e679b9e0064cd94c6f035707344dae,londrina,pr,30,28,3694.5099999999998,723.59,1,3.93,0.1638,0.0357,0.9643,High Volume,Good,87.52,Low Risk
5444b12c82f21c923f2639ebc722c1ea,sao pauo,sp,1,1,169.9,9.56,0,4.0,0.0533,0.0,1.0,Low Volume,Good,90.0,Low Risk
83deb69e889cf80f82be1dc6d5f2d486,florianopolis,sc,42,40,5363.01,913.64,2,4.36,0.1456,0.05,0.95,High Volume,Excellent,91.1,Low Risk
54aa8463e87776b5612f4bdc4bd5d4de,belo horizonte,mg,7,7,649.3,123.53,0,3.86,0.1598,0.0,1.0,Mid Volume,Good,88.6,Low Risk
2e7ea2aafec5835e781b21d6d1faf1f1,sao paulo,sp,7,7,528.4,118.22,1,4.5,0.1828,0.1429,0.8571,Mid Volume,Excellent,87.85,Low Risk
79ebd9a61bac3eaf882805ed4ecfa12a,cascavel,pr,143,136,15092.79,4012.35,6,4.0,0.21,0.0441,0.9559,High Volume,Good,87.8,Low Risk
1cbd50a8c52e6cf8e315c5709fab386f,fazenda rio grande,pr,9,9,785.97,220.69,1,3.78,0.2192,0.1111,0.8889,Mid Volume,Good,82.24,Low Risk
e503f22be6a4f456d9851920a5d9c670,sao paulo,sp,2,2,198.9,32.44,0,4.0,0.1402,0.0,1.0,Low Volume,Good,90.0,Low Risk
88af55b4a7ca402b27df16f7c7c9b5d2,taboao da serra,sp,1,1,130.0,11.52,0,1.0,0.0814,0.0,1.0,Low Volume,Poor,60.0,High Risk
5f3ae9136c875522250f8184f253413a,sao paulo,sp,46,43,1158.0,615.76,2,4.58,0.3471,0.0465,0.9535,High Volume,Excellent,93.48,Low Risk
b026643914f651e8371425e5b8a1e780,rio de janeiro,rj,1,1,27.9,15.1,0,5.0,0.3512,0.0,1.0,Low Volume,Excellent,100.0,Low Risk
26af45f5dfd967225a832838aa4e24a3,curitiba,pr,11,10,573.1,198.51,0,4.18,0.2573,0.0,1.0,Mid Volume,Good,91.8,Low Risk
9dd459b29a14bf89d47183cf2cd0e4c7,sao paulo,sp,2,2,180.0,18.82,1,5.0,0.0947,0.5,0.5,Low Volume,Excellent,75.0,Moderate Risk
8e6d7754bc7e0f22c96d255ebda59eba,sao jose dos campos,sp,130,85,14497.27,1715.24,13,2.97,0.1058,0.1529,0.8471,High Volume,Fair,72.06,Moderate Risk
e250d617a0ad591ba9bd663e584a895d,guarulhos,sp,20,8,904.12,300.79,0,2.8,0.2496,0.0,1.0,Mid Volume,Fair,78.0,Moderate Risk
92c8bc6e8f925792247656fed09aad65,sao paulo,sp,3,3,259.7,39.870000000000005,1,2.33,0.1331,0.3333,0.6667,Low Volume,Poor,56.64,High Risk
e53d5b9b29d1218281f4a907ada18626,toledo,pr,5,4,350.67,133.25,0,4.8,0.2754,0.0,1.0,Mid Volume,Excellent,98.0,Low Risk
3ca08eeb8d5595949fed424bd3677742,curitiba,pr,14,14,1768.8700000000001,466.23,0,4.43,0.2086,0.0,1.0,High Volume,Excellent,94.3,Low Risk
cbd996ad3c1b7dc71fd0e5f5df9087e2,sao jose do rio preto,sp,196,165,8411.04,2873.92,15,4.08,0.2547,0.0909,0.9091,High Volume,Good,86.26,Low Risk
8daab2245ebdc277c51098d01c5ad8ef,sao paulo,sp,16,16,1604.59,284.05,0,4.62,0.1504,0.0,1.0,High Volume,Excellent,96.2,Low Risk
15b3b1b81484422eb41df68ac87f1f50,bauru,sp,2,2,78.35,24.54,0,1.0,0.2385,0.0,1.0,Low Volume,Poor,60.0,High Risk
e067ad2c1c0b48758eb1b5228bcf7a68,santos,sp,61,54,5042.55,1005.36,4,4.13,0.1662,0.0741,0.9259,High Volume,Good,87.6,Low Risk
f626e15b7314c267e4429010866f70e9,marechal candido rondon,sp,7,5,193.54999999999998,125.47,0,4.14,0.3933,0.0,1.0,Mid Volume,Good,91.4,Low Risk
f1fd5ab1181f827ffad998c1a5de7d74,curitiba,pr,15,15,7045.99,831.97,0,4.67,0.1056,0.0,1.0,High Volume,Excellent,96.7,Low Risk
a7c88262832dfc683781d6a421edefae,mogi das cruzes,sp,5,5,1520.0,82.42,0,4.2,0.0514,0.0,1.0,Mid Volume,Good,92.0,Low Risk
6b1c4d4d9ccf0be3d8544eb0e71e5318,porto alegre,rs,1,1,1699.0,60.04,0,5.0,0.0341,0.0,1.0,Low Volume,Excellent,100.0,Low Risk
4e85b538b0dad58852641540686d0e14,sao jose dos campos,sp,4,4,361.97999999999996,74.36,2,3.75,0.1704,0.5,0.5,Mid Volume,Good,62.5,Moderate Risk
093805f8f2aeb63881444571e1f48f30,osasco,sp,27,22,1215.79,343.94,1,3.81,0.2205,0.0455,0.9545,High Volume,Good,85.82,Low Risk
5acd070dd3fe441bbb2ec1f1ede515ee,jundiai,sp,8,7,764.17,122.2,3,2.75,0.1379,0.4286,0.5714,Mid Volume,Fair,56.07,High Risk
3c010235b7345c92f125d14ee232a76b,mandirituba,pr,15,15,3578.0,427.32,0,4.67,0.1067,0.0,1.0,High Volume,Excellent,96.7,Low Risk
cb9fb4ca75d7ba8437480e8dde64fe98,sao paulo,sp,10,10,532.14,173.42000000000002,0,4.0,0.2458,0.0,1.0,Mid Volume,Good,90.0,Low Risk
ce33c6211beaa8fef4cae8b52db39862,suzano,sp,1,1,49.0,14.52,0,3.0,0.2286,0.0,1.0,Low Volume,Fair,80.0,Moderate Risk
081acf3de680d554796c9cf041be7bc2,vespasiano,mg,8,4,1597.3,205.5,1,4.12,0.114,0.25,0.75,Mid Volume,Good,78.7,Moderate Risk
6989574bd97d9773f10d232b6c07da59,curitiba,pr,7,7,2478.3999999999996,321.1,0,4.86,0.1147,0.0,1.0,Mid Volume,Excellent,98.6,Low Risk
535bf14f36346c7f59d87cece104d70c,rio de janeiro,rj,1,1,50.0,7.77,0,4.0,0.1345,0.0,1.0,Low Volume,Good,90.0,Low Risk
8501d82f68d23148b6d78bb7c4a42037,blumenau,sc,1,1,19.7,10.96,0,1.0,0.3575,0.0,1.0,Low Volume,Poor,60.0,High Risk
7f02656561b680def9986c0795a8a080,sao paulo,sp,2,2,84.0,27.83,0,3.0,0.2489,0.0,1.0,Low Volume,Fair,80.0,Moderate Risk
57a834594e1e9e9219603bfec184eadc,santa rosa,rs,1,1,139.0,27.05,0,5.0,0.1629,0.0,1.0,Low Volume,Excellent,100.0,Low Risk
8fd3b4468f6425810648177996c14cbd,sao jose do rio preto,sp,1,1,354.9,21.67,0,5.0,0.0575,0.0,1.0,Low Volume,Excellent,100.0,Low Risk
6d803cb79cc31c41c4c789a75933b3c7,sao joaquim da barra,sp,66,58,8711.4,1213.67,4,4.28,0.1223,0.069,0.931,High Volume,Excellent,89.35,Low Risk
5f2684dab12e59f83bef73ae57724e45,sao paulo,sp,74,68,9000.87,1122.19,4,3.77,0.1109,0.0588,0.9412,High Volume,Good,84.76,Low Risk
713e3a23ca5e47786eb6f0d99f94cfac,curitiba,pr,4,4,1126.0,87.03,0,4.75,0.0717,0.0,1.0,Mid Volume,Excellent,97.5,Low Risk
f97e2b0650c2068227e1d366140eb62f,santo antonio de posse,sp,21,16,3654.0,1011.98,1,3.65,0.2169,0.0625,0.9375,High Volume,Good,83.38,Low Risk
8b321bb669392f5163d04c59e235e066,sao paulo,sp,1018,943,17535.69,14156.36,87,4.0,0.4467,0.0923,0.9077,High Volume,Good,85.38,Low Risk
32f83ffe11cd40f7adcf4eef171f52d9,uruguaiana,rs,1,1,29.99,15.1,0,5.0,0.3349,0.0,1.0,Low Volume,Excellent,100.0,Low Risk
76d64c4aca3a7baf218bf93ef7fa768d,curitiba,pr,69,64,16911.8,3543.4900000000002,2,4.12,0.1732,0.0312,0.9688,High Volume,Good,89.64,Low Risk
d06d019f72a04e5497a0b64190af170c,cotia,sp,17,17,2415.93,225.51,0,4.53,0.0854,0.0,1.0,High Volume,Excellent,95.3,Low Risk
ec80e49e69745ab6c14f984bf2149423,limeira,sp,12,12,3709.0,188.31,1,4.0,0.0483,0.0833,0.9167,Mid Volume,Good,85.84,Low Risk
f8f35af4634605e6693c17cc3ffff5a8,campanha,mg,1,1,90.0,16.39,0,5.0,0.1541,0.0,1.0,Low Volume,Excellent,100.0,Low Risk
004c9cd9d87a3c30c522c48c4fc07416,ibitinga,sp,170,158,19712.71,3551.23,10,4.14,0.1526,0.0633,0.9367,High Volume,Good,88.24,Low Risk
3bdff180c7e1f6551a643b99c265a120,sao paulo,sp,61,59,3114.9,1046.96,2,4.02,0.2516,0.0339,0.9661,High Volume,Good,88.5,Low Risk
6b89abe95848c850399130d149a39b63,piracanjuba,go,8,8,1135.2,330.53,0,4.38,0.2255,0.0,1.0,Mid Volume,Excellent,93.8,Low Risk
aced59e9b31ef866a94f9e7f29d8d418,sao paulo,sp,67,61,7268.5,1047.3,2,4.45,0.1259,0.0328,0.9672,High Volume,Excellent,92.86,Low Risk
b4f8921fcc4ff77b66bea6dda43dcd51,caxias do sul,rs,20,18,11395.05,1468.3600000000001,1,4.6,0.1142,0.0556,0.9444,High Volume,Excellent,93.22,Low Risk
d2572f31e9023e9850ef986a636ff9bf,belo horizonte,mg,1,1,279.0,26.69,0,5.0,0.0873,0.0,1.0,Low Volume,Excellent,100.0,Low Risk
c731d18cea9bf687ffee82a241c25b11,concordia,sc,26,24,3662.0,610.65,0,3.96,0.1429,0.0,1.0,High Volume,Good,89.6,Low Risk
3dc69bf2c42f0568a5c4791ec3fd3745,sao paulo,sp,2,2,300.0,34.43,0,4.0,0.103,0.0,1.0,Low Volume,Good,90.0,Low Risk
d8d9567d0bfb0bc7eb845a205ba42657,sao paulo,sp,4,4,74.6,59.71,1,3.5,0.4446,0.25,0.75,Mid Volume,Fair,72.5,Moderate Risk
0daf5180aa44356f60f8effa533b55a2,goiania,go,2,2,144.8,38.83,0,5.0,0.2115,0.0,1.0,Low Volume,Excellent,100.0,Low Risk
5194c22ed1f616ec0c0f33c571542879,santa rita do sapucai,mg,4,4,245.6,80.85,0,4.25,0.2477,0.0,1.0,Mid Volume,Excellent,92.5,Low Risk
fe8055980a4ff7f64ed889c2b5926929,curitiba,pr,3,3,196.70000000000002,53.28,0,4.67,0.2131,0.0,1.0,Low Volume,Excellent,96.7,Low Risk
c42fd8e4d47dfb18ce5222f2dd7752f9,osasco,sp,11,7,466.99,161.64000000000001,5,4.0,0.2571,0.7143,0.2857,Mid Volume,Good,54.28,High Risk
671585f5a2af58b6e276bc01003c0d2b,curitiba,pr,27,27,1244.0,448.11,0,4.7,0.2648,0.0,1.0,High Volume,Excellent,97.0,Low Risk
2dd1fb6f0e42a2243b8a01e40cd41216,curitiba,pr,5,4,845.89,96.84,0,2.6,0.1027,0.0,1.0,Mid Volume,Fair,76.0,Moderate Risk
a7c53f6b3b61adbdaa99dda97e8cbd56,barretos,sp,1,1,99.0,11.3,0,4.0,0.1024,0.0,1.0,Low Volume,Good,90.0,Low Risk
a11a0e0ca67423425691db355cff69b0,indaiatuba,sp,2,2,448.9,28.080000000000002,0,5.0,0.0589,0.0,1.0,Low Volume,Excellent,100.0,Low Risk
5bffbafbb22daf6d3bfc216a46db8708,nilopolis,rj,23,21,5239.7,454.5,0,4.7,0.0798,0.0,1.0,High Volume,Excellent,97.0,Low Risk
fc0b214b59a83615fea981c6424a02ae,maua,sp,1,1,159.9,12.14,0,5.0,0.0706,0.0,1.0,Low Volume,Excellent,100.0,Low Risk
011b0eaba87386a2ae96a7d32bb531d1,pompeia,sp,2,1,99.98,29.18,0,4.0,0.2259,0.0,1.0,Low Volume,Good,90.0,Low Risk
43753b27d77860f1654aa72e251a7878,barro alto,ba,1,1,23.9,42.38,0,5.0,0.6394,0.0,1.0,Low Volume,Excellent,100.0,Low Risk
822b63912576852aea9a8436d72317b7,mogi guacu,sp,9,8,4905.6900000000005,191.38,0,4.0,0.0375,0.0,1.0,Mid Volume,Good,90.0,Low Risk
a3fa18b3f688ec0fca3eb8bfcbd2d5b3,sao paulo,sp,2,1,47.8,36.46,0,5.0,0.4327,0.0,1.0,Low Volume,Excellent,100.0,Low Risk
5587130f9850696ed7fafbc91c2cee44,sao paulo,sp,2,2,69.8,33.69,0,5.0,0.3255,0.0,1.0,Low Volume,Excellent,100.0,Low Risk
9c1c0c36cd23c20897e473901a8fb149,praia grande,sp,7,6,544.97,172.07,0,5.0,0.24,0.0,1.0,Mid Volume,Excellent,100.0,Low Risk
34a557286ead8fe75c989e0afcf7d98c,franca,sp,4,4,414.9,58.56,0,4.75,0.1237,0.0,1.0,Mid Volume,Excellent,97.5,Low Risk
c716e0b86ed568878475b60fbb6323ad,rio de janeiro,sp,1,1,35.0,15.23,0,5.0,0.3032,0.0,1.0,Low Volume,Excellent,100.0,Low Risk
455c5640e8c5bd1b2ee85c0158f85727,luiz alves,sc,8,8,6729.5,457.39,0,4.5,0.0636,0.0,1.0,Mid Volume,Excellent,95.0,Low Risk
87d30a6a0cbf89356e49324971ab1d24,sao paulo,sp,17,17,2134.13,215.78,1,4.35,0.0918,0.0588,0.9412,High Volume,Excellent,90.56,Low Risk
217f005bb37ff3aeef5b2ae1788e75ba,osasco,sp,3,3,74.97,45.25,0,3.33,0.3764,0.0,1.0,Low Volume,Fair,83.3,Low Risk
cac4e0bc1a3269fa2b6ea5e763f6115b,brusque,sc,3,2,57.88,50.14,0,5.0,0.4642,0.0,1.0,Low Volume,Excellent,100.0,Low Risk
8ec76bb0965af3f007692b26fa9d6623,criciuma,sc,1,1,1999.0,29.75,0,5.0,0.0147,0.0,1.0,Low Volume,Excellent,100.0,Low Risk
aba1721a889e04decc910aa13b768ef4,sao paulo,sp,92,83,14103.3,1249.17,6,4.46,0.0814,0.0723,0.9277,High Volume,Excellent,90.98,Low Risk
7238f877570096ae403c51898fa64566,santana de parnaiba,sp,3,3,1200.0,49.519999999999996,0,5.0,0.0396,0.0,1.0,Low Volume,Excellent,100.0,Low Risk
044668ccd5316b12a7cf0d54a156e3e9,osasco,sp,4,3,137.8,53.55,0,5.0,0.2799,0.0,1.0,Low Volume,Excellent,100.0,Low Risk
643c01d7c56a724bec0454f4780e8a3e,joinville,sc,2,2,205.55,41.1,0,4.5,0.1666,0.0,1.0,Low Volume,Excellent,95.0,Low Risk
cab85505710c7cb9b720bceb52b01cee,sao paulo,sp,209,206,11389.1,2906.14,4,4.29,0.2033,0.0194,0.9806,High Volume,Excellent,91.93,Low Risk
312ba1d77e9c332ef21f9598b7f64cd7,guarulhos,sp,10,9,756.0,132.05,4,2.7,0.1487,0.4444,0.5556,Mid Volume,Fair,54.78,High Risk
8c3b533c63cca56240f94f1e3a6b18ef,belo horizonte,mg,8,5,3312.16,989.61,4,1.33,0.23,0.8,0.2,Mid Volume,Poor,23.3,High Risk
1fdc574883ef3b33ad41562d93f3a74a,limeira,sp,18,18,4251.0,273.27,1,4.44,0.0604,0.0556,0.9444,High Volume,Excellent,91.62,Low Risk
9a03a4e9eb0b947652fae4f6121a3f5e,catanduva,sp,7,7,1497.0,185.22,0,3.86,0.1101,0.0,1.0,Mid Volume,Good,88.6,Low Risk
33cbda8716511e27e556dff9d8418bf2,blumenau,sc,6,5,507.40000000000003,108.17,0,4.83,0.1757,0.0,1.0,Mid Volume,Excellent,98.3,Low Risk
6cd68b3ed6d59aaa9fece558ad360c0a,belo horizonte,mg,157,149,11188.57,2529.89,2,4.45,0.1844,0.0134,0.9866,High Volume,Excellent,93.83,Low Risk
3df020b72d3d44b3af9d110fa3940b65,jales,sp,101,55,5039.9,1709.57,10,3.95,0.2533,0.1818,0.8182,High Volume,Good,80.41,Low Risk
537eb890efff034a88679788b647c564,rio de janeiro,rj,173,160,4679.7,2499.2,6,4.16,0.3481,0.0375,0.9625,High Volume,Good,89.72,Low Risk
89de2d6f23e9746ff309705b23581faa,londrina,pr,8,8,340.0,160.08,0,2.71,0.3201,0.0,1.0,Mid Volume,Fair,77.1,Moderate Risk
c611f4ce9ce875bcc063fa97fd4d7d12,atibaia,sp,1,1,319.0,13.25,1,4.0,0.0399,1.0,0.0,Low Volume,Good,40.0,High Risk
4be2e7f96b4fd749d52dff41f80e39dd,rio branco,ac,1,1,267.0,32.84,0,1.0,0.1095,0.0,1.0,Low Volume,Poor,60.0,High Risk
3bfba5a77604f6dfae7e6dd7aaf65821,londrina,pr,4,4,2095.5,122.69,0,5.0,0.0553,0.0,1.0,Mid Volume,Excellent,100.0,Low Risk
48fb026ed7455a42f5d3e9390ed5088e,barra mansa,rj,11,11,555.71,223.43,0,2.64,0.2868,0.0,1.0,Mid Volume,Fair,76.4,Moderate Risk
0d33a55da925bbf1ff02af5f6059fc7f,sao paulo,sp,24,22,547.3,385.61,1,4.5,0.4133,0.0455,0.9545,High Volume,Excellent,92.72,Low Risk
cea729054f157f5870bdd321a958d994,sao paulo,sp,26,24,2482.1,349.52,1,4.19,0.1234,0.0417,0.9583,High Volume,Good,89.82,Low Risk
955fee9216a65b617aa5c0531780ce60,sao paulo,sp,1499,1287,135171.7,25430.98,95,4.05,0.1583,0.0738,0.9262,High Volume,Good,86.81,Low Risk
0f0c984a4a955310903b6b6008660bad,franca,sp,4,4,369.81,111.57,0,3.75,0.2318,0.0,1.0,Mid Volume,Good,87.5,Low Risk
f805b96fa705ba7995a221f1749dc141,maringa,pr,7,7,2744.44,242.43,0,4.43,0.0812,0.0,1.0,Mid Volume,Excellent,94.3,Low Risk
751bdc4d83a466c7206cd42e8f426b03,ribeirao pires,sp,71,54,6648.93,1054.81,1,3.62,0.1369,0.0185,0.9815,High Volume,Good,85.28,Low Risk
2f4b0d3b9634b647d4edee577d7ebb7e,sao paulo,sp,11,10,337.9,84.41,0,4.91,0.1999,0.0,1.0,Mid Volume,Excellent,99.1,Low Risk
ba5daa4041e1f15cdf34b76e3e18a450,sao paulo,sp,15,15,806.8000000000001,152.55,0,4.27,0.159,0.0,1.0,High Volume,Excellent,92.7,Low Risk
6e386f64c84e482f0b9abf960797ee1b,sao paulo,sp,30,30,12938.3,625.36,2,4.61,0.0461,0.0667,0.9333,High Volume,Excellent,92.76,Low Risk
83c465a786b06574376909b35ef6752a,sao carlos,sp,3,3,281.4,49.06,0,5.0,0.1485,0.0,1.0,Low Volume,Excellent,100.0,Low Risk
d93b8458c6fe139d85cfa5eadbf55bd2,sao paulo,sp,1,1,19.9,14.1,0,5.0,0.4147,0.0,1.0,Low Volume,Excellent,100.0,Low Risk
71592660bbcb6a4664e97b6f8b68babc,sao jose do rio preto,sp,7,6,2027.18,173.37,0,4.43,0.0788,0.0,1.0,Mid Volume,Excellent,94.3,Low Risk
6a53b90c3ad9e0b56d9fe5c69165fff5,curitiba,pr,4,2,139.78,55.0,0,3.5,0.2824,0.0,1.0,Low Volume,Fair,85.0,Low Risk
38f276ca6e7cc95a6d1bb55ac9e5550f,marilia,sp,1,1,24.99,11.85,0,5.0,0.3217,0.0,1.0,Low Volume,Excellent,100.0,Low Risk
eae9af4811c294c56795d70e715b7337,sao paulo,sp,1,1,15.9,11.11,0,5.0,0.4113,0.0,1.0,Low Volume,Excellent,100.0,Low Risk
039b29ff3b3473435d0cd59040575de9,ribeirao pires,sp,9,9,114.9,100.65,0,4.44,0.4669,0.0,1.0,Mid Volume,Excellent,94.4,Low Risk
ac51cac5e20d69ff485a54746488ef48,ribeirao preto,sp,4,4,759.9,73.87,0,3.5,0.0886,0.0,1.0,Mid Volume,Fair,85.0,Low Risk
4221a7df464f1fe2955934e30ff3a5a1,bahia,ba,5,5,849.5,239.54,0,4.8,0.22,0.0,1.0,Mid Volume,Excellent,98.0,Low Risk
48e954b2da4f6a750c844173b347ed40,porto alegre,rs,6,2,397.79999999999995,159.01,0,4.17,0.2856,0.0,1.0,Low Volume,Good,91.7,Low Risk
fc4751cfe3b279c419615b9b00c1abb4,londrina,pr,1,1,453.7,17.35,0,5.0,0.0368,0.0,1.0,Low Volume,Excellent,100.0,Low Risk
e1a210d482714ce337763a19aef94ba4,cascavel,pr,1,1,49.9,26.61,0,1.0,0.3478,0.0,1.0,Low Volume,Poor,60.0,High Risk
085f6f7e049c996695fb2074fe38d45e,taubate,sp,8,6,305.4,130.56,0,3.62,0.2995,0.0,1.0,Mid Volume,Good,86.2,Low Risk
34675b28b826facfde119785bf287dc1,cascavael,pr,1,1,21.99,15.1,0,4.0,0.4071,0.0,1.0,Low Volume,Good,90.0,Low Risk
7d7866a99a8656a42c7ff6352a433410,sao paulo,sp,5,5,147.89,59.49,0,4.4,0.2869,0.0,1.0,Mid Volume,Excellent,94.0,Low Risk
5a93f3ab0ef4c84ed5e1b5dbf23978bc,monteiro lobato,sp,44,39,2338.25,697.14,1,4.73,0.2297,0.0256,0.9744,High Volume,Excellent,96.02,Low Risk
64cc804291f90c81f02bfc2bb58ff55a,curitiba,pr,2,2,517.6,46.54,0,5.0,0.0825,0.0,1.0,Low Volume,Excellent,100.0,Low Risk
5f57db27027655e6c6a391601daa0258,viana,es,1,1,98.0,53.04,0,5.0,0.3512,0.0,1.0,Low Volume,Excellent,100.0,Low Risk
e1b12447a7563944843191754aeb5562,guarulhos,sp,10,9,472.46000000000004,126.67,3,4.5,0.2114,0.3333,0.6667,Mid Volume,Excellent,78.34,Moderate Risk
2f3d8b4c9e2ee165075331fea3f3095a,sao jose,sc,1,1,130.0,17.35,0,5.0,0.1177,0.0,1.0,Low Volume,Excellent,100.0,Low Risk
1fe5540d7c1c37a595fefbacd5570d9e,paraiba do sul,rj,25,20,4537.6,581.15,1,4.28,0.1135,0.05,0.95,High Volume,Excellent,90.3,Low Risk
d3f39f05462b79a4562d35893a28f159,mococa,sp,38,34,2411.3,557.47,5,3.37,0.1878,0.1471,0.8529,High Volume,Fair,76.34,Moderate Risk
528ce32f560edd11add4169f6a5b65be,sao roque,sp,2,2,59.8,15.3,0,5.0,0.2037,0.0,1.0,Low Volume,Excellent,100.0,Low Risk
b86a47b3366e3b5424a7b225781f4908,passos,mg,1,1,86.5,19.85,0,3.0,0.1866,0.0,1.0,Low Volume,Fair,80.0,Moderate Risk
0176f73cc1195f367f7b32db1e5b3aa8,ibitinga,sp,39,38,4733.1,1287.01,4,4.03,0.2138,0.1053,0.8947,High Volume,Good,85.04,Low Risk
01cf7e3d21494c41fb86034f2e714fa1,francisco beltrao,pr,67,61,9729.36,2008.82,3,4.21,0.1711,0.0492,0.9508,High Volume,Excellent,89.64,Low Risk
ceaec5548eefc6e23e6607c5435102e7,sao paulo,sp,211,203,52917.18,6331.84,10,4.15,0.1069,0.0493,0.9507,High Volume,Good,89.04,Low Risk
c8771b1a10bb99bb34d3c459c5cffb53,tocantins,sp,1,1,64.9,31.2,0,5.0,0.3247,0.0,1.0,Low Volume,Excellent,100.0,Low Risk
2d42ebcda99fd55f6f4bc2f1ca035d50,uruacu,go,11,10,921.5,282.47,0,4.0,0.2346,0.0,1.0,Mid Volume,Good,90.0,Low Risk
e9bc59e7b60fc3063eb2290deda4cced,maringa,pr,269,216,34343.06,4688.5,25,3.94,0.1201,0.1157,0.8843,High Volume,Good,83.62,Low Risk
13d95f0f6f73943d4ceffad0fc2cd32c,goiania,go,1,1,249.99,59.33,1,3.0,0.1918,1.0,0.0,Low Volume,Fair,30.0,High Risk
6f229cc508fc6915ed5c499efd93baa4,rio de janeiro,rj,14,13,2654.8,333.88,2,4.43,0.1117,0.1538,0.8462,Mid Volume,Excellent,86.61,Low Risk
83f2b4881141ce3fcd4e985125d3279e,ribeirao preto,sp,3,3,60.7,40.68,0,5.0,0.4013,0.0,1.0,Low Volume,Excellent,100.0,Low Risk
c8c1bea22194a4eefa2dc9a9fa89f536,porto belo,sc,13,7,1266.0,292.73,0,5.0,0.1878,0.0,1.0,Mid Volume,Excellent,100.0,Low Risk
b0b346d3a89f5eb4c2968af3f083cd43,campinas,sp,12,11,614.0,212.60000000000002,3,3.08,0.2572,0.2727,0.7273,Mid Volume,Fair,67.16,Moderate Risk
a0415d9b25ede3c4b1e477e9916ffc03,nova iguacu,rj,10,10,4044.1,203.88,0,3.9,0.048,0.0,1.0,Mid Volume,Good,89.0,Low Risk
3dfd3dc96f7f8598eca74e9ac8a2fa31,sao paulo,sp,6,6,183.0,75.7,1,4.0,0.2926,0.1667,0.8333,Mid Volume,Good,81.66,Low Risk
e5545d4d4473876ea78c5bcebca365c3,marilia,sp,1,1,44.5,12.97,0,5.0,0.2257,0.0,1.0,Low Volume,Excellent,100.0,Low Risk
fa1a9dec3a9940c072684a46728bf1fc,icara,sc,60,55,6674.0,1201.71,0,3.98,0.1526,0.0,1.0,High Volume,Good,89.8,Low Risk
6ddc28b61be28373b4503a1f61cf98a9,sao paulo,sp,11,11,1732.9,167.19,1,4.18,0.088,0.0909,0.9091,Mid Volume,Good,87.26,Low Risk
c5ebe6598748b0aeaa61cfb820478b92,lajeado,rs,3,3,297.0,40.17,0,4.67,0.1191,0.0,1.0,Low Volume,Excellent,96.7,Low Risk
5670f4db5b62c43d542e1b2d56b0cf7c,sao paulo,sp,22,22,6630.09,582.5600000000001,1,4.41,0.0808,0.0455,0.9545,High Volume,Excellent,91.82,Low Risk
e1c76f339ebd5460999f25a2aa8c92c5,sao paulo,sp,1,1,899.9,28.8,0,5.0,0.031,0.0,1.0,Low Volume,Excellent,100.0,Low Risk
cb8bcce248bb1fb274ba762d8b971456,santa rita do sapucai,mg,69,68,9402.2,1232.82,1,4.26,0.1159,0.0147,0.9853,High Volume,Excellent,91.86,Low Risk
6524b847b982cd56bb5d4b02b776ee42,campinas,sp,2,1,779.8,55.14,2,4.0,0.066,2.0,-1.0,Low Volume,Good,-10.0,High Risk
610f72e407cdd7caaa2f8167b0163fd8,sao paulo,sp,17,16,13585.16,844.29,2,3.71,0.0585,0.125,0.875,High Volume,Good,80.85,Low Risk
b6d44737c043328708f6749c2dbe50bd,santo andre,sp,80,62,5369.6,1565.6,4,4.53,0.2257,0.0645,0.9355,High Volume,Excellent,92.08,Low Risk
972d0f9cf61b499a4812cf0bfa3ad3c4,brusque,sc,88,83,8089.29,2151.3,10,2.96,0.2101,0.1205,0.8795,High Volume,Fair,73.57,Moderate Risk
8c91bfea4263b8fba54081460693e2a1,horizontina,rs,2,2,739.0,46.75,0,5.0,0.0595,0.0,1.0,Low Volume,Excellent,100.0,Low Risk
38af8acfd46ac4a7bf754e8ca6736664,sao paulo,sp,5,5,345.0,52.94,0,4.8,0.133,0.0,1.0,Mid Volume,Excellent,98.0,Low Risk
d90fe2229fee1a5da999ccd0c06c1667,sao paulo,sp,3,3,450.0,66.91,0,4.67,0.1294,0.0,1.0,Low Volume,Excellent,96.7,Low Risk
75fdd0a732287f9497b179f6bd445d32,maua,sp,1,1,59.9,16.18,0,5.0,0.2127,0.0,1.0,Low Volume,Excellent,100.0,Low Risk
5b2e94f2c22b39ccc24d34ad0f669672,sao paulo,sp,10,10,949.78,390.36,1,4.9,0.2913,0.1,0.9,Mid Volume,Excellent,94.0,Low Risk
9ac75591b69c3402684b6ce0310f22ee,sao paulo,sp,1,1,60.5,9.17,0,5.0,0.1316,0.0,1.0,Low Volume,Excellent,100.0,Low Risk
e5bd51692380fd8cabb19b756b95e714,santo andre,sp,3,3,119.69999999999999,33.34,2,2.33,0.2179,0.6667,0.3333,Low Volume,Poor,39.97,High Risk
cfb1a033743668a192316f3c6d1d2671,votorantim,sp,184,147,12803.64,3432.56,16,3.96,0.2114,0.1088,0.8912,High Volume,Good,84.16,Low Risk
adcf50477d6a1f5d91bb9d54c4903cb5,claudio,mg,38,19,1425.14,798.66,5,3.13,0.3591,0.2632,0.7368,High Volume,Fair,68.14,Moderate Risk
8476243f92442881ddd5b578975cf115,campo bom,rs,12,12,7838.0,275.03,1,4.08,0.0339,0.0833,0.9167,Mid Volume,Good,86.64,Low Risk
f2336e113377dd21c744d9c4fc8293a9,sao paulo,sp,4,4,3563.0,199.07999999999998,0,4.25,0.0529,0.0,1.0,Mid Volume,Excellent,92.5,Low Risk
f25e239052084705e17a982bc600ab2a,sao paulo,sp,8,8,7380.0,405.48,0,4.25,0.0521,0.0,1.0,Mid Volume,Excellent,92.5,Low Risk
714b9a1332840f257b49f476bea4e341,monte alto,sp,6,6,1499.94,158.15,2,3.33,0.0954,0.3333,0.6667,Mid Volume,Fair,66.64,Moderate Risk
89d9a386b0b6e5fc8403071b03f7206a,sao paulo,sp,5,2,167.0,68.25,0,3.4,0.2901,0.0,1.0,Low Volume,Fair,84.0,Low Risk
bd15ee794d5e640d9dd71b665b2ab15b,ribeirao preto,sp,12,12,374.79999999999995,219.32999999999998,2,4.0,0.3692,0.1667,0.8333,Mid Volume,Good,81.66,Low Risk
f326006815956455b2859abd58fe7e39,fernandopolis,sp,30,9,3147.16,666.02,0,4.7,0.1747,0.0,1.0,Mid Volume,Excellent,97.0,Low Risk
bac692d6c0ed08467878018e6cc9c26c,blumenau,sc,3,1,477.0,82.23,0,4.0,0.147,0.0,1.0,Low Volume,Good,90.0,Low Risk
6a51fc556dab5f766ced6fbc860bc613,marilia,sp,33,26,7577.67,792.58,2,3.94,0.0947,0.0769,0.9231,High Volume,Good,85.56,Low Risk
a90a5da8b09e44264a177c0374a5ac87,ponta grossa,pr,3,3,74.69999999999999,72.6,0,4.33,0.4929,0.0,1.0,Low Volume,Excellent,93.3,Low Risk
ea6b12bf9ffe2bac34602ec631d97a47,guarulhos,sp,11,11,2625.7999999999997,205.52,0,4.09,0.0726,0.0,1.0,Mid Volume,Good,90.9,Low Risk
dc64d75cc406bb0697be983831430e60,belo horizonte,mg,4,4,813.0,92.55000000000001,0,4.75,0.1022,0.0,1.0,Mid Volume,Excellent,97.5,Low Risk
fa7ad8ae9bcb2c4493fdf38e96b1d74f,pedreira,sp,2,1,88.0,23.7,0,1.0,0.2122,0.0,1.0,Low Volume,Poor,60.0,High Risk
d1ef48b38baca7e831711c4a0aeb398f,apucarana,pr,35,29,1469.1200000000001,675.5699999999999,3,4.43,0.315,0.1034,0.8966,High Volume,Excellent,89.13,Low Risk
67e43d802fde8cfd3f9580124f8167d1,guarulhos,sp,3,2,36.0,42.36,0,1.0,0.5406,0.0,1.0,Low Volume,Poor,60.0,High Risk
f18112da765e0971ca5d510dec322bdd,brusque,sc,2,2,327.8,82.95,0,4.0,0.2019,0.0,1.0,Low Volume,Good,90.0,Low Risk
259f7b5e6e482c230e5bfaa670b6bb8f,poa,sp,165,138,8526.04,2739.21,2,4.21,0.2432,0.0145,0.9855,High Volume,Excellent,91.38,Low Risk
dd7ddc04e1b6c2c614352b383efe2d36,sao paulo,sp,143,122,9178.51,2893.4900000000002,16,3.76,0.2397,0.1311,0.8689,High Volume,Good,81.04,Low Risk
f457c46070d02cadd8a68551231220dd,maringa,pr,234,199,19093.0,3714.22,13,3.77,0.1629,0.0653,0.9347,High Volume,Good,84.44,Low Risk
5962468f885ea01a1b6a97a218797b0a,curitiba,pr,9,8,791.0,137.04,0,3.75,0.1477,0.0,1.0,Mid Volume,Good,87.5,Low Risk
1f50f920176fa81dab994f9023523100,sao jose do rio preto,sp,1931,1404,106939.20999999999,35165.770000000004,150,3.99,0.2475,0.1068,0.8932,High Volume,Good,84.56,Low Risk
2b1a40c1daabc6ca280c4b815c101841,divinopolis,mg,35,23,12732.6,1902.28,1,3.63,0.13,0.0435,0.9565,High Volume,Good,84.12,Low Risk
26b482dccfa29bd2e40703ba45523702,santa barbara doeste,sp,4,3,344.78,67.63,0,5.0,0.164,0.0,1.0,Low Volume,Excellent,100.0,Low Risk
f356c348fbc8df6a882823e21f5ce8b7,canoas,rs,2,2,195.18,30.47,0,2.5,0.135,0.0,1.0,Low Volume,Poor,75.0,Moderate Risk
2ba91c7ad80ff88b23b7db823b43c233,itu,sp,6,6,740.4,99.93,1,3.83,0.1189,0.1667,0.8333,Mid Volume,Good,79.96,Moderate Risk
3d0cd21d41671c46f82cd11176bf7277,joinville,sc,11,9,447.8,174.57999999999998,0,4.73,0.2805,0.0,1.0,Mid Volume,Excellent,97.3,Low Risk
d93919c944be9cff128f6c9cb899eacb,mombuca,sp,33,33,2666.7000000000003,957.31,5,4.0,0.2642,0.1515,0.8485,High Volume,Good,82.43,Low Risk
f7ba60f8c3f99e7ee4042fdef03b70c4,sao bernardo do campo,sp,230,219,68395.0,4341.01,30,4.2,0.0597,0.137,0.863,High Volume,Good,85.15,Low Risk
0ee4fb99ac55ffbbc98795aa01b7f8fa,santana de parnaiba,sp,1,1,59.9,11.03,0,5.0,0.1555,0.0,1.0,Low Volume,Excellent,100.0,Low Risk
c5f7e746b7e6d07def6c0dae9903279b,curitiba,pr,11,10,1429.0,229.92000000000002,0,4.45,0.1386,0.0,1.0,Mid Volume,Excellent,94.5,Low Risk
2d20f1cd18725c91147da0791d498022,londrina,pr,1,1,99.8,19.89,0,5.0,0.1662,0.0,1.0,Low Volume,Excellent,100.0,Low Risk
002100f778ceb8431b7a1020ff7ab48f,franca,sp,55,51,1234.5,793.66,9,3.98,0.3913,0.1765,0.8235,High Volume,Good,80.97,Low Risk
70f84699be677ec988d1fa824aef7d90,sete lagoas,mg,5,5,1588.3,116.14,0,4.6,0.0681,0.0,1.0,Mid Volume,Excellent,96.0,Low Risk
5bc24d989e71e93c33e50a7782431b0e,campo do meio,mg,17,17,3148.0,588.53,0,4.35,0.1575,0.0,1.0,High Volume,Excellent,93.5,Low Risk
36f98ad67cc981f50ce8aed093d5783c,toledo,pr,2,2,119.4,39.22,0,4.0,0.2473,0.0,1.0,Low Volume,Good,90.0,Low Risk
70ee69419916dc13e3aed619061f996c,mogi das cruzes,sp,1,1,45.0,8.72,0,3.0,0.1623,0.0,1.0,Low Volume,Fair,80.0,Moderate Risk
6eb94e1466490d327a09abf8f3552a50,jundiai,sp,10,10,1511.95,237.82,0,4.44,0.1359,0.0,1.0,Mid Volume,Excellent,94.4,Low Risk
8ff1a9df749e454105c55cda13e79143,marilia,sp,14,13,1400.6000000000001,277.21,0,3.73,0.1652,0.0,1.0,Mid Volume,Good,87.3,Low Risk
c4fabeea6e569d42d02993bb1f4f1cbc,fortaleza,ce,11,11,859.3000000000001,277.22,1,4.0,0.2439,0.0909,0.9091,Mid Volume,Good,85.46,Low Risk
5236605f4d4b0b3e4df85b850393fca0,sao paulo,sp,5,5,265.3,82.18,1,4.8,0.2365,0.2,0.8,Mid Volume,Excellent,88.0,Low Risk
45c20d94d9171b0bcfab3c955e47d67b,cordeiropolis,sp,4,4,129.45999999999998,81.11,0,4.5,0.3852,0.0,1.0,Mid Volume,Excellent,95.0,Low Risk
5bc237df65098fe211bb4818f4d26d78,uberlandia,mg,2,2,126.80000000000001,57.09,0,4.5,0.3105,0.0,1.0,Low Volume,Excellent,95.0,Low Risk
6a38087bc8ad4f89ff453561005f6dea,anapolis,go,22,15,1833.43,547.92,0,4.41,0.2301,0.0,1.0,High Volume,Excellent,94.1,Low Risk
4e5725ba188db8252977a4f0227bd462,ribeirao preto,sp,25,22,1930.59,382.61,5,3.44,0.1654,0.2273,0.7727,High Volume,Fair,73.04,Moderate Risk
e4f121bf6ef8b9a1d4d3e65dd0473fab,sao jose do rio preto,sp,2,2,70.0,36.46,1,3.0,0.3425,0.5,0.5,Low Volume,Fair,55.0,High Risk
eebb3372362aa9a46975164bed19a7e7,sao paulo,sp,8,7,591.92,119.4,2,2.29,0.1679,0.2857,0.7143,Mid Volume,Poor,58.62,High Risk
2ec6e37d992a95eaddb3369dcbcc76d9,porto alegre,rs,2,2,159.8,24.14,0,1.5,0.1312,0.0,1.0,Low Volume,Poor,65.0,Moderate Risk
f84a00e60c73a49e7e851c9bdca3a5bb,rio de janeiro,rj,99,90,5949.9400000000005,2001.82,9,3.67,0.2517,0.1,0.9,High Volume,Good,81.7,Low Risk
e5a38146df062edaf55c38afa99e42dc,sao paulo,sp,125,121,15360.07,1894.52,9,3.94,0.1098,0.0744,0.9256,High Volume,Good,85.68,Low Risk
80cfd480be3eb6d6267139f5cb793555,sao paulo,sp,1,1,99.9,26.44,0,4.0,0.2093,0.0,1.0,Low Volume,Good,90.0,Low Risk
62c50c1af4dfdc4149d25c5222043d39,sao paulo,sp,19,14,2785.7200000000003,310.31,0,3.26,0.1002,0.0,1.0,High Volume,Fair,82.6,Low Risk
4de6e4ba574aa9dfdc824bc44dc47fdd,colombo,pr,14,14,451.1,253.32,1,4.07,0.3596,0.0714,0.9286,High Volume,Good,87.13,Low Risk
6548c2550b6e2d8f18053216e1c7b6f3,diadema,sp,5,3,217.7,69.85000000000001,0,5.0,0.2429,0.0,1.0,Low Volume,Excellent,100.0,Low Risk
f45122a9ab94eb4f3f8953578bc0c560,piracicaba,sp,200,187,22078.29,3325.84,13,3.91,0.1309,0.0695,0.9305,High Volume,Good,85.62,Low Risk
7901646fdd36a55f564ffaf2dbccaaf7,rio de janeiro,rj,27,22,11857.08,621.75,2,4.44,0.0498,0.0909,0.9091,High Volume,Excellent,89.86,Low Risk
6481e96574816ead57975da2c0f6d80d,sorocaba,sp,43,32,3324.9,1015.96,1,4.14,0.234,0.0312,0.9688,High Volume,Good,89.84,Low Risk
e8dba4d70f7f2b20e775d09cae01142d,santa barbara d oeste,sp,9,9,855.91,176.48,1,4.33,0.1709,0.1111,0.8889,Mid Volume,Excellent,87.74,Low Risk
13e85aac53340018b40c2af68001b7e0,pedreira,sp,1,1,17.8,14.12,0,5.0,0.4424,0.0,1.0,Low Volume,Excellent,100.0,Low Risk
b6dc74ed30f124f95227bed4e43a3bed,arapongas,pr,13,11,518.9599999999999,228.63,1,3.85,0.3058,0.0909,0.9091,Mid Volume,Good,83.96,Low Risk
48436dade18ac8b2bce089ec2a041202,volta redonda,sp,151,138,12271.710000000001,2911.93,10,4.05,0.1918,0.0725,0.9275,High Volume,Good,86.88,Low Risk
f5f2ab9bdb6b30c14c61be68c5ed37da,porto ferreira,sp,18,18,2134.6800000000003,339.87,1,4.28,0.1373,0.0556,0.9444,High Volume,Excellent,90.02,Low Risk
8ed8ea9a57c862f2c18c2fe41f601d56,blumenau,sc,19,19,3831.9,731.0699999999999,0,4.47,0.1602,0.0,1.0,High Volume,Excellent,94.7,Low Risk
c76d418370990614e89e956c7a7567d9,taboao da serra,sp,2,2,305.24,64.53,0,3.5,0.1745,0.0,1.0,Low Volume,Fair,85.0,Low Risk
ceb7b4fb9401cd378de7886317ad1b47,04482255,rj,1,1,399.9,16.55,0,3.0,0.0397,0.0,1.0,Low Volume,Fair,80.0,Moderate Risk
ea846a0e7ad98a741783e886d89dfa44,aracatuba,sp,3,2,137.0,55.26,0,5.0,0.2874,0.0,1.0,Low Volume,Excellent,100.0,Low Risk
2c54051840f19eca309a5423cf22df36,curitiba,pr,2,2,23.7,28.57,0,4.5,0.5466,0.0,1.0,Low Volume,Excellent,95.0,Low Risk
ee27a8f15b1dded4d213a468ba4eb391,goiania,go,1,1,6499.0,227.66,0,5.0,0.0338,0.0,1.0,Low Volume,Excellent,100.0,Low Risk
69b5eaa096c3f9d1e5c398c597f567d6,birigui,sp,2,2,938.0,49.02,0,5.0,0.0497,0.0,1.0,Low Volume,Excellent,100.0,Low Risk
5b92bfa4120daa27c574daa2e386c693,sorocaba,sp,1,1,14.0,10.96,0,3.0,0.4391,0.0,1.0,Low Volume,Fair,80.0,Moderate Risk
1554a68530182680ad5c8b042c3ab563,monte siao,mg,269,247,29052.53,6798.26,16,4.24,0.1896,0.0648,0.9352,High Volume,Excellent,89.16,Low Risk
fc38b5dceee1a730fad8853453437fbd,campinas,sp,5,5,119.2,58.81,0,4.6,0.3304,0.0,1.0,Mid Volume,Excellent,96.0,Low Risk
152ee17e4c8aaf53dac99f3462e4999b,garuva,sc,6,6,308.96000000000004,95.97,0,4.33,0.237,0.0,1.0,Mid Volume,Excellent,93.3,Low Risk
fac35d150712afb921ec59ac5f39bb11,bonfinopolis de minas,mg,6,5,696.0,104.64,0,4.17,0.1307,0.0,1.0,Mid Volume,Good,91.7,Low Risk
04aa0a1c5ce6b222003403a3e11c3cc0,cosmopolis,sp,17,11,5518.0,821.51,2,3.53,0.1296,0.1818,0.8182,Mid Volume,Good,76.21,Moderate Risk
ede0c03645598cdfc63ca8237acbe73d,ribeirao preto,sp,50,46,2518.37,751.5,15,3.62,0.2298,0.3261,0.6739,High Volume,Good,69.9,Moderate Risk
1e47defeeadeca0e9a18fa5a9311e735,catanduva,sp,3,3,234.12,57.5,0,5.0,0.1972,0.0,1.0,Low Volume,Excellent,100.0,Low Risk
a7b7354cc588f7566a848bcbb1ce3d96,sao paulo,sp,2,2,79.8,25.07,0,4.0,0.2391,0.0,1.0,Low Volume,Good,90.0,Low Risk
ef0ace09169ac090589d85746e3e036f,sao goncalo,rj,140,129,16223.300000000001,2315.65,10,4.34,0.1249,0.0775,0.9225,High Volume,Excellent,89.52,Low Risk
a7dc4098e4da6e41b426269d12ae7e91,sao paulo,sp,3,2,518.0,36.45,0,3.67,0.0657,0.0,1.0,Low Volume,Good,86.7,Low Risk
918717417d88a9f9ae9735567e6c7682,sao paulo,sp,4,4,345.70000000000005,43.52,0,5.0,0.1118,0.0,1.0,Mid Volume,Excellent,100.0,Low Risk
26f6b7ab07be3e9e69ce82a6552efc19,rio de janeiro,rj,2,2,54.8,25.95,1,3.0,0.3214,0.5,0.5,Low Volume,Fair,55.0,High Risk
cad9969167c09b48ae6f1d123f7fa68d,pocos de caldas,mg,2,2,43.2,26.98,0,3.0,0.3844,0.0,1.0,Low Volume,Fair,80.0,Moderate Risk
7c4adcc13272c0e26fa23aac642adb7b,sao goncalo,rj,2,2,135.0,30.630000000000003,1,3.0,0.1849,0.5,0.5,Low Volume,Fair,55.0,High Risk
f19516b9ff26bfeb091b30108db4ddbd,artur nogueira,sp,5,5,727.6,141.84,0,2.6,0.1631,0.0,1.0,Mid Volume,Fair,76.0,Moderate Risk
ed8cb7b190ceb6067227478e48cf8dde,santos,sp,17,15,573.5,242.71,1,3.18,0.2974,0.0667,0.9333,High Volume,Fair,78.46,Moderate Risk
97e50a621f8e801f4baf69e08687c192,sao paulo,sp,1,1,89.9,7.88,0,5.0,0.0806,0.0,1.0,Low Volume,Excellent,100.0,Low Risk
562f8cfc51f265411f487d07e9c40e7f,belo horizonte,mg,13,13,766.9200000000001,199.32999999999998,1,4.54,0.2063,0.0769,0.9231,Mid Volume,Excellent,91.56,Low Risk
a21c11ec5c3f03e7cc9f9203bff9e1c6,santana de parnaiba,sp,4,3,385.0,90.88,0,3.0,0.191,0.0,1.0,Low Volume,Fair,80.0,Moderate Risk
97e4a63591ca439a2b8b7efd20e6e19e,rio de janeiro,rj,5,5,349.95,78.55,0,4.4,0.1833,0.0,1.0,Mid Volume,Excellent,94.0,Low Risk
07017df32dc5f2f1d2801e579548d620,joao pessoa,pb,9,8,946.49,181.75,0,4.11,0.1611,0.0,1.0,Mid Volume,Good,91.1,Low Risk
52092ddbd3a58c450a4459bf051b2287,dois corregos,sp,6,6,351.7,75.35,0,4.33,0.1764,0.0,1.0,Mid Volume,Excellent,93.3,Low Risk
1a8e2d9c38b84a9702ac7922924b0573,araquari,sc,1,1,80.0,17.0,0,5.0,0.1753,0.0,1.0,Low Volume,Excellent,100.0,Low Risk
f1198c871e0171278b63f40d112caeec,sao paulo,sp,2,2,475.8,82.27,0,4.5,0.1474,0.0,1.0,Low Volume,Excellent,95.0,Low Risk
87142160b41353c4e5fca2360caf6f92,porto alegre,rs,339,305,31095.98,7218.33,14,4.36,0.1884,0.0459,0.9541,High Volume,Excellent,91.3,Low Risk
a0e19590a0923cdd0614ea9427713ced,sao jose dos pinhais,pr,7,2,258.3,139.12,0,1.0,0.3501,0.0,1.0,Low Volume,Poor,60.0,High Risk
289cdb325fb7e7f891c38608bf9e0962,belo horizonte,sp,126,110,13544.95,2094.34,2,4.58,0.1339,0.0182,0.9818,High Volume,Excellent,94.89,Low Risk
11305281b50fff20ae8bb473f8e11876,uba,mg,40,35,6528.7,1444.51,5,4.35,0.1812,0.1429,0.8571,High Volume,Excellent,86.35,Low Risk
723a46b89fd5c3ed78ccdf039e33ac63,novo hamburgo rio grande do sul brasil,rs,1,1,66.64,23.4,0,4.0,0.2599,0.0,1.0,Low Volume,Good,90.0,Low Risk
d9b00a97818674c7f8d8b1ef0e689679,ponta grossa,pr,1,1,69.9,9.18,0,3.0,0.1161,0.0,1.0,Low Volume,Fair,80.0,Moderate Risk
9d681c7e12db302cb261e721040dde65,curitiba,pr,14,13,785.6,273.08,0,4.93,0.2579,0.0,1.0,Mid Volume,Excellent,99.3,Low Risk
c7bb64409aa480bb7d0335faaaf3d242,joinville,sc,4,4,97.6,67.56,0,2.25,0.4091,0.0,1.0,Mid Volume,Poor,72.5,Moderate Risk
bb7ad8a45c027be8ab075b8e465f8ca0,floranopolis,sc,2,2,19.98,32.64,0,5.0,0.6203,0.0,1.0,Low Volume,Excellent,100.0,Low Risk
8a207b6080964f3c1fc9d35bd6096ba4,jaci,sp,3,2,553.7,176.34,1,5.0,0.2415,0.5,0.5,Low Volume,Excellent,75.0,Moderate Risk
fa1c13f2614d7b5c4749cbc52fecda94,sumare,sp,586,585,194042.03,10042.7,53,4.34,0.0492,0.0906,0.9094,High Volume,Excellent,88.87,Low Risk
bf100ecb7997df312b285358fb32f92c,sao jose dos pinhais,pr,21,20,1991.9,345.11,0,4.37,0.1477,0.0,1.0,High Volume,Excellent,93.7,Low Risk
3504c0cb71d7fa48d967e0e4c94d59d9,maua,sp,53,53,2349.94,687.37,0,4.42,0.2263,0.0,1.0,High Volume,Excellent,94.2,Low Risk
164a5a8794e6d42e14f55e447b12a3bc,guaira,pr,1,1,73.99,62.77,0,5.0,0.459,0.0,1.0,Low Volume,Excellent,100.0,Low Risk
de09d00cfc265b8804c7df34075a68fa,sao paulo,sp,3,3,784.0,43.97,0,3.33,0.0531,0.0,1.0,Low Volume,Fair,83.3,Low Risk
638cba8be1fb599bbb76fd6948351eb3,sao jose dos campos,sp,26,17,598.1999999999999,315.67,0,4.62,0.3454,0.0,1.0,High Volume,Excellent,96.2,Low Risk
2f73e04d12cdf0c945ded66bb3fcf6c7,cachoeiro de itapemirim,es,3,3,1359.0,101.85,0,3.33,0.0697,0.0,1.0,Low Volume,Fair,83.3,Low Risk
fbc14c0cf93505ef89f64665ffa4a7b5,serrana,sp,18,18,12227.82,531.11,1,4.18,0.0416,0.0556,0.9444,High Volume,Good,89.02,Low Risk
c3ee2331a724e6fc02c4b698b57a73f3,sao paulo,sp,3,2,1347.0,140.88,0,3.0,0.0947,0.0,1.0,Low Volume,Fair,80.0,Moderate Risk
e9874ae10b2d60d43917b6bbfa13a599,rolandia,pr,1,1,199.0,23.1,0,5.0,0.104,0.0,1.0,Low Volume,Excellent,100.0,Low Risk
df47da4ae86fa4db890d05aaf24e21d8,sao paulo,sp,5,5,310.5,77.18,0,4.2,0.1991,0.0,1.0,Mid Volume,Good,92.0,Low Risk
ddd51ae8cda92f3995a51fc0f0f3eec7,rio de janeiro,rj,25,8,842.6999999999999,276.92,0,4.6,0.2473,0.0,1.0,Mid Volume,Excellent,96.0,Low Risk
e644cbadf7eeb30d0d29f335ce7d52ec,sao paulo,sp,10,8,878.9,184.69,0,3.7,0.1736,0.0,1.0,Mid Volume,Good,87.0,Low Risk
2bdb95a56a36ebbc6640337ac5eac174,sao paulo,sp,1,1,89.9,18.0,0,5.0,0.1668,0.0,1.0,Low Volume,Excellent,100.0,Low Risk
34d1ca11b242c0fee2c834ae8d788566,congonhas,mg,41,40,13422.24,982.04,0,4.3,0.0682,0.0,1.0,High Volume,Excellent,93.0,Low Risk
324583d68897f5ddbaf38f6248322176,sao jose do rio preto,sp,3,2,84.0,43.989999999999995,2,1.0,0.3437,1.0,0.0,Low Volume,Poor,10.0,High Risk
96493fab2fbb13a14d0c0e8772eef5c3,sao paulo,sp,64,63,18969.0,1212.23,4,4.03,0.0601,0.0635,0.9365,High Volume,Good,87.12,Low Risk
d4ffeb15b67e81ff9af2b4252d99fb7e,atibaia,sp,12,11,1400.4,324.40999999999997,0,4.3,0.1881,0.0,1.0,Mid Volume,Excellent,93.0,Low Risk
b5d034ac251546e25afe9067f05c1539,itapecerica da serra,sp,1,1,69.9,15.37,0,5.0,0.1803,0.0,1.0,Low Volume,Excellent,100.0,Low Risk
8a1ff5c35f6595a73fef4c7b96e4908a,sao  jose dos pinhais,pr,2,2,1598.0,284.79999999999995,0,5.0,0.1513,0.0,1.0,Low Volume,Excellent,100.0,Low Risk
a150c540f572d0fb53992264bc5c10b5,sorocaba,sp,1,1,119.9,15.59,0,4.0,0.1151,0.0,1.0,Low Volume,Good,90.0,Low Risk
7c1fea10b5b006671d608b1d7c446ec4,boituva,sp,14,14,423.59999999999997,224.15,1,4.0,0.346,0.0714,0.9286,High Volume,Good,86.43,Low Risk
b6e1504972665f739dec4facb9943775,piracicaba,sp,14,14,1484.48,225.89,1,4.36,0.1321,0.0714,0.9286,High Volume,Excellent,90.03,Low Risk
f76a3b1349b6df1ee875d1f3fa4340f0,sao paulo,sp,24,24,4160.79,588.19,7,3.46,0.1239,0.2917,0.7083,High Volume,Fair,70.01,Moderate Risk
99eaacc9e6046db1c82b163c5f84869f,franca,sp,70,66,13139.17,1135.35,7,3.9,0.0795,0.1061,0.8939,High Volume,Good,83.7,Low Risk
8603f0038fe0e52fedd3382d266723de,garopaba,sc,10,10,2355.0,490.12,0,4.4,0.1723,0.0,1.0,Mid Volume,Excellent,94.0,Low Risk
d98eec89afa3380e14463da2aabaea72,porto alegre,rs,183,168,6968.53,3256.7799999999997,4,4.29,0.3185,0.0238,0.9762,High Volume,Excellent,91.71,Low Risk
ab75b89cc49c9ab3160d0c91565a442a,tupa,sp,2,2,37.98,15.85,0,1.5,0.2944,0.0,1.0,Low Volume,Poor,65.0,Moderate Risk
08084d990eb3f53af056ccbc1730c8a7,sao paulo,sp,12,12,372.5,234.29,0,4.45,0.3861,0.0,1.0,Mid Volume,Excellent,94.5,Low Risk
d85efbc8eff2b7adf524e2820569adc8,sao paulo,sp,1,1,55.0,8.29,0,5.0,0.131,0.0,1.0,Low Volume,Excellent,100.0,Low Risk
23613d49c3ac2bd302259e55c06c050c,porto ferreira,sp,80,70,4293.0,2167.7599999999998,7,3.66,0.3355,0.1,0.9,High Volume,Good,81.6,Low Risk
87d3c3aeb3ead335511b3ce315eb341e,sao paulo,sp,15,15,749.3499999999999,213.71,1,3.5,0.2219,0.0667,0.9333,High Volume,Fair,81.66,Low Risk
93b9a99027bd8bd6af682aff18dd19bf,mairipora,sp,21,20,1953.0,467.11,0,4.1,0.193,0.0,1.0,High Volume,Good,91.0,Low Risk
0bf0150d5b9d60d9cd2906003332f085,sao paulo,sp,62,39,5774.6,1097.74,9,3.71,0.1597,0.2308,0.7692,High Volume,Good,75.56,Moderate Risk
7ecef8194babfec876ca720714327841,campinas,sp,8,7,990.5,123.76,0,4.25,0.1111,0.0,1.0,Mid Volume,Excellent,92.5,Low Risk
87b4428a334b8f676fd9a7f3bf544fb5,guaimbe,sp,1,1,29.99,18.99,0,5.0,0.3877,0.0,1.0,Low Volume,Excellent,100.0,Low Risk
30829ded4523ab9224b93bc49a62c95f,parai,rs,31,18,6911.71,638.0,1,3.58,0.0845,0.0556,0.9444,High Volume,Good,83.02,Low Risk
dcb7367a92f5ffb89f1e2152ed260285,osvaldo cruz,sp,1,1,79.9,18.44,0,5.0,0.1875,0.0,1.0,Low Volume,Excellent,100.0,Low Risk
513a54369b6a8a6602fcb0e129c6d78d,sao bernardo do campo,sp,2,2,47.8,14.86,0,4.5,0.2372,0.0,1.0,Low Volume,Excellent,95.0,Low Risk
5075aaa8404020ae6aa8bf4792099b41,pocos de caldas,mg,23,13,1822.8,447.72,0,3.88,0.1972,0.0,1.0,Mid Volume,Good,88.8,Low Risk
d354c38a7182125a748cb10474fe963b,aperibe,rj,20,18,1610.33,315.85,1,4.32,0.164,0.0556,0.9444,High Volume,Excellent,90.42,Low Risk
4be9ae93c4fc0f41713d71a4194ee1b3,divinopolis,mg,1,1,109.9,27.07,0,5.0,0.1976,0.0,1.0,Low Volume,Excellent,100.0,Low Risk
e0487761face83d64fcada2408959a36,sao paulo,sp,2,2,49.25,14.870000000000001,0,4.5,0.2319,0.0,1.0,Low Volume,Excellent,95.0,Low Risk
9996ae921c50e8dff411ac69c0b4bb8b,tupa,sp,3,2,29.700000000000003,43.67,0,2.33,0.5952,0.0,1.0,Low Volume,Poor,73.3,Moderate Risk
c3cfdc648177fdbbbb35635a37472c53,curitiba,pr,307,278,43048.18,6079.63,4,4.45,0.1238,0.0144,0.9856,High Volume,Excellent,93.78,Low Risk
c8cc60ffd415254af5d9b9f34f32c369,sorocaba,sp,9,8,722.2,194.03,0,4.67,0.2118,0.0,1.0,Mid Volume,Excellent,96.7,Low Risk
1ce3ae5a399804d1a87e706f8a813c3e,jaguaruna,sc,44,40,2563.0,853.69,3,3.73,0.2499,0.075,0.925,High Volume,Good,83.55,Low Risk
5f26c1408a65b42a7224cd463bdf3292,arapongas,pr,10,10,1139.8,217.29,0,4.8,0.1601,0.0,1.0,Mid Volume,Excellent,98.0,Low Risk
e59e575a175fadcadf8479e191770425,nova iguacu,rj,1,1,199.9,50.98,0,5.0,0.2032,0.0,1.0,Low Volume,Excellent,100.0,Low Risk
2138ccb85b11a4ec1e37afbd1c8eda1f,sao paulo,sp,429,396,12357.03,6069.22,19,3.9,0.3294,0.048,0.952,High Volume,Good,86.6,Low Risk
83d458c0d6d4f94295d63f091460bd60,vila velha,sp,1,1,89.9,15.84,0,5.0,0.1498,0.0,1.0,Low Volume,Excellent,100.0,Low Risk
ef30892870c278497523264be1be2241,araraquara,sp,9,9,783.2,109.33999999999999,0,4.56,0.1225,0.0,1.0,Mid Volume,Excellent,95.6,Low Risk
d5b9a084373da994a6e37f732169a853,santo andre,sp,7,7,1769.0,176.29000000000002,1,3.57,0.0906,0.1429,0.8571,Mid Volume,Good,78.55,Moderate Risk
e9c2dc0dd4ac38448289be644ac94f42,joinville,sc,3,3,118.39,56.22,0,5.0,0.322,0.0,1.0,Low Volume,Excellent,100.0,Low Risk
fe87f472055fbcf1d7e691c00b1560dc,campinas,sp,6,6,1085.8,130.16,1,4.5,0.107,0.1667,0.8333,Mid Volume,Excellent,86.66,Low Risk
5a32c398a06c345440bf2a683b017ad3,rio de janeiro,rj,2,2,79.8,23.17,0,3.0,0.225,0.0,1.0,Low Volume,Fair,80.0,Moderate Risk
f46490624488d3ff7ce78613913a7711,guarulhos,sp,91,83,5802.85,1747.82,9,3.46,0.2315,0.1084,0.8916,High Volume,Fair,79.18,Moderate Risk
4d0041cdbe51b4617d95c70b19decc74,juiz de fora,mg,8,8,5235.200000000001,230.29,0,4.5,0.0421,0.0,1.0,Mid Volume,Excellent,95.0,Low Risk
db46ca7bce82b11f7e247539271fc390,rio de janeiro,rj,16,16,933.97,215.89,0,4.56,0.1878,0.0,1.0,High Volume,Excellent,95.6,Low Risk
ad420dd0c4f92f8af951ac24b86d0cf5,fronteira,mg,46,42,4705.29,913.11,3,4.16,0.1625,0.0714,0.9286,High Volume,Good,88.03,Low Risk
e8b4225284fbb02d16f200513f1f395d,novo horizonte,sp,31,31,5788.52,1297.6100000000001,3,4.19,0.1831,0.0968,0.9032,High Volume,Good,87.06,Low Risk
f61c63d13f7cd800549d5acdd390ae72,pilar do sul,sp,26,26,3072.3,429.39,2,4.0,0.1226,0.0769,0.9231,High Volume,Good,86.16,Low Risk
054694fa03fe82cec4b7551487331d74,itajobi,sp,22,21,9983.1,720.65,6,3.36,0.0673,0.2857,0.7143,High Volume,Fair,69.32,Moderate Risk
dc50afafdfa325eadc890c7fa42a8f4e,maringa,pr,4,4,424.2,57.28,0,4.75,0.119,0.0,1.0,Mid Volume,Excellent,97.5,Low Risk
376d67b61dce0c990155286e7ae486a4,sao paulo,sp,1,1,94.0,17.91,0,4.0,0.16,0.0,1.0,Low Volume,Good,90.0,Low Risk
7994b065a7ffb14e71c6312cf87b9de2,cariacica  es,es,7,5,453.0,144.34,0,5.0,0.2416,0.0,1.0,Mid Volume,Excellent,100.0,Low Risk
a9415cf907dfa12f9ed18693244f5329,prados,mg,2,1,210.0,175.42,0,5.0,0.4551,0.0,1.0,Low Volume,Excellent,100.0,Low Risk
b7d5b4b87af9d42b601865d3f3810bff,florianopolis,sc,2,2,1049.0,41.019999999999996,0,2.0,0.0376,0.0,1.0,Low Volume,Poor,70.0,Moderate Risk
7315baebc0572ff220d226283dc66728,sao carlos,sp,2,2,49.849999999999994,26.369999999999997,0,4.0,0.346,0.0,1.0,Low Volume,Good,90.0,Low Risk
4125d9385a25e82d2f72d3a0fd55bc3f,santos,sp,1,1,42.9,18.4,0,5.0,0.3002,0.0,1.0,Low Volume,Excellent,100.0,Low Risk
c8b0e2b0a7095e5d8219575d5e7e1181,itaquaquecetuba,sp,85,84,12170.210000000001,1487.1299999999999,6,4.05,0.1089,0.0714,0.9286,High Volume,Good,86.93,Low Risk
38102b031c2a15e54623d711bfc753d3,mucambo,ce,11,9,457.0,352.41,0,3.64,0.4354,0.0,1.0,Mid Volume,Good,86.4,Low Risk
160e4f13fd3a64b1b86807be88b5ffb0,colombo,pr,4,4,886.0,94.45,0,4.25,0.0963,0.0,1.0,Mid Volume,Excellent,92.5,Low Risk
8ccf3cf69651cc1d8a02c8bfaf3b8568,rio claro,sp,2,2,250.0,38.629999999999995,1,3.5,0.1338,0.5,0.5,Low Volume,Fair,60.0,High Risk
391fc6631aebcf3004804e51b40bcf1e,ibitinga,sp,613,526,39951.95,10190.88,48,3.96,0.2032,0.0913,0.9087,High Volume,Good,85.04,Low Risk
33cbbec1e7e1044aaf11d152172c776f,bento goncalves,rs,16,15,730.67,398.83,0,4.69,0.3531,0.0,1.0,High Volume,Excellent,96.9,Low Risk
da03c298e3999e9d828591fc2179d109,sao paulo,sp,5,4,787.7,54.78,0,4.8,0.065,0.0,1.0,Mid Volume,Excellent,98.0,Low Risk
49383af7ab774e4e8f3000f49c83dc4b,taubate,sp,12,8,660.0,242.23,0,4.58,0.2685,0.0,1.0,Mid Volume,Excellent,95.8,Low Risk
8a2d12a90e92f012ce5226fc6592b653,curitiba,pr,18,18,1594.6499999999999,338.97,0,4.59,0.1753,0.0,1.0,High Volume,Excellent,95.9,Low Risk
52956b80ae65fda598f06f6b9943e7a9,maringa,pr,3,3,792.0,66.85,1,4.0,0.0778,0.3333,0.6667,Low Volume,Good,73.34,Moderate Risk
762ed976527cddf02787edba70fffa2a,londrina,pr,4,3,179.8,60.31999999999999,0,2.25,0.2512,0.0,1.0,Low Volume,Poor,72.5,Moderate Risk
7994081388d55b9cf976c050653dd359,sao paulo,sp,6,2,1020.0,89.65,0,1.67,0.0808,0.0,1.0,Low Volume,Poor,66.7,Moderate Risk
585175ec331ea177fa47199e39a6170a,montes claros,mg,1,1,3549.0,53.47,0,5.0,0.0148,0.0,1.0,Low Volume,Excellent,100.0,Low Risk
e59aa562b9f8076dd550fcddf0e73491,curitiba,pr,84,70,31574.3,2229.67,6,4.25,0.066,0.0857,0.9143,High Volume,Excellent,88.22,Low Risk
e84ad2127668df3aafc6b73531a0beb8,sao paulo,sp,23,19,987.0,286.73,1,4.39,0.2251,0.0526,0.9474,High Volume,Excellent,91.27,Low Risk
1a6245add4353f18ed55138808906979,sao bernardo do campo,sp,1,1,30.0,9.34,0,3.0,0.2374,0.0,1.0,Low Volume,Fair,80.0,Moderate Risk
e9779976487b77c6d4ac45f75ec7afe9,praia grande,sp,750,657,43162.95,10139.71,46,4.17,0.1902,0.07,0.93,High Volume,Good,88.2,Low Risk
6b90f847357d8981edd79a1eb1bf0acb,guarulhos,sp,47,45,3322.08,737.65,0,4.36,0.1817,0.0,1.0,High Volume,Excellent,93.6,Low Risk
48328ec9a579151d9cc6a86d4a59336c,canoas,rs,1,1,1099.0,97.78,0,2.0,0.0817,0.0,1.0,Low Volume,Poor,70.0,Moderate Risk
73a63f72308aa20a46f4b1632018f196,curitiba,pr,41,29,9606.8,1178.99,0,4.05,0.1093,0.0,1.0,High Volume,Good,90.5,Low Risk
f62d7bb4a613ec758a03342d46b580b2,vicosa,mg,32,32,24665.0,2125.59,3,4.38,0.0793,0.0938,0.9062,High Volume,Excellent,89.11,Low Risk
252e76235acb79183cfca6e34f13337d,campinas,sp,4,3,261.2,60.57,0,3.75,0.1882,0.0,1.0,Low Volume,Good,87.5,Low Risk
7c5b05cbdb5542049f38d90d7815b97d,sao paulo,sp,24,22,1038.96,306.5,1,4.42,0.2278,0.0455,0.9545,High Volume,Excellent,91.93,Low Risk
db4350fd57ae30082dec7acbaacc17f9,sao paulo,sp,146,137,3331.31,2090.33,6,4.12,0.3856,0.0438,0.9562,High Volume,Good,89.01,Low Risk
845e8036c3f7bf62099352f5ed910240,rio de janeiro,rj,24,21,1584.6000000000001,460.64,0,3.83,0.2252,0.0,1.0,High Volume,Good,88.3,Low Risk
712efd3b68f9686dc856b84abd0f21ae,curitiba,pr,1,1,139.0,17.16,0,4.0,0.1099,0.0,1.0,Low Volume,Good,90.0,Low Risk
3364a91ec4d56c98e44174de954b94f6,porto velho,ro,6,6,3579.94,273.91,0,3.83,0.0711,0.0,1.0,Mid Volume,Good,88.3,Low Risk
b00af24704019bd2e1b335e70ad11f7c,salvador,ba,1,1,189.0,18.25,0,5.0,0.0881,0.0,1.0,Low Volume,Excellent,100.0,Low Risk
4324dd16853115efb0fd9d0d131ba6f4,sao jose do rio pardo,sp,18,12,1052.25,327.22,1,4.28,0.2372,0.0833,0.9167,Mid Volume,Excellent,88.64,Low Risk
0a198e95d32b1be2da9424c962a6ebfa,contagem,mg,1,1,69.99,16.68,0,5.0,0.1925,0.0,1.0,Low Volume,Excellent,100.0,Low Risk
d1a1b40ec554c593a1a99366746289dd,pato branco,pr,1,1,49.7,14.52,0,2.0,0.2261,0.0,1.0,Low Volume,Poor,70.0,Moderate Risk
55a5b51f93f2b70ea513f5a047b0262a,sao joao del rei,mg,41,39,4002.3,847.08,1,4.49,0.1747,0.0256,0.9744,High Volume,Excellent,93.62,Low Risk
6426d21aca402a131fc0a5d0960a3c90,ribeirao preto,sp,23,23,1209.64,384.18,0,4.17,0.241,0.0,1.0,High Volume,Good,91.7,Low Risk
8a432f4e5b471f8da497d7dc517666e2,presidente prudente,sp,106,95,7555.0,1965.11,2,4.2,0.2064,0.0211,0.9789,High Volume,Good,90.94,Low Risk
da3fede3469bf49b7293ce3fc45b294d,mogi das cruzes,sp,1,1,44.9,12.79,0,5.0,0.2217,0.0,1.0,Low Volume,Excellent,100.0,Low Risk
c092292535a57dacd95a8765f5518f87,paracambi,rj,1,1,125.0,18.98,0,5.0,0.1318,0.0,1.0,Low Volume,Excellent,100.0,Low Risk
20a8b0dc55da94fe74d112082427c84f,itu,sp,7,7,407.4,123.98,1,4.29,0.2333,0.1429,0.8571,Mid Volume,Excellent,85.76,Low Risk
bfd27a966d91cfaafdb25d076585f0da,serra negra,sp,118,117,19921.0,2724.05,6,4.28,0.1203,0.0513,0.9487,High Volume,Excellent,90.24,Low Risk
fadb07c842a2aef5d5a676b85f220e71,sao jose do rio preto,sp,7,7,398.75,171.62,0,4.71,0.3009,0.0,1.0,Mid Volume,Excellent,97.1,Low Risk
6b15924333bd1a741595fe981ea04822,sao caetano do sul,sp,21,21,614.3199999999999,240.14000000000001,0,4.67,0.281,0.0,1.0,High Volume,Excellent,96.7,Low Risk
1c83418358f249c9d6affa52d579db0e,sao paulo,sp,1,1,24.9,14.52,0,5.0,0.3683,0.0,1.0,Low Volume,Excellent,100.0,Low Risk
04e38a233f726ef161074ab1c9b0399a,sao paulo,sp,28,23,1352.2,459.07,1,3.79,0.2535,0.0435,0.9565,High Volume,Good,85.72,Low Risk
1b4b28463457a256e9a784ebe2a8f630,piracicaba,sp,1,1,699.42,15.92,1,1.0,0.0223,1.0,0.0,Low Volume,Poor,10.0,High Risk
db7ed69a53aa9fb1c01930ba54a88bbe,jaguariuna,sp,1,1,109.0,11.78,0,5.0,0.0975,0.0,1.0,Low Volume,Excellent,100.0,Low Risk
f664f98bfda2eaf266a23ff144e7a872,sao paulo,sp,2,2,153.99,7.8100000000000005,0,3.0,0.0483,0.0,1.0,Low Volume,Fair,80.0,Moderate Risk
7ade73f1b9b4e965f9009a4c3a7e2c15,bauru,sp,28,27,1880.3000000000002,457.87,0,4.78,0.1958,0.0,1.0,High Volume,Excellent,97.8,Low Risk
a369d693961cb93b61ca2cc518872a85,sao jose do rio preto,sp,18,11,2597.0,616.79,0,4.11,0.1919,0.0,1.0,Mid Volume,Good,91.1,Low Risk
fb8904a8ea99f8831b64ce27db2c1765,sao caetano do sul,sp,2,2,278.0,24.36,0,4.5,0.0806,0.0,1.0,Low Volume,Excellent,95.0,Low Risk
2ef086a599b597572aca4433b7ed6b3d,jaragua do sul,sc,1,1,49.0,15.1,0,5.0,0.2356,0.0,1.0,Low Volume,Excellent,100.0,Low Risk
134285d1f41da5c13a756ee8142c8a4e,sao paulo,sp,4,3,1572.6999999999998,80.93,0,2.75,0.0489,0.0,1.0,Low Volume,Fair,77.5,Moderate Risk
9ed65337433adfbedefd23dd76eaa494,sao paulo,sp,6,6,1262.6,81.05,0,4.83,0.0603,0.0,1.0,Mid Volume,Excellent,98.3,Low Risk
aec99834ab5d38ead22766ada8497e87,colombo,pr,1,1,459.0,17.51,0,5.0,0.0367,0.0,1.0,Low Volume,Excellent,100.0,Low Risk
b8578d2d823bd8e251f6fdd02b40902d,blumenau,sc,9,9,1255.6,244.0,0,4.44,0.1627,0.0,1.0,Mid Volume,Excellent,94.4,Low Risk
d9d43faf741ceaa8da52fdbb81d9e0e3,juiz de fora,sp,8,6,210.0,211.25,0,3.5,0.5015,0.0,1.0,Mid Volume,Fair,85.0,Low Risk
964ff64dc05b13811c6d0f41e0aa5f6b,sao paulo,sp,1,1,180.0,24.06,0,5.0,0.1179,0.0,1.0,Low Volume,Excellent,100.0,Low Risk
96e5dc09087bad639b4ee193104ec2e5,bom jardim,rj,2,2,101.9,52.54,0,4.5,0.3402,0.0,1.0,Low Volume,Excellent,95.0,Low Risk
24c1de8d9551c0b4fbc53317d53efda8,serra redonda,pb,1,1,355.0,57.12,0,5.0,0.1386,0.0,1.0,Low Volume,Excellent,100.0,Low Risk
0336182e1b3e92f029d5354832045fdf,ibitinga,sp,2,1,29.8,17.57,0,2.0,0.3709,0.0,1.0,Low Volume,Poor,70.0,Moderate Risk
c03121937e54a93fcc1825c3098bbb6e,curitiba,pr,7,7,1043.0,154.94,0,5.0,0.1293,0.0,1.0,Mid Volume,Excellent,100.0,Low Risk
b87a7ea0c30fad2dd6781b74a0064859,sao paulo,sp,9,9,515.4,122.35,2,3.44,0.1918,0.2222,0.7778,Mid Volume,Fair,73.29,Moderate Risk
84c945f15571830c1a91a33978e94009,sao paulo,sp,2,2,51.98,26.060000000000002,0,4.5,0.3339,0.0,1.0,Low Volume,Excellent,95.0,Low Risk
2d378dbb39815785238c0139c7647fb7,sao francisco do sul,sc,2,2,1154.0,300.44,0,5.0,0.2066,0.0,1.0,Low Volume,Excellent,100.0,Low Risk
0b0ddbc7b9d9584f442c7ac92b0ff6c9,guarulhos,sp,3,3,1416.76,133.88,0,4.67,0.0863,0.0,1.0,Low Volume,Excellent,96.7,Low Risk
51209b446b2073894bdc0face6c73ffc,vila velha,es,4,2,359.6,79.28,0,4.0,0.1806,0.0,1.0,Low Volume,Good,90.0,Low Risk
5996cddab893a4652a15592fb58ab8db,presidente prudente,sp,1,1,810.0,70.75,0,5.0,0.0803,0.0,1.0,Low Volume,Excellent,100.0,Low Risk
aa8af66c623d7d544dfe4bb85b5ebe3b,betim,mg,1,1,99.0,15.57,0,5.0,0.1359,0.0,1.0,Low Volume,Excellent,100.0,Low Risk
1690cada046eb7e92c12f98b1f8a8167,sao paulo,sp,11,11,1959.0,252.38,1,4.55,0.1141,0.0909,0.9091,Mid Volume,Excellent,90.95,Low Risk
385799a1cddbd26dfeb9157356a42282,sao paulo,sp,7,5,633.93,82.61,0,4.29,0.1153,0.0,1.0,Mid Volume,Excellent,92.9,Low Risk
42b729f859728f5079499127a9c2ef37,sao paulo,sp,132,104,4118.86,1315.21,13,4.35,0.242,0.125,0.875,High Volume,Excellent,87.25,Low Risk
556a6409838156ea299c9d1f9e2dde43,curitiba,pr,4,4,1362.8,86.84,0,3.25,0.0599,0.0,1.0,Mid Volume,Fair,82.5,Low Risk
179d859f51292aac5c10806a356f7af9,ribeirao pires,sp,19,18,404.46999999999997,395.8,1,4.32,0.4946,0.0556,0.9444,High Volume,Excellent,90.42,Low Risk
934ed5cd1b9c1c7382d0a94a94b9e639,curitiba,pr,1,1,125.85,26.62,0,5.0,0.1746,0.0,1.0,Low Volume,Excellent,100.0,Low Risk
be3b4b0f050a6aa1b2d901c4b77e979f,imbituva,pr,8,3,578.1999999999999,155.52,0,2.75,0.212,0.0,1.0,Low Volume,Fair,77.5,Moderate Risk
6806dad1da97bfb5a9038eac6881f706,guaratuba,pr,14,10,1477.0,306.26,0,3.96,0.1717,0.0,1.0,Mid Volume,Good,89.6,Low Risk
94231344608e603693b0a8891143f65d,porto alegre,sp,3,3,722.0,102.17999999999999,0,4.0,0.124,0.0,1.0,Low Volume,Good,90.0,Low Risk
446cc09cdbb130904da114e807dbec40,sao paulo,sp,3,3,252.8,54.17,0,4.67,0.1765,0.0,1.0,Low Volume,Excellent,96.7,Low Risk
47efca563408aae19bb7206c2d969ea9,teresina,pi,12,12,2522.0,443.32,0,4.08,0.1495,0.0,1.0,Mid Volume,Good,90.8,Low Risk
00ab3eff1b5192e5f1a63bcecfee11c8,sao paulo,sp,1,1,98.0,12.08,0,5.0,0.1097,0.0,1.0,Low Volume,Excellent,100.0,Low Risk
71271995e85f5b8530be99ed54a91b89,porto alegre,rs,8,8,776.0,120.83,1,2.5,0.1347,0.125,0.875,Mid Volume,Poor,68.75,Moderate Risk
a435b009cd956ea60748b5cfbddf2e24,franca,sp,3,3,361.18,45.209999999999994,1,4.33,0.1112,0.3333,0.6667,Low Volume,Excellent,76.63,Moderate Risk
11938fcc75f6902fea1d0a6f72b54a57,sao miguel doeste,sc,2,2,594.98,142.16,0,3.0,0.1929,0.0,1.0,Low Volume,Fair,80.0,Moderate Risk
9b76ad3d04236f76bc71c59470305e13,boituva,sp,3,2,394.70000000000005,61.93,0,5.0,0.1356,0.0,1.0,Low Volume,Excellent,100.0,Low Risk
d7ab82074b5f1dfba46db123df101bff,atibaia,sp,3,2,38.67,45.3,0,4.33,0.5395,0.0,1.0,Low Volume,Excellent,93.3,Low Risk
9c0e69c7bf2619675bbadf47b43f655a,sao jose dos campos,sp,206,157,33702.78,2900.18,16,4.02,0.0792,0.1019,0.8981,High Volume,Good,85.1,Low Risk
94d76e96eedd976258cd3278ce56d5f2,sao roque,sp,1,1,385.61,68.56,0,5.0,0.151,0.0,1.0,Low Volume,Excellent,100.0,Low Risk
52f976b17ea7f2f087f56dcc419328f6,california,pr,6,6,7630.0,862.65,0,3.67,0.1016,0.0,1.0,Mid Volume,Good,86.7,Low Risk
4e326052e5dbba8adcd512f3450a307e,sao paulo,sp,6,3,570.0,85.96,0,1.67,0.131,0.0,1.0,Low Volume,Poor,66.7,Moderate Risk
3586b8580d9c917874e053a1bb37b5ff,araraquara,sp,43,36,1524.7,827.65,2,4.44,0.3518,0.0556,0.9444,High Volume,Excellent,91.62,Low Risk
6edacfd9f9074789dad6d62ba7950b9c,guarulhos,sp,219,208,13147.1,2940.5,9,4.37,0.1828,0.0433,0.9567,High Volume,Excellent,91.54,Low Risk
52831e5990d0771cb4951d6f12928167,tupa,sp,1,1,65.0,13.12,0,3.0,0.1679,0.0,1.0,Low Volume,Fair,80.0,Moderate Risk
9e7c5f4d7770eab65738cca38f9efccf,sao paulo,sp,2,2,184.8,38.08,0,3.5,0.1709,0.0,1.0,Low Volume,Fair,85.0,Low Risk
4677a5437afda5fa7140b927b07be1cc,japira,pr,11,11,3415.7,420.0,1,4.36,0.1095,0.0909,0.9091,Mid Volume,Excellent,89.06,Low Risk
3e8bd881d92466e63ba9e3e809cd3c50,rio de janeiro,rj,10,9,2242.28,207.97,3,4.22,0.0849,0.3333,0.6667,Mid Volume,Excellent,75.54,Moderate Risk
4a1917ef994878940e1fb03eeb787ad7,brasilia,df,3,2,768.0,78.62,0,2.67,0.0929,0.0,1.0,Low Volume,Fair,76.7,Moderate Risk
334cab711dee080b079fa5779b584783,santo andre,sp,26,11,1069.7,351.66999999999996,0,4.96,0.2474,0.0,1.0,Mid Volume,Excellent,99.6,Low Risk
9dd59e43f0c9f0553244e8f9c2fb247e,foz do iguacu,pr,10,10,356.3,151.82,1,4.8,0.2988,0.1,0.9,Mid Volume,Excellent,93.0,Low Risk
ccf8813e5a7d6c84d865cd38bfc2b130,taubate,sp,26,26,2635.5,415.79,1,4.38,0.1363,0.0385,0.9615,High Volume,Excellent,91.88,Low Risk
8d956fec2e4337affcb520f56fd8cbfd,sao bernardo do campo,sp,228,211,11015.19,3327.95,13,4.19,0.232,0.0616,0.9384,High Volume,Good,88.82,Low Risk
e5a3438891c0bfdb9394643f95273d8e,limeira,sp,255,224,7738.349999999999,3374.27,39,3.83,0.3036,0.1741,0.8259,High Volume,Good,79.6,Moderate Risk
f9f68daa2af419d38f745478bcb3da1a,sumare,sp,2,2,22.4,28.96,0,3.0,0.5639,0.0,1.0,Low Volume,Fair,80.0,Moderate Risk
138dbe45fc62f1e244378131a6801526,sao paulo,sp,58,49,1125.56,689.24,1,3.98,0.3798,0.0204,0.9796,High Volume,Good,88.78,Low Risk
5058e8c1e82653974541e83690655b4a,itaquaquecetuba,sp,78,63,10022.82,3055.11,8,3.08,0.2336,0.127,0.873,High Volume,Fair,74.45,Moderate Risk
cd2169d9f31ff6fbb9ca3373b0c9e354,nova friburgo,rj,1,1,569.0,56.33,0,4.0,0.0901,0.0,1.0,Low Volume,Good,90.0,Low Risk
15aec03fe4cf30dfa574cf550f5ff5ff,rio de janeiro,rj,1,1,28.9,10.96,0,1.0,0.275,0.0,1.0,Low Volume,Poor,60.0,High Risk
9674754b5a0cb32b638cec001178f799,sao paulo,sp,97,86,5069.92,1214.91,2,4.0,0.1933,0.0233,0.9767,High Volume,Good,88.84,Low Risk
c161d1327ebc3a156c09582ab2f59f6c,sao paulo,sp,3,3,52.99,23.34,0,3.0,0.3058,0.0,1.0,Low Volume,Fair,80.0,Moderate Risk
4d232b78ab7ef10393dc3807d827bc0d,belo horizonte,mg,5,5,1475.0,214.99,0,4.4,0.1272,0.0,1.0,Mid Volume,Excellent,94.0,Low Risk
23ff42c4bf1f8f16cddb19d8b972974a,itau de minas,mg,3,2,174.70000000000002,52.97,0,4.33,0.2327,0.0,1.0,Low Volume,Excellent,93.3,Low Risk
d3dcf0604eabf0224fbd5948b5e02f69,sao paulo,sp,9,9,2902.2999999999997,165.10999999999999,3,3.89,0.0538,0.3333,0.6667,Mid Volume,Good,72.24,Moderate Risk
49067458c68f7701fd334ce326accbe0,juiz de fora,mg,37,17,1047.6499999999999,573.85,0,3.32,0.3539,0.0,1.0,High Volume,Fair,83.2,Low Risk
dfa0c4c6229ab200a4a1336b4d7128ff,florianopolis,sc,86,77,4777.1,1767.11,1,4.01,0.27,0.013,0.987,High Volume,Good,89.45,Low Risk
35281d148dcf7134bae913c57db4e6da,sao paulo,sp,1,1,119.99,17.03,0,5.0,0.1243,0.0,1.0,Low Volume,Excellent,100.0,Low Risk
76833248bbc0e65a0293ec62023e4396,birigui,sp,2,2,2399.98,230.7,0,5.0,0.0877,0.0,1.0,Low Volume,Excellent,100.0,Low Risk
48e5ee06fb2dc74df1c711a9b6dfac2a,oliveira,mg,3,1,57.0,45.3,0,5.0,0.4428,0.0,1.0,Low Volume,Excellent,100.0,Low Risk
2cb6eb1b7185064167657fa09f541105,sabara,mg,7,6,1217.9,164.78,0,4.57,0.1192,0.0,1.0,Mid Volume,Excellent,95.7,Low Risk
0f7eea709efdf942b5f95c7516dbacd7,pedrinhas paulista,sp,3,3,195.74,44.32,0,4.0,0.1846,0.0,1.0,Low Volume,Good,90.0,Low Risk
54583ab379489add547fe47b628db589,sao bernardo do campo,sp,10,10,2240.0,151.07999999999998,0,4.8,0.0632,0.0,1.0,Mid Volume,Excellent,98.0,Low Risk
51e0557bc7b86de13e946c60ee91ce39,belo horizonte,mg,1,1,45.8,17.6,0,5.0,0.2776,0.0,1.0,Low Volume,Excellent,100.0,Low Risk
0bebbb2cea103a4a020c95d43fd7d754,sao paulo,sp,9,9,1367.2,147.14000000000001,0,4.89,0.0972,0.0,1.0,Mid Volume,Excellent,98.9,Low Risk
9da1ca0bef29ee170e541927a5aeabdc,votuporanga,sp,6,6,1484.3999999999999,127.63,1,3.0,0.0792,0.1667,0.8333,Mid Volume,Fair,71.66,Moderate Risk
6c7d50c24b3ccd2fd83b44d8bb34e073,presidente prudente,sp,128,114,8699.34,2770.85,2,4.39,0.2416,0.0175,0.9825,High Volume,Excellent,93.02,Low Risk
3faf68a3b0af94b10bac70d86077be49,holambra,sp,7,7,1322.93,119.16,0,4.57,0.0826,0.0,1.0,Mid Volume,Excellent,95.7,Low Risk
05feb94f19d094d4b0f9281f0b1d4c99,mogi das cruzes,sp,6,6,9353.0,697.04,0,4.5,0.0694,0.0,1.0,Mid Volume,Excellent,95.0,Low Risk
f650a9708fa1bab22bdd8d3a818cc415,ararangua,sc,5,5,507.75,86.83,0,3.4,0.146,0.0,1.0,Mid Volume,Fair,84.0,Low Risk
5cbbd5a299cab112b7bf23862255e43e,pinhais,pr,38,36,2726.06,659.15,0,4.32,0.1947,0.0,1.0,High Volume,Excellent,93.2,Low Risk
07d75e33f2750d97d467fb57e4dfdd8a,sao paulo,sp,2,2,722.4,37.19,0,2.5,0.049,0.0,1.0,Low Volume,Poor,75.0,Moderate Risk
8a8835a43bda99fd37310ad76c457510,sao caetano do sul,sp,3,2,224.34,34.2,0,4.33,0.1323,0.0,1.0,Low Volume,Excellent,93.3,Low Risk
ca3bd7cd9f149df75950150d010fe4a2,sao paulo,sp,138,71,9731.85,3439.52,1,3.72,0.2611,0.0141,0.9859,High Volume,Good,86.5,Low Risk
323ce52b5b81df2cd804b017b7f09aa7,sao paulo,sp,30,30,2554.2,401.47,4,4.31,0.1358,0.1333,0.8667,High Volume,Excellent,86.44,Low Risk
ebd1417732defaf66c50b5a800eb293e,londrina,pr,1,1,309.0,16.33,0,5.0,0.0502,0.0,1.0,Low Volume,Excellent,100.0,Low Risk
76ea5315acb3f5f7ade3cd261faf922a,sao paulo,sp,15,15,1087.06,224.02,1,4.27,0.1709,0.0667,0.9333,High Volume,Excellent,89.36,Low Risk
4b1eaadf791bdbbad8c4a35b65236d52,ribeirao preto,sp,8,8,1849.79,113.03,1,2.0,0.0576,0.125,0.875,Mid Volume,Poor,63.75,Moderate Risk
4cc43a222a0f94910728b62b97a8c5f8,ribeirao preto,sp,1,1,108.5,12.26,0,3.0,0.1015,0.0,1.0,Low Volume,Fair,80.0,Moderate Risk
bc503e244f187939d10c92a5c8e378ce,birigui,sp,16,7,637.67,222.13,0,3.75,0.2584,0.0,1.0,Mid Volume,Good,87.5,Low Risk
b6f52e346160519c24a23af05410ad32,sao paulo,sp,1,1,129.9,13.35,0,4.0,0.0932,0.0,1.0,Low Volume,Good,90.0,Low Risk
70125af26c2d6d4ef401a1d02ae7701f,goiania,go,8,5,371.2,258.42,0,4.62,0.4104,0.0,1.0,Mid Volume,Excellent,96.2,Low Risk
c84592044b180dec206770c38603814b,sao paulo,sp,15,15,511.94000000000005,224.26,0,4.2,0.3046,0.0,1.0,High Volume,Good,92.0,Low Risk
1caf283236cd69af44cbc09a0a1e7d32,nova iguacu,rj,37,33,917.6,612.65,4,4.54,0.4004,0.1212,0.8788,High Volume,Excellent,89.34,Low Risk
ba90964cff9b9e0e6f32b23b82465f7b,guarulhos,sp,38,38,44212.5,1311.0,2,4.42,0.0288,0.0526,0.9474,High Volume,Excellent,91.57,Low Risk
5e9f5bd34e0830569f05c9d4f56e04a8,porto alegre,rs,2,2,239.98,34.88,0,4.5,0.1269,0.0,1.0,Low Volume,Excellent,95.0,Low Risk
15fa791d5e017f66402dc28c44480657,sao paulo,sp,8,8,1802.0,181.29,1,4.25,0.0914,0.125,0.875,Mid Volume,Excellent,86.25,Low Risk
20d83f3ef0e6925fd74bfd59170babf7,sao paulo,sp,54,40,2903.6,653.61,2,4.35,0.1837,0.05,0.95,High Volume,Excellent,91.0,Low Risk
59417c56835dd8e2e72f91f809cd4092,limeira,sp,18,18,36459.0,1198.77,0,4.28,0.0318,0.0,1.0,High Volume,Excellent,92.8,Low Risk
a13580f0e8f782b7a543885a0ef99f08,rio de janeiro,rj,10,10,1304.9,258.78,2,4.4,0.1655,0.2,0.8,Mid Volume,Excellent,84.0,Low Risk
ccada0ef508e698917a6eab263375905,pato bragado,pr,3,3,172.8,59.160000000000004,0,3.67,0.255,0.0,1.0,Low Volume,Good,86.7,Low Risk
4bde6149c15cf7e177b36fa060dd6de8,carazinho,rs,2,2,159.8,32.66,0,5.0,0.1697,0.0,1.0,Low Volume,Excellent,100.0,Low Risk
fe1bbc5feda5c8979a8a1b3b2512d5a6,arinos,mg,10,9,724.72,137.53,1,3.8,0.1595,0.1111,0.8889,Mid Volume,Good,82.44,Low Risk
23a0ffca143a15b9b5bbdb7d552f626a,sao pedro,sp,24,23,3718.51,585.77,3,3.96,0.1361,0.1304,0.8696,High Volume,Good,83.08,Low Risk
32b8764b4ef628b53608fc34011fcc13,lages,sc,38,36,8884.0,2970.42,1,4.24,0.2506,0.0278,0.9722,High Volume,Excellent,91.01,Low Risk
e7df4cd29ab5abab70fb0783ddb53987,sao paulo,sp,24,23,9608.699999999999,413.37,2,4.29,0.0412,0.087,0.913,High Volume,Excellent,88.55,Low Risk
0432ead42b6c8a0bdf68154add917fdf,maua,sp,90,85,7792.1,1207.52,2,4.48,0.1342,0.0235,0.9765,High Volume,Excellent,93.62,Low Risk
7e959205cebc10adefcb331f934238a4,sao paulo,sp,2,2,513.9000000000001,32.65,0,1.0,0.0597,0.0,1.0,Low Volume,Poor,60.0,High Risk
2a261b5b644fa05f4f2700eb93544f2c,porto ferreira,sp,82,51,5355.0,2041.73,16,3.35,0.276,0.3137,0.6863,High Volume,Fair,67.82,Moderate Risk
f680f85bee2d253556ac91be391d2c82,carapicuiba,sp,54,45,5183.92,893.42,1,4.3,0.147,0.0222,0.9778,High Volume,Excellent,91.89,Low Risk
3785b653b1b82de85ab47dd139938091,ampere,pr,24,21,1552.0,481.27,0,4.75,0.2367,0.0,1.0,High Volume,Excellent,97.5,Low Risk
d379f449f2a3b271bc01c0782020f705,divinopolis,mg,29,28,4423.06,1076.74,1,3.93,0.1958,0.0357,0.9643,High Volume,Good,87.52,Low Risk
7ea5bfa6c340f58f8e71fc1f0412b0d6,belo horizonte,mg,104,98,11002.89,1660.99,6,4.08,0.1312,0.0612,0.9388,High Volume,Good,87.74,Low Risk
dc120d932ddf9d4dfb6fd68beefda622,sao jose dos pinhais,pr,1,1,130.0,14.44,0,1.0,0.1,0.0,1.0,Low Volume,Poor,60.0,High Risk
6902157ee16728322d61a1321fa79e58,sao paulo,sp,2,2,159.8,31.630000000000003,0,3.0,0.1652,0.0,1.0,Low Volume,Fair,80.0,Moderate Risk
f3041c2e75ec683697a6a5ea82192210,itauna,mg,1,1,145.0,24.0,0,5.0,0.142,0.0,1.0,Low Volume,Excellent,100.0,Low Risk
c54679b132454625907c773d273d4126,guaruja,sp,8,7,1032.0,107.92999999999999,0,4.88,0.0947,0.0,1.0,Mid Volume,Excellent,98.8,Low Risk
d26aa40b90272d4843d63be7c1462c8d,sao paulo,sp,2,2,152.9,24.52,0,4.5,0.1382,0.0,1.0,Low Volume,Excellent,95.0,Low Risk
a2fa0bdc798ee84cdb08281337cf4fb6,florianopolis,sc,13,10,392.75,218.27,0,4.23,0.3572,0.0,1.0,Mid Volume,Excellent,92.3,Low Risk
bd697db56ff8e7c9cd1abeb7f72029b2,sao paulo,sp,22,22,3069.78,345.42,0,4.18,0.1011,0.0,1.0,High Volume,Good,91.8,Low Risk
2aafae69bf4c41fbd94053d9413e87ee,porto alegre,rs,2,2,94.0,29.869999999999997,0,4.5,0.2411,0.0,1.0,Low Volume,Excellent,95.0,Low Risk
483ca627d131e18f988349b1655c0acd,mogi mirim,sp,1,1,264.0,19.73,0,5.0,0.0695,0.0,1.0,Low Volume,Excellent,100.0,Low Risk
1a3df491d1c4f1589fc2b934ada68bf2,joinville,sc,178,167,23302.7,4291.42,6,4.17,0.1555,0.0359,0.9641,High Volume,Good,89.9,Low Risk
e81e1f9c3e762e620f3fb60a51499e16,curitibanos,sc,18,17,4465.99,513.5,2,3.82,0.1031,0.1176,0.8824,High Volume,Good,82.32,Low Risk
4170f6a9367e6b5d6401d03ce6d54569,brasilia df,df,5,4,568.78,93.03,1,4.2,0.1406,0.25,0.75,Mid Volume,Good,79.5,Moderate Risk
4e480be820e37de1444325ff358c9296,tres coracoes,mg,2,1,430.3,143.44,0,5.0,0.25,0.0,1.0,Low Volume,Excellent,100.0,Low Risk
6560211a19b47992c3666cc44a7e94c0,sao paulo,sp,2033,1854,123304.83,27960.94,102,3.91,0.1848,0.055,0.945,High Volume,Good,86.35,Low Risk
3da38366e7bd9baf6369071f782ecdf0,fortaleza,ce,1,1,59.47,26.96,1,1.0,0.3119,1.0,0.0,Low Volume,Poor,10.0,High Risk
e3e290b38963293022cdcd6db8328103,sao paulo,sp,3,3,135.7,46.34,0,3.33,0.2546,0.0,1.0,Low Volume,Fair,83.3,Low Risk
70b52a4cfc823994561b00bad161b4ed,sao paulo,sp,10,8,585.0,100.35,0,4.5,0.1464,0.0,1.0,Mid Volume,Excellent,95.0,Low Risk
c1552b1dab6e6f760950368ae61fb600,sao jose dos campos,sp,2,2,53.8,14.89,0,2.5,0.2168,0.0,1.0,Low Volume,Poor,75.0,Moderate Risk
596849622429351f47b32e6cae1055ff,mogi das cruses,sp,14,14,1104.7,160.49,0,4.0,0.1269,0.0,1.0,High Volume,Good,90.0,Low Risk
e6ffc9ac6a7adc9d16a1cfc2286dd546,sao paulo,sp,1,1,34.99,8.29,0,1.0,0.1915,0.0,1.0,Low Volume,Poor,60.0,High Risk
bf0045791395e66460eb04749c68672a,sao paulo,sp,2,2,119.8,35.45,0,4.0,0.2283,0.0,1.0,Low Volume,Good,90.0,Low Risk
718539d38d07dd351c76db862760e2e2,campinas,sp,45,37,1318.9,659.05,0,4.33,0.3332,0.0,1.0,High Volume,Excellent,93.3,Low Risk
b76f4d90e85657a240495c876313adc5,hortolandia,sp,1,1,299.0,19.3,0,5.0,0.0606,0.0,1.0,Low Volume,Excellent,100.0,Low Risk
979e9f8b5b39dd243a2550c8b05aecf0,sao paulo,sp,4,3,525.0,46.88,0,5.0,0.082,0.0,1.0,Low Volume,Excellent,100.0,Low Risk
22a23e5ac7061fc538cc2a019afaaf16,belo horizonte,mg,1,1,95.0,14.42,0,3.0,0.1318,0.0,1.0,Low Volume,Fair,80.0,Moderate Risk
0b90b6df587eb83608a64ea8b390cf07,maringa,pr,210,164,28592.32,3615.32,7,4.0,0.1123,0.0427,0.9573,High Volume,Good,87.86,Low Risk
9200e6ce317b67196b6b0bad4d4bd567,rio de janeiro,rj,1,1,36.9,14.52,0,3.0,0.2824,0.0,1.0,Low Volume,Fair,80.0,Moderate Risk
4c60877808f4318ef1107fbeb8f89afa,atibaia,sp,2,2,118.0,32.63,0,4.0,0.2166,0.0,1.0,Low Volume,Good,90.0,Low Risk
3bb32fedaa74e4ad20f4ce067733bd31,porto belo,sc,3,2,103.69999999999999,58.86,0,4.67,0.3621,0.0,1.0,Low Volume,Excellent,96.7,Low Risk
ae8bfdbf1c2a2a2dee92d799db0a31c6,toledo,pr,8,8,339.92,146.22,0,4.12,0.3008,0.0,1.0,Mid Volume,Good,91.2,Low Risk
1927cdb9fa74f5270097f6250e8e8f34,marilia,sp,1,1,120.0,58.92,0,5.0,0.3293,0.0,1.0,Low Volume,Excellent,100.0,Low Risk
8a87611c08849ffeeccab52aa798b6c7,curitiba,pr,14,13,2369.8,485.32,0,2.64,0.17,0.0,1.0,Mid Volume,Fair,76.4,Moderate Risk
679769a98cfcc6da877c8486ff1c13f3,ipatinga,mg,21,21,7029.0,438.39,0,4.57,0.0587,0.0,1.0,High Volume,Excellent,95.7,Low Risk
acf974e4d5950ad143a247471b831eb9,caxias do sul,rs,12,5,423.8,329.82,0,4.8,0.4376,0.0,1.0,Mid Volume,Excellent,98.0,Low Risk
20a7efa9721046319bdde5d60b6b5365,laguna,sp,6,3,501.20000000000005,95.39,0,5.0,0.1599,0.0,1.0,Low Volume,Excellent,100.0,Low Risk
febab0275244b9a49a623f0bd613ca2f,pedreira,sp,129,109,7272.42,3016.75,4,4.26,0.2932,0.0367,0.9633,High Volume,Excellent,90.76,Low Risk
f3da5b2ff499efb8d4a6d371d175d7dd,sao paulo,sp,84,79,3702.29,1124.57,9,3.85,0.233,0.1139,0.8861,High Volume,Good,82.8,Low Risk
436bf27f2f18474fc6047702e9f8a866,campinas,sp,1,1,29.9,14.52,0,5.0,0.3269,0.0,1.0,Low Volume,Excellent,100.0,Low Risk
d2f3e277560ed4c6361284429b00f037,atibaia,sp,7,7,320.55,134.11,0,4.71,0.295,0.0,1.0,Mid Volume,Excellent,97.1,Low Risk
cd843d4cf8ef32827de0396605163ba3,juiz de fora,mg,5,5,1915.0,697.56,0,3.8,0.267,0.0,1.0,Mid Volume,Good,88.0,Low Risk
67883baaae6134ee81b271a542613728,sao paulo,sp,19,19,8167.9,328.12,1,4.11,0.0386,0.0526,0.9474,High Volume,Good,88.47,Low Risk
7dc9a3355bae96dd82008b313d3a456c,dores de campos,mg,1,1,899.0,50.62,0,5.0,0.0533,0.0,1.0,Low Volume,Excellent,100.0,Low Risk
05e107217c7266362fd44b75b2cd4cc4,sao paulo  sp,sp,8,5,193.38,82.00999999999999,2,4.12,0.2978,0.4,0.6,Mid Volume,Good,71.2,Moderate Risk
1acde099eb406aa220b1169b188b42da,sao paulo,sp,10,9,311.1,147.4,0,4.3,0.3215,0.0,1.0,Mid Volume,Excellent,93.0,Low Risk
d97df38225e5abadaff1e72cb72b823c,sao caetano do sul,sp,29,29,1846.0,516.92,4,3.93,0.2188,0.1379,0.8621,High Volume,Good,82.4,Low Risk
45213867cefbf2cd4c6177e10216a951,araras,sp,14,14,4955.42,433.74,1,3.86,0.0805,0.0714,0.9286,High Volume,Good,85.03,Low Risk
61b893c57e33626afb104d4112b1be76,divisa nova,mg,1,1,74.99,13.1,0,1.0,0.1487,0.0,1.0,Low Volume,Poor,60.0,High Risk
a420f60ff1aa9acc80d0e42959f2b313,sao paulo,sp,69,67,7443.3,1099.97,5,3.93,0.1288,0.0746,0.9254,High Volume,Good,85.57,Low Risk
ff4ea69c2a729e83e63c7579e4ef8170,guarulhos,sp,9,9,7017.0,171.62,0,4.5,0.0239,0.0,1.0,Mid Volume,Excellent,95.0,Low Risk
fa5fdc4e4bb6bd1009ad0e4ac4096562,santo andre,sp,1,1,161.99,32.86,0,5.0,0.1686,0.0,1.0,Low Volume,Excellent,100.0,Low Risk
916748bc99315c2d202898ae58b1617e,sorocaba,sp,32,25,369.40000000000003,377.11,0,4.34,0.5052,0.0,1.0,High Volume,Excellent,93.4,Low Risk
bc2ac6b95e1accce9858528ee566c17e,campinas,sp,22,18,2045.0,234.56,0,4.64,0.1029,0.0,1.0,High Volume,Excellent,96.4,Low Risk
25debeafbce801fdd479539350185eee,igaracu do tiete,sp,7,6,302.84000000000003,100.01,0,2.43,0.2483,0.0,1.0,Mid Volume,Poor,74.3,Moderate Risk
02c988090b766852e088c69d7fb3b551,americana,sp,17,13,1618.65,218.3,0,4.69,0.1188,0.0,1.0,Mid Volume,Excellent,96.9,Low Risk
e5f9e61ceb5f523cc966e0f34095032f,brusque,sc,4,4,2238.0,115.44,1,4.0,0.0491,0.25,0.75,Mid Volume,Good,77.5,Moderate Risk
ad97a199236354e53fcd91a5a913e9a2,brusque,sc,18,17,13205.9,868.8,2,4.5,0.0617,0.1176,0.8824,High Volume,Excellent,89.12,Low Risk
3606774ec64634822d78dc2db6d37045,sao caetano do sul,sp,2,2,299.8,45.400000000000006,0,3.0,0.1315,0.0,1.0,Low Volume,Fair,80.0,Moderate Risk
94165aea8a35c3c21499cbcae239b16c,uberlandia,mg,1,1,180.0,16.11,0,2.0,0.0821,0.0,1.0,Low Volume,Poor,70.0,Moderate Risk
c8665a4dd081a2c436b1cd921079d0d9,pitangueiras,sp,1,1,79.39,14.14,0,5.0,0.1512,0.0,1.0,Low Volume,Excellent,100.0,Low Risk
c7dcd301ecfe5ab7f778ac172cf74be7,belo horizonte,mg,4,4,457.69,62.14,0,2.5,0.1195,0.0,1.0,Mid Volume,Poor,75.0,Moderate Risk
6c17baf138731a4aaacc3210adf2037b,franca,sp,5,4,538.8,89.92,0,5.0,0.143,0.0,1.0,Mid Volume,Excellent,100.0,Low Risk
50c361bcf670d16f6df4d52de3dff924,sao paulo,sp,1,1,35.0,16.6,0,1.0,0.3217,0.0,1.0,Low Volume,Poor,60.0,High Risk
32e5635e63cb374eb63afdd242fb6134,rio de janeiro,rj,1,1,910.0,17.82,0,5.0,0.0192,0.0,1.0,Low Volume,Excellent,100.0,Low Risk
c1f12f926d0ba950578b4fa41115cbb6,sao paulo,sp,4,2,479.6,76.96,1,4.5,0.1383,0.5,0.5,Low Volume,Excellent,70.0,Moderate Risk
8602a61d680a10a82cceeeda0d99ea3d,sao paulo,sp,19,17,826.99,252.91,0,4.47,0.2342,0.0,1.0,High Volume,Excellent,94.7,Low Risk
c3acdfac4e3e97ff87529454fbc03642,sao paulo,sp,12,12,16788.0,269.28000000000003,1,4.25,0.0158,0.0833,0.9167,Mid Volume,Excellent,88.34,Low Risk
fde0cc9ea29c8ccfc0a2c22256a58c71,curitiba,pr,35,35,3922.0,999.27,1,4.49,0.2031,0.0286,0.9714,High Volume,Excellent,93.47,Low Risk
e63e8bfa530fb16910dd6956e592bb81,guarulhos,sp,43,42,1311.7,667.47,2,4.26,0.3372,0.0476,0.9524,High Volume,Excellent,90.22,Low Risk
c4f7fee5b0db50e87766f5a4d1b1b758,sorocaba,sp,9,8,11961.829999999998,571.77,0,2.67,0.0456,0.0,1.0,Mid Volume,Fair,76.7,Moderate Risk
d7485b33791774c36108f8c69602d48d,curitiba,pr,10,10,399.82,219.32,1,3.7,0.3542,0.1,0.9,Mid Volume,Good,82.0,Low Risk
515d781150feed28a6ac091bb0e3cb8c,campo grande,ms,6,6,1002.35,152.37,0,4.17,0.132,0.0,1.0,Mid Volume,Good,91.7,Low Risk
e908c0f3646e8b60375734a350d95d71,sao paulo,sp,1,1,2951.0,58.53,0,4.0,0.0194,0.0,1.0,Low Volume,Good,90.0,Low Risk
2646baaf662d4d92ac48f047e35db92d,sao paulo,sp,18,15,1263.05,286.34,1,4.56,0.1848,0.0667,0.9333,High Volume,Excellent,92.26,Low Risk
13fa2a6c6b9d0f43cb588d7c82117a12,sao paulo,sp,10,9,4528.0,191.44,3,4.0,0.0406,0.3333,0.6667,Mid Volume,Good,73.34,Moderate Risk
5343d0649eca2a983820bfe93fc4d17e,santo andre,sp,111,71,10000.64,2392.59,10,3.61,0.1931,0.1408,0.8592,High Volume,Good,79.06,Moderate Risk
7c9130f5f3729edd32aa059141d92484,garca,sp,4,3,126.0,67.15,0,3.75,0.3477,0.0,1.0,Low Volume,Good,87.5,Low Risk
e4ebd3f87bf70440014f07ddda7fbe03,presidente epitacio,sp,7,7,671.5,115.75999999999999,0,4.57,0.147,0.0,1.0,Mid Volume,Excellent,95.7,Low Risk
33a17d60c64393351ebf1ef860f4e0f2,porto alegre,rs,47,43,8152.4800000000005,1279.38,1,4.62,0.1356,0.0233,0.9767,High Volume,Excellent,95.04,Low Risk
640e21a7d01df7614a3b4923e990d40c,ibitinga,sp,137,116,7598.88,2446.24,5,4.26,0.2435,0.0431,0.9569,High Volume,Excellent,90.44,Low Risk
d57e18d5f73c7ccb7f7339b61166898d,sao paulo,sp,63,61,3187.7,923.49,0,4.44,0.2246,0.0,1.0,High Volume,Excellent,94.4,Low Risk
dd2bdf855a9172734fbc3744021ae9b9,belo horizonte,mg,113,108,10816.7,2037.18,6,3.79,0.1585,0.0556,0.9444,High Volume,Good,85.12,Low Risk
9d213f303afae4983637247556438ede,ibitinga,sp,3,2,47.7,73.11,0,5.0,0.6052,0.0,1.0,Low Volume,Excellent,100.0,Low Risk
aadfe0417e61315688b6bd7043361e25,goiania,go,1,1,289.9,14.28,0,4.0,0.0469,0.0,1.0,Low Volume,Good,90.0,Low Risk
079d295dcbf06ee8bb1b65ba964eb2b6,sao paulo,sp,10,5,349.3,190.79,0,4.8,0.3533,0.0,1.0,Mid Volume,Excellent,98.0,Low Risk
55c26bcb609f480eb7868594245febb5,tabatinga,sp,6,6,664.4000000000001,161.82999999999998,0,4.0,0.1959,0.0,1.0,Mid Volume,Good,90.0,Low Risk
cbf09e831b0c11f6f23ffb51004db972,sbcsp,sp,10,10,1535.2,280.2,0,4.4,0.1543,0.0,1.0,Mid Volume,Excellent,94.0,Low Risk
7fdb0720c8d7c9075538b365dc8c3a22,toledo,pr,10,9,1804.0,484.31,1,2.4,0.2116,0.1111,0.8889,Mid Volume,Poor,68.44,Moderate Risk
933446e9a59dece7ae9175103820ca8f,curitiba,pr,3,2,381.39,57.459999999999994,0,2.33,0.1309,0.0,1.0,Low Volume,Poor,73.3,Moderate Risk
3f8247d0f772ffa58560e5c682521ad5,joinville,sc,1,1,139.9,18.55,0,3.0,0.1171,0.0,1.0,Low Volume,Fair,80.0,Moderate Risk
e46bc031f2c5bae4ccb40bb90712e9b4,sao paulo,sp,1,1,277.3,50.09,0,1.0,0.153,0.0,1.0,Low Volume,Poor,60.0,High Risk
4aba391bc3b88717ce08eb11e44937b2,arraial dajuda porto seguro,ba,30,29,7595.87,839.34,4,3.9,0.0995,0.1379,0.8621,High Volume,Good,82.1,Low Risk
fcba71d4d5db057f43249145e4eb1e27,limeira,sp,3,3,494.55,53.72,0,4.67,0.098,0.0,1.0,Low Volume,Excellent,96.7,Low Risk
c747d5b92c7648417faea95d36d763e8,pacatuba,ce,1,1,139.0,85.75,0,5.0,0.3815,0.0,1.0,Low Volume,Excellent,100.0,Low Risk
715bbd5ba4e6b74cb0d2f29eb45058b0,serra negra,sp,64,62,4043.3,1272.58,5,4.47,0.2394,0.0806,0.9194,High Volume,Excellent,90.67,Low Risk
1430239a858e7682bbc43b20758af153,sao paulo,sp,23,18,660.79,268.75,0,3.96,0.2891,0.0,1.0,High Volume,Good,89.6,Low Risk
bb7a14e229b1c95156719c3d9552eeee,rio de janeiro,rj,11,11,3190.1,329.34999999999997,1,4.18,0.0936,0.0909,0.9091,Mid Volume,Good,87.26,Low Risk
d598f929fc44e1e38678e7f47250ec04,formosa,go,1,1,69.9,37.4,0,5.0,0.3486,0.0,1.0,Low Volume,Excellent,100.0,Low Risk
edc518ba25576a0188a0e8f2c3af186f,guarulhos,sp,8,6,1647.3899999999999,262.15999999999997,0,3.5,0.1373,0.0,1.0,Mid Volume,Fair,85.0,Low Risk
4c18691b6037662be2df78a765d98ab5,sao paulo,sp,67,63,3195.52,1120.99,4,3.84,0.2597,0.0635,0.9365,High Volume,Good,85.22,Low Risk
8f2b51a30523cdecddc2f179f351c7d6,sao paulo,sp,8,7,1027.9,148.32999999999998,0,3.88,0.1261,0.0,1.0,Mid Volume,Good,88.8,Low Risk
6b536a23086fba0d58c08d68814397f6,niteroi,rj,23,19,2068.8,369.17,2,3.91,0.1514,0.1053,0.8947,High Volume,Good,83.84,Low Risk
95f83f51203c626648c875dd41874c7f,borda da mata,mg,67,52,3217.46,1609.05,2,3.21,0.3334,0.0385,0.9615,High Volume,Fair,80.18,Low Risk
6b243f80ed07b10f0e8aa0f21a205f3c,curitiba,pr,89,79,6260.1,1547.3,3,4.02,0.1982,0.038,0.962,High Volume,Good,88.3,Low Risk
e7f3bf1ecd8526eb7f3b18059e6716e5,ubatuba,sp,19,18,1471.54,276.15,0,4.37,0.158,0.0,1.0,High Volume,Excellent,93.7,Low Risk
4d600e08ecbe08258c79e536c5a42fee,entre rios do oeste,pr,8,8,4465.34,168.12,0,4.0,0.0363,0.0,1.0,Mid Volume,Good,90.0,Low Risk
2089a6d640999f9b9141ac719b2af596,sao carlos,sp,44,44,8830.82,695.12,5,3.73,0.073,0.1136,0.8864,High Volume,Good,81.62,Low Risk
2a167ca73899c85001a837d8fb4962f6,sao paulo,sp,3,2,4097.0,100.62,0,4.33,0.024,0.0,1.0,Low Volume,Excellent,93.3,Low Risk
458c6fa920810ce2492da71bc26d9eec,catanduva,sp,2,2,756.76,105.61,0,2.5,0.1225,0.0,1.0,Low Volume,Poor,75.0,Moderate Risk
7494d0dcba8551df6cf37f1b905dc2f7,santos,sp,1,1,45.9,17.07,0,3.0,0.2711,0.0,1.0,Low Volume,Fair,80.0,Moderate Risk
698f5fa55a5f73d0740e9d9a773e8093,rio de janeiro,rj,6,4,120.0,83.99,0,4.83,0.4117,0.0,1.0,Mid Volume,Excellent,98.3,Low Risk
4f0d637c1197fd65405ebd755ac9f86b,taboao da serra,sp,2,2,199.8,32.67,0,5.0,0.1405,0.0,1.0,Low Volume,Excellent,100.0,Low Risk
3969863bb8af7f72580b3b1ffd3a17b3,sao paulo,sp,13,12,623.15,226.87,0,4.0,0.2669,0.0,1.0,Mid Volume,Good,90.0,Low Risk
2a5b78b41cd05baeac8df54c6606b92c,formiga,mg,60,49,19025.36,1107.47,1,4.08,0.055,0.0204,0.9796,High Volume,Good,89.78,Low Risk
1f7dfad2cb384ea4d2d7e1ffbd78c407,sao paulo,sp,1,1,49.0,8.29,0,1.0,0.1447,0.0,1.0,Low Volume,Poor,60.0,High Risk
08f5819815f3d06545011850bd70f0a8,santos,sp,3,3,452.0,70.83,0,4.67,0.1355,0.0,1.0,Low Volume,Excellent,96.7,Low Risk
b32be1695eb7ec5f10f72d9610a12527,caxias do sul,rs,46,45,26874.0,2957.02,2,4.09,0.0991,0.0444,0.9556,High Volume,Good,88.68,Low Risk
b94cc9f10ddc85e4ba73a6f7974e7101,macae,rj,39,39,25346.1,1022.39,2,4.3,0.0388,0.0513,0.9487,High Volume,Excellent,90.44,Low Risk
53243585a1d6dc2643021fd1853d8905,lauro de freitas,ba,410,358,222776.05,13080.63,12,4.08,0.0555,0.0335,0.9665,High Volume,Good,89.12,Low Risk
6df688df543f90e9b38f4319e75a9d88,belo horizonte,mg,56,40,1949.96,783.6,0,4.52,0.2867,0.0,1.0,High Volume,Excellent,95.2,Low Risk
7f40d06aa0b5f1aa4f41af8c0480e2ef,rio claro,sp,6,6,1309.94,125.67999999999999,0,4.83,0.0875,0.0,1.0,Mid Volume,Excellent,98.3,Low Risk
dd88d13bea9e4c2bf47daf224f8141e5,lajeado,rs,1,1,458.0,29.38,0,5.0,0.0603,0.0,1.0,Low Volume,Excellent,100.0,Low Risk
72c38a04bd6a1c3dbc5298425a0db86d,cascavel,pr,5,4,647.3,113.35,0,3.8,0.149,0.0,1.0,Mid Volume,Good,88.0,Low Risk
9e17b9d64683aebcbb9ee362d06463b4,ribeirao preto,sp,3,2,98.69999999999999,37.97,0,1.0,0.2778,0.0,1.0,Low Volume,Poor,60.0,High Risk
b5bb2b985208834bd5bd86c7a402bbad,venancio aires,rs,2,2,621.06,38.66,0,5.0,0.0586,0.0,1.0,Low Volume,Excellent,100.0,Low Risk
b1fecf4da1fa2689bccffa0121953643,campo grande,ms,20,19,3669.64,397.08,0,4.95,0.0976,0.0,1.0,High Volume,Excellent,99.5,Low Risk
7b1222c3624aa89b9558b50a2594188c,sao jose do rio preto,sp,22,22,10103.52,457.57,3,4.45,0.0433,0.1364,0.8636,High Volume,Excellent,87.68,Low Risk
e595809a6c31ec4314fd06ef198c244d,navegantes,sc,1,1,39.0,18.23,0,5.0,0.3185,0.0,1.0,Low Volume,Excellent,100.0,Low Risk
ba6b68b55fe8704377a7d43c8e5c0185,belo horizonte,mg,5,5,739.77,92.44999999999999,0,4.2,0.1111,0.0,1.0,Mid Volume,Good,92.0,Low Risk
b8114f2f589a6804810f04f99b36b498,sao bernardo do campo,sp,11,8,1399.62,292.41,0,4.73,0.1728,0.0,1.0,Mid Volume,Excellent,97.3,Low Risk
83d7070a0b9a8b4625fa8682b819fabb,cotia,sp,2,2,694.77,127.63,0,1.0,0.1552,0.0,1.0,Low Volume,Poor,60.0,High Risk
570d4583587a5fe2d47c7be89b91ad27,sao paulo,sp,2,2,125.25,23.67,0,5.0,0.1589,0.0,1.0,Low Volume,Excellent,100.0,Low Risk
9591fc341b1bfb7ef561e2968ec6e011,sao paulo,sp,1,1,79.9,14.31,0,1.0,0.1519,0.0,1.0,Low Volume,Poor,60.0,High Risk
0af977692321d895349eded183341d28,santos,sp,2,2,257.75,19.47,0,4.5,0.0702,0.0,1.0,Low Volume,Excellent,95.0,Low Risk
b33aaadd1a8891d2dfef0c4c3bdf0371,limeira,sp,17,16,1504.0,359.04,2,3.76,0.1927,0.125,0.875,High Volume,Good,81.35,Low Risk
5d9dc90a686a8fddacffab6bab5653a3,santana de parnaiba,sp,12,12,3761.94,369.33,1,4.17,0.0894,0.0833,0.9167,Mid Volume,Good,87.54,Low Risk
cc80e2f693fa6e2408f47ccf62413fc1,curitiba,pr,2,2,420.0,88.63,0,4.0,0.1743,0.0,1.0,Low Volume,Good,90.0,Low Risk
dee656f0f566ed1aa85bd137c943f08f,cruzeiro,sp,95,93,6271.9800000000005,1696.69,4,4.38,0.2129,0.043,0.957,High Volume,Excellent,91.65,Low Risk
ace601496e211a664100321f038f50af,sao paulo,sp,1,1,165.0,14.92,0,2.0,0.0829,0.0,1.0,Low Volume,Poor,70.0,Moderate Risk
d673a59aac7a70d8b01e6902bf090a11,ibitinga,sp,84,79,3908.94,1590.62,6,3.96,0.2892,0.0759,0.9241,High Volume,Good,85.8,Low Risk
966cb4760537b1404caedd472cc610a5,diadema,sp,75,75,51286.05,1649.82,2,3.85,0.0312,0.0267,0.9733,High Volume,Good,87.16,Low Risk
d4a5e99e0dd915df64ba55a7fbd583fd,sao paulo,sp,6,2,65.15,84.6,0,1.67,0.5649,0.0,1.0,Low Volume,Poor,66.7,Moderate Risk
6bcb2352a2a0c38b845f598298ab9d26,maringa,pr,2,2,31.8,27.58,0,3.0,0.4645,0.0,1.0,Low Volume,Fair,80.0,Moderate Risk
2c2c9832d1bb38c5b0034a3b47d313ee,santa maria,rs,1,1,49.9,18.45,0,3.0,0.2699,0.0,1.0,Low Volume,Fair,80.0,Moderate Risk
f3b80352b986ab4d1057a4b724be19d0,brasilia,df,92,87,10505.1,2187.63,0,4.13,0.1724,0.0,1.0,High Volume,Good,91.3,Low Risk
b452cb0ae35044c4a53179c39f49fb06,sorocaba,sp,2,2,63.699999999999996,38.29,0,4.0,0.3754,0.0,1.0,Low Volume,Good,90.0,Low Risk
0307f7565ff85b299b6e5ef162b1b1a9,sao jose do rio preto,sp,7,7,4728.8,274.77,0,3.14,0.0549,0.0,1.0,Mid Volume,Fair,81.4,Low Risk
ffeee66ac5d5a62fe688b9d26f83f534,mirassol,sp,14,14,1839.8600000000001,419.69,2,4.21,0.1857,0.1429,0.8571,High Volume,Excellent,84.96,Low Risk
3bfad056cf05c00dabe2f895925d83b1,osasco,sp,5,1,206.64999999999998,46.7,0,1.0,0.1843,0.0,1.0,Low Volume,Poor,60.0,High Risk
9aa388272ee334b6ae07bc73706e254a,muriae,mg,7,6,678.0,183.46,0,3.86,0.213,0.0,1.0,Mid Volume,Good,88.6,Low Risk
74bafed391319577bce6f4d2acc0589a,sao paulo,sp,3,3,1847.0,237.73,0,2.67,0.114,0.0,1.0,Low Volume,Fair,76.7,Moderate Risk
2b03ac196f5ed62ac483960fe0fa3b65,sao paulo,sp,7,7,843.1,92.09,1,4.14,0.0985,0.1429,0.8571,Mid Volume,Good,84.26,Low Risk
0b64bcdb0784abc139af04077d49a20e,canoas,rs,4,4,137.6,68.21000000000001,0,4.75,0.3314,0.0,1.0,Mid Volume,Excellent,97.5,Low Risk
0bfd0b434243adc5c2e1aa6baf19c6aa,rio de janeiro,rj,6,6,371.20000000000005,65.78999999999999,0,3.67,0.1506,0.0,1.0,Mid Volume,Good,86.7,Low Risk
92d14edfb62ee5ae7fdff70b0f4e7233,sao bernardo do campo,sp,13,8,322.0,165.65,0,2.77,0.3397,0.0,1.0,Mid Volume,Fair,77.7,Moderate Risk
5e105f5c9f63f5f1fd75d6cb942e55b1,sao jose do rio preto,sp,8,8,1471.9,273.83,0,4.5,0.1569,0.0,1.0,Mid Volume,Excellent,95.0,Low Risk
2fb25ab44bdbeae6a4d816e0d0c9d500,volta redonda,rj,5,5,683.08,78.21000000000001,0,4.8,0.1027,0.0,1.0,Mid Volume,Excellent,98.0,Low Risk
ed4311e67debd72b8610a5347a743087,guarulhos,sp,26,25,3636.0,706.81,1,4.48,0.1628,0.04,0.96,High Volume,Excellent,92.8,Low Risk
5bf397d04035b5f45cc41e82ec106803,sao paulo,sp,4,3,1525.0,47.28,0,4.25,0.0301,0.0,1.0,Low Volume,Excellent,92.5,Low Risk
f9bbdd976532d50b7816d285a22bd01e,sao paulo,sp,2,2,268.0,30.369999999999997,0,5.0,0.1018,0.0,1.0,Low Volume,Excellent,100.0,Low Risk
e3e15e2c0b9700561efac21c6be48066,sao paulo,sp,4,3,97.24,42.5,0,2.5,0.3041,0.0,1.0,Low Volume,Poor,75.0,Moderate Risk
a5bff0f43eb51f0cad7c37fac7244c8a,sao paulo,sp,5,4,445.0,96.27000000000001,0,4.8,0.1779,0.0,1.0,Mid Volume,Excellent,98.0,Low Risk
f52c2422904463fdd7741f99045fecb6,santo andresao paulo,sp,13,12,567.79,177.01,0,4.31,0.2377,0.0,1.0,Mid Volume,Excellent,93.1,Low Risk
14f2b3587172b9db894c9bad8dab520b,ipe,rs,2,2,244.0,86.06,0,2.5,0.2607,0.0,1.0,Low Volume,Poor,75.0,Moderate Risk
1354d51653f645349064725ed204e85e,sao paulo,sp,20,18,2410.0,284.72,0,3.8,0.1057,0.0,1.0,High Volume,Good,88.0,Low Risk
eaaa46e98c9e61f6764dd1d7a2ab8b3e,messias targino,rn,1,1,98.0,27.64,0,5.0,0.22,0.0,1.0,Low Volume,Excellent,100.0,Low Risk
5b664594895aefb418afaee6d40a9a23,petropolis,rj,22,16,1008.8,226.38,0,3.64,0.1833,0.0,1.0,High Volume,Good,86.4,Low Risk
bf00385a5f7fc1ef39a13c2e9ee50a5f,sao paulo,sp,29,29,870.3,342.73,0,4.31,0.2825,0.0,1.0,High Volume,Excellent,93.1,Low Risk
391bbd13b6452244774beff1824006ed,campinas,sp,2,2,127.8,35.4,1,1.0,0.2169,0.5,0.5,Low Volume,Poor,35.0,High Risk
c714262700f93defc16bf17a51a4cb23,sao paulo,sp,4,4,421.8,69.53,0,3.75,0.1415,0.0,1.0,Mid Volume,Good,87.5,Low Risk
bcd2d7510d58e293f20fad6438c1b314,curitiba,pr,1,1,23.9,15.56,1,3.97,0.3943,1.0,0.0,Low Volume,Good,39.7,High Risk
ec4608a1f76453166bb312b2968aeaf4,porto ferreira,sp,35,18,1181.75,939.61,4,2.69,0.4429,0.2222,0.7778,High Volume,Fair,65.79,Moderate Risk
5c603ffb38cbbf25a0e0698941324143,varginha,mg,2,2,348.8,44.81,0,1.0,0.1138,0.0,1.0,Low Volume,Poor,60.0,High Risk
2bd05d410a8fd26dc4184a15f4f2f588,belo horizonte,mg,7,6,1316.73,198.54,0,5.0,0.131,0.0,1.0,Mid Volume,Excellent,100.0,Low Risk
4dab98ca6cd6d3df586203cefd28a042,porto alegre,rs,1,1,154.9,18.33,0,5.0,0.1058,0.0,1.0,Low Volume,Excellent,100.0,Low Risk
293dee954235e4e4e43f129313625ebe,brasilia,df,8,8,1778.92,240.3,0,5.0,0.119,0.0,1.0,Mid Volume,Excellent,100.0,Low Risk
cd68562d3f44870c08922d380acae552,ribeirao preto,sp,132,125,18569.7,2207.49,23,3.84,0.1062,0.184,0.816,High Volume,Good,79.2,Moderate Risk
082e0bf4cb865a6533b1e8e498cc0255,botucatu,sp,23,11,2073.3,991.03,3,3.3,0.3234,0.2727,0.7273,Mid Volume,Fair,69.36,Moderate Risk
c286ec035ee04ba81c97508f0b5df544,curitiba,pr,2,2,493.0,72.9,0,2.5,0.1288,0.0,1.0,Low Volume,Poor,75.0,Moderate Risk
dd8a29ce82d5c705ba932d81494600a5,sao paulo,sp,2,2,205.75,27.5,0,3.5,0.1179,0.0,1.0,Low Volume,Fair,85.0,Low Risk
41da412d33e8da4f22baf55cb1bde82c,domingos martins,es,21,15,862.9,374.16,0,4.71,0.3025,0.0,1.0,High Volume,Excellent,97.1,Low Risk
782f78b632a43875dd5b53e3e49c9564,campinas,sp,3,2,146.01,41.56,0,3.67,0.2216,0.0,1.0,Low Volume,Good,86.7,Low Risk
28405831a29823802aa22c084cfd0649,sao paulo,sp,7,7,245.0,88.18,0,4.29,0.2647,0.0,1.0,Mid Volume,Excellent,92.9,Low Risk
fe19dce63ae80346207c6c55713d1023,uberaba,mg,1,1,49.9,21.82,0,5.0,0.3042,0.0,1.0,Low Volume,Excellent,100.0,Low Risk
a67780aba9dd436e7ac0aa1f889e73ec,presidente prudente,sp,6,6,863.0,178.04000000000002,1,3.67,0.171,0.1667,0.8333,Mid Volume,Good,78.37,Moderate Risk
d594982fd877af63ace38ea1fca27c76,sao paulo,sp,7,7,217.04,92.66,0,4.43,0.2992,0.0,1.0,Mid Volume,Excellent,94.3,Low Risk
dda37071807e404c5bb2a1590c66326f,sao paulo,sp,1,1,199.99,19.28,0,5.0,0.0879,0.0,1.0,Low Volume,Excellent,100.0,Low Risk
5bc55dbe2f12b6af6d83ed46023e0dc8,coronel fabriciano,mg,21,17,2992.1,417.28,4,2.33,0.1224,0.2353,0.7647,High Volume,Poor,61.54,Moderate Risk
b1b3948701c5c72445495bd161b83a4c,sao paulo,sp,18,18,24699.19,486.3,9,1.72,0.0193,0.5,0.5,High Volume,Poor,42.2,High Risk
4e92348462c75b6c842b994ce84a0ed4,cachoeirinha,rs,1,1,69.9,15.59,0,5.0,0.1824,0.0,1.0,Low Volume,Excellent,100.0,Low Risk
6e13dd869aa7185f601c941423abcc8f,sao paulo,sp,6,5,522.0,76.08,0,4.83,0.1272,0.0,1.0,Mid Volume,Excellent,98.3,Low Risk
723cd880edaacdb998898b67c8f9da30,ibitinga,sp,12,11,2136.5299999999997,413.1,1,4.17,0.162,0.0909,0.9091,Mid Volume,Good,87.16,Low Risk
00ee68308b45bc5e2660cd833c3f81cc,sao paulo,sp,172,135,20260.0,3180.66,11,4.33,0.1357,0.0815,0.9185,High Volume,Excellent,89.22,Low Risk
1fbe10c70e30765ed1de86d9f7e98409,maua,sp,6,2,98.75,59.36,0,1.5,0.3754,0.0,1.0,Low Volume,Poor,65.0,Moderate Risk
001e6ad469a905060d959994f1b41e4f,sao goncalo,rj,1,1,250.0,17.94,0,1.0,0.067,0.0,1.0,Low Volume,Poor,60.0,High Risk
685b870da5b52a710782c9c0fefbeb5b,sao bernardo do campo,sp,2,2,627.0,43.98,2,2.0,0.0655,1.0,0.0,Low Volume,Poor,20.0,High Risk
701938c450705b8ae65fc923b70f35c7,s jose do rio preto,sp,112,75,11983.28,3808.84,4,3.77,0.2412,0.0533,0.9467,High Volume,Good,85.04,Low Risk
f3862c2188522d89860c38a3ea8b550d,ribeirao preto,sp,1,1,15.5,12.79,0,5.0,0.4521,0.0,1.0,Low Volume,Excellent,100.0,Low Risk
f5f1f2c5f923f36ad79ea1d07185ddc9,taruma,sp,13,12,1912.15,203.68,1,3.08,0.0963,0.0833,0.9167,Mid Volume,Fair,76.64,Moderate Risk
cf8ab1616079e2793aa29d524df01bb1,sao paulo,sp,9,9,14391.0,759.37,1,2.0,0.0501,0.1111,0.8889,Mid Volume,Poor,64.44,Moderate Risk
160851d3ece7aa1a510f8d1a4bb8a8af,garca,sp,2,2,102.05,39.099999999999994,0,5.0,0.277,0.0,1.0,Low Volume,Excellent,100.0,Low Risk
61c36f0fc4a47f9532e5512b66668e62,guarulhos,sp,1,1,750.0,17.69,0,1.0,0.023,0.0,1.0,Low Volume,Poor,60.0,High Risk
59b22a78efb79a4797979612b885db36,uberlandia,mg,133,125,27184.5,4897.57,15,3.97,0.1527,0.12,0.88,High Volume,Good,83.7,Low Risk
553a440137d6e0cf776aee0bb83ac9f5,limeira,sp,2,2,144.8,30.34,1,1.0,0.1732,0.5,0.5,Low Volume,Poor,35.0,High Risk
ea8482cd71df3c1969d7b9473ff13abc,sao paulo,sp,1203,1146,37177.52,17544.77,100,3.95,0.3206,0.0873,0.9127,High Volume,Good,85.14,Low Risk
72bc2cce903c872fe376a8faaa81d237,sao paulo,sp,18,17,2149.2,255.77,0,4.44,0.1064,0.0,1.0,High Volume,Excellent,94.4,Low Risk
65c255b299faf2d12050937cc219c46c,sao paulo,sp,2,2,88.2,21.88,0,4.5,0.1988,0.0,1.0,Low Volume,Excellent,95.0,Low Risk
f09e26011d833ddab11593c1a097a92a,pirassununga,sp,1,1,79.9,22.19,0,1.0,0.2174,0.0,1.0,Low Volume,Poor,60.0,High Risk
72c73be2b085b9d57650dd53eb2004c9,sao paulo,sp,1,1,29.4,17.92,0,5.0,0.3787,0.0,1.0,Low Volume,Excellent,100.0,Low Risk
c2bda99904207edd1834f03e0022b007,sao paulo,sp,2,2,79.8,21.88,0,2.5,0.2152,0.0,1.0,Low Volume,Poor,75.0,Moderate Risk
3d4824f20035949c710eaf111f869d39,sorocaba,sp,10,9,1041.04,173.54,2,3.9,0.1429,0.2222,0.7778,Mid Volume,Good,77.89,Moderate Risk
042573af89b6d931f672efaf789d8358,sorocaba,sp,3,3,413.48,65.09,1,3.67,0.136,0.3333,0.6667,Low Volume,Good,70.04,Moderate Risk
5b925e1d006e9476d738aa200751b73b,sao paulo,sp,63,63,7748.5,1053.34,4,4.6,0.1197,0.0635,0.9365,High Volume,Excellent,92.82,Low Risk
06bb3a2fe5e7b7a845b13e8fb91bd944,belo horizonte,mg,18,17,1536.19,326.14,0,4.61,0.1751,0.0,1.0,High Volume,Excellent,96.1,Low Risk
5f5a58930c3c35f3b5af264f34fb8c85,ribeirao preto,sp,3,3,560.0,68.59,0,5.0,0.1091,0.0,1.0,Low Volume,Excellent,100.0,Low Risk
fe2032dab1a61af8794248c8196565c9,campinas,sp,306,294,65959.61,4721.34,26,4.38,0.0668,0.0884,0.9116,High Volume,Excellent,89.38,Low Risk
3092c0b297aacfb4bb6e056ebe13b9b8,aruja,sp,21,19,1623.9,360.09,0,3.57,0.1815,0.0,1.0,High Volume,Good,85.7,Low Risk
c004e5ea15737026cecaee0447e00b75,sao paulo,sp,2,2,4700.0,174.32,1,1.0,0.0358,0.5,0.5,Low Volume,Poor,35.0,High Risk
8629a7efec1aab257e58cda559f03ba7,goiania,go,1,1,45.22,18.89,1,1.0,0.2946,1.0,0.0,Low Volume,Poor,10.0,High Risk
1c56ffe0e9dea2657fc6e95b53f40b13,sao carlos,sp,3,3,183.0,84.39,0,4.33,0.3156,0.0,1.0,Low Volume,Excellent,93.3,Low Risk
74a9b9bddf14ece02beb81f52c41a88d,sao paulo,sp,2,2,95.0,22.06,0,3.5,0.1885,0.0,1.0,Low Volume,Fair,85.0,Low Risk
1cbd32d00d01bb8087a5eb088612fd9c,sp  sp,sp,12,11,1045.47,244.06,1,4.25,0.1893,0.0909,0.9091,Mid Volume,Excellent,87.96,Low Risk
850857dfac77488c307e2b1cbd84ab5a,cascavel,pr,1,1,1599.0,39.72,0,5.0,0.0242,0.0,1.0,Low Volume,Excellent,100.0,Low Risk
e0a366315b1b726b6c7832d664c0f530,sao paulo,sp,51,43,7400.09,745.08,1,4.33,0.0915,0.0233,0.9767,High Volume,Excellent,92.14,Low Risk
4049512728d969bec69f84088b012416,belo horizonte,mg,9,7,389.84,160.43,0,5.0,0.2915,0.0,1.0,Mid Volume,Excellent,100.0,Low Risk
120476eb7a04c149d14772edaf5d9bf2,angra dos reis,rj,6,4,2368.8,150.83,0,3.83,0.0599,0.0,1.0,Mid Volume,Good,88.3,Low Risk
cd6efc47efaabf134f8bdb654e10b4f1,rio de janeiro,rj,32,31,4158.55,598.61,2,4.5,0.1258,0.0645,0.9355,High Volume,Excellent,91.78,Low Risk
2a7c6c0b0d5efde2bf75ec1e1cec2d41,maringa,pr,3,3,147.6,44.44,0,3.33,0.2314,0.0,1.0,Low Volume,Fair,83.3,Low Risk
4e17c65a516f69d023a2ae78b84f28d6,suzano,sp,74,61,7639.26,1155.54,7,4.08,0.1314,0.1148,0.8852,High Volume,Good,85.06,Low Risk
a8739afb32aaa45e01815ca76f76f54b,sao bernardo do campo,sp,15,13,298.83,264.73,0,3.47,0.4697,0.0,1.0,Mid Volume,Fair,84.7,Low Risk
d4828feed4cda2cd9d6b37899a95a71e,juzeiro do norte,ce,1,1,39.9,22.21,0,2.0,0.3576,0.0,1.0,Low Volume,Poor,70.0,Moderate Risk
e3d3b3efac954a60d61be70b7e05b49b,sao paulo,sp,3,3,1282.05,123.78,0,4.33,0.088,0.0,1.0,Low Volume,Excellent,93.3,Low Risk
d558ebe531605a1285ab2b1bc3256dfb,divinopolis,mg,3,3,709.0,73.23,0,4.67,0.0936,0.0,1.0,Low Volume,Excellent,96.7,Low Risk
c7a0a13cbcf29d5ce51c8f80afdc0b89,laurentino,sc,9,8,483.08,174.72,0,4.22,0.2656,0.0,1.0,Mid Volume,Excellent,92.2,Low Risk
33ac3e28642ab8bda860a2f693000e78,cotia,sp,35,34,3661.03,490.09000000000003,0,4.23,0.1181,0.0,1.0,High Volume,Excellent,92.3,Low Risk
8936ba0de1073ee888cb3185ae5dc661,sao paulo,sp,1,1,389.99,22.22,0,5.0,0.0539,0.0,1.0,Low Volume,Excellent,100.0,Low Risk
18a349e75d307f4b4cc646a691ed4216,sao paulo,sp,148,121,8711.53,2198.03,6,3.39,0.2015,0.0496,0.9504,High Volume,Fair,81.42,Low Risk
a72c2f59332659e361d647515c698798,flores da cunha,rs,6,5,802.9,131.03,0,4.83,0.1403,0.0,1.0,Mid Volume,Excellent,98.3,Low Risk
b55638ad525e906c698fa2ce742c1742,imbituba,sc,12,11,1094.8,290.87,2,4.17,0.2099,0.1818,0.8182,Mid Volume,Good,82.61,Low Risk
be9a160a9011f627c3e121d076c1ec7b,jaragua do sul,sc,7,7,2934.0,248.52,0,3.57,0.0781,0.0,1.0,Mid Volume,Good,85.7,Low Risk
ed859002ad59dbf8cf3602696a6c3000,londrina,pr,13,7,2421.7,268.94,0,4.0,0.1,0.0,1.0,Mid Volume,Good,90.0,Low Risk
12b9676b00f60f3b700e83af21824c0e,montenegro,rs,135,135,26774.0,3568.69,1,4.52,0.1176,0.0074,0.9926,High Volume,Excellent,94.83,Low Risk
ef2fbc2b607d8492bcffe657a4645434,rio de janeiro,rj,22,20,970.8,362.89,2,3.91,0.2721,0.1,0.9,High Volume,Good,84.1,Low Risk
a080fc8a850289b27500f6b49cca2553,sao paulo,sp,4,4,383.0,52.57,0,4.75,0.1207,0.0,1.0,Mid Volume,Excellent,97.5,Low Risk
9c57bc60cfad5ee62d35d3f1ce4593a1,curitiba,pr,1,1,180.0,15.43,1,1.0,0.079,1.0,0.0,Low Volume,Poor,10.0,High Risk
9539213aa8e023c01937bef95dc006da,sao paulo,sp,9,9,229.1,89.94,1,4.56,0.2819,0.1111,0.8889,Mid Volume,Excellent,90.04,Low Risk
69a43819c758c65a5befb0b471c954d7,apucarana,pr,3,2,299.85,100.91,0,4.0,0.2518,0.0,1.0,Low Volume,Good,90.0,Low Risk
8fdca8e349553f99bc738833a62c8802,sao paulo,sp,29,22,989.34,380.88,1,4.36,0.278,0.0455,0.9545,High Volume,Excellent,91.33,Low Risk
0bb27263628258b8111a0262769fa9db,sao paulo,sp,1,1,22.2,10.96,0,5.0,0.3305,0.0,1.0,Low Volume,Excellent,100.0,Low Risk
08061dc0fc165ed41288cc7acde738ee,osasco,sp,4,4,123.80000000000001,58.42,1,4.5,0.3206,0.25,0.75,Mid Volume,Excellent,82.5,Low Risk
4ebdc7e6cd6102a022dadc49156d4ea8,sao paulo,sp,32,29,928.6999999999999,369.2,1,3.75,0.2845,0.0345,0.9655,High Volume,Good,85.78,Low Risk
f918546be4bec7104d117789ba758b2b,sao paulo,sp,23,20,1483.0,347.15,3,3.83,0.1897,0.15,0.85,High Volume,Good,80.8,Low Risk
eb4a59a06b3948e851a7d7a830bcbc42,salvador,ba,2,2,64.0,44.0,0,3.0,0.4074,0.0,1.0,Low Volume,Fair,80.0,Moderate Risk
80146bc52c4f6af5239b23de2a20262b,taboao da serra,sp,2,1,27.1,49.68,0,3.0,0.647,0.0,1.0,Low Volume,Fair,80.0,Moderate Risk
4091f77d8c768fc3e81c20761471761d,sao paulo,sp,8,8,1079.0,230.87,2,2.75,0.1763,0.25,0.75,Mid Volume,Fair,65.0,Moderate Risk
0dfbed20065e425d2eaefb101f9816c0,porto ferreira,sp,3,3,84.35,49.25,1,2.67,0.3686,0.3333,0.6667,Low Volume,Fair,60.04,Moderate Risk
26bad72add1f86e08a776ce4ffdaf1ca,pedregulho,sp,7,7,622.0,123.92,0,4.43,0.1661,0.0,1.0,Mid Volume,Excellent,94.3,Low Risk
e174dc2de86d60fee178170a154c05e7,santo andre,sp,1,1,19.8,14.1,0,1.0,0.4159,0.0,1.0,Low Volume,Poor,60.0,High Risk
612170e34b97004b3ba37eae81836b4c,novo hamburgo,rs,110,107,23065.02,2307.06,1,4.43,0.0909,0.0093,0.9907,High Volume,Excellent,93.84,Low Risk
2a84855fd20af891be03bc5924d2b453,belo horizonte,mg,168,164,15819.1,3451.51,4,4.24,0.1791,0.0244,0.9756,High Volume,Excellent,91.18,Low Risk
cf2384dd2f1dddea3f838efed0945e65,serra negra,sp,16,16,2101.5,433.44,0,3.94,0.171,0.0,1.0,High Volume,Good,89.4,Low Risk
377bc18334c78dd2f1535ef22a3ad225,sao jose dos pinhais,pr,1,1,135.98,88.46,0,5.0,0.3941,0.0,1.0,Low Volume,Excellent,100.0,Low Risk
439a47cc365d6e3bd526812ea9de3c29,mogi das cruzes,sp,13,8,1186.5,224.43,0,4.0,0.1591,0.0,1.0,Mid Volume,Good,90.0,Low Risk
6ba4733aa33f6386e9fb0c0fd3993b38,torres,rs,3,3,149.79,60.09,0,4.67,0.2863,0.0,1.0,Low Volume,Excellent,96.7,Low Risk
4b39558c138930b9e5489c93b6df5fe3,aracaju,se,5,4,1096.7,132.4,0,4.6,0.1077,0.0,1.0,Mid Volume,Excellent,96.0,Low Risk
4b9750c8ad28220fe6702d4ecb7c898f,limeira,sp,222,218,15915.3,3389.8,13,4.35,0.1756,0.0596,0.9404,High Volume,Excellent,90.52,Low Risk
278b6e0b20c4f61fefaa0577943d7a35,itajai,sc,2,1,1078.0,74.62,0,1.0,0.0647,0.0,1.0,Low Volume,Poor,60.0,High Risk
ba8e85df286308fe68a2ce83a8f8b2d6,santa catarina,sc,1,1,80.9,16.76,0,5.0,0.1716,0.0,1.0,Low Volume,Excellent,100.0,Low Risk
2059c39f76271d4ca3f15b5ffaccc8b8,curitiba,pr,12,12,604.9,186.39000000000001,0,4.5,0.2356,0.0,1.0,Mid Volume,Excellent,95.0,Low Risk
5a05a16bb50629ee31afab8a6d4c2674,caxias do sul,rs,15,14,794.3,281.18,0,4.0,0.2614,0.0,1.0,High Volume,Good,90.0,Low Risk
edb65fe661681b1c0de8bd47c8655855,sao paulo,sp,1,1,69.0,15.24,0,3.0,0.1809,0.0,1.0,Low Volume,Fair,80.0,Moderate Risk
8cbac7e12637ed9cffa18c7875207478,jaragua do sul,sc,82,67,2990.98,1663.37,4,4.15,0.3574,0.0597,0.9403,High Volume,Good,88.52,Low Risk
fdb9095204a334cd8872252ffec6f2db,sao paulo,sp,61,46,8156.0,1133.37,3,4.14,0.122,0.0652,0.9348,High Volume,Good,88.14,Low Risk
0cab2da43793a6f3c5ed8514c5f54627,curitiba,pr,3,3,309.70000000000005,57.2,0,5.0,0.1559,0.0,1.0,Low Volume,Excellent,100.0,Low Risk
5b97c06a046398e7005b2b7c0d707a92,joao pinheiro,mg,4,4,1519.96,249.63,1,3.25,0.1411,0.25,0.75,Mid Volume,Fair,70.0,Moderate Risk
aae3bfea055532c57fb453ed3ec80b30,santo andre,sp,50,48,3057.92,799.25,0,3.55,0.2072,0.0,1.0,High Volume,Good,85.5,Low Risk
866558b3bccef2dbc6d29a2b5995016f,arapongas,pr,6,5,1519.3999999999999,351.35,0,4.67,0.1878,0.0,1.0,Mid Volume,Excellent,96.7,Low Risk
cb5df0dcb9e280b1780e9d589889f2c7,bady bassitt,sp,19,16,2934.7200000000003,754.49,2,2.56,0.2045,0.125,0.875,High Volume,Fair,69.35,Moderate Risk
9bcdfa7b615b3abb9461d9e3ad9886ae,blumenau,sc,20,14,2126.07,397.72,1,4.6,0.1576,0.0714,0.9286,High Volume,Excellent,92.43,Low Risk
271c58a1d139c45eaf3316107c6d3a3b,sao paulo,sp,29,29,3897.52,671.19,2,4.07,0.1469,0.069,0.931,High Volume,Good,87.25,Low Risk
2dee2ce60de9709b1a24083217181a1f,sinop,mt,55,54,7784.5,2060.06,2,4.36,0.2093,0.037,0.963,High Volume,Excellent,91.75,Low Risk
a154d7316f158bb42e6fa18bbe3afd3a,sao paulo,sp,2,2,139.8,50.33,1,3.0,0.2647,0.5,0.5,Low Volume,Fair,55.0,High Risk
f84fa566034f5e8e880a07ec624c56af,indaiatuba,sp,102,91,5093.79,1232.91,9,4.27,0.1949,0.0989,0.9011,High Volume,Excellent,87.76,Low Risk
4c1c7281388a33dd06daac44f9fadbd1,marilia,sp,5,5,188.32,81.59,0,4.8,0.3023,0.0,1.0,Mid Volume,Excellent,98.0,Low Risk
2063dd1b9f568df1c16741ea7d3e6adb,guarapuava,pr,3,3,763.1,57.17,0,5.0,0.0697,0.0,1.0,Low Volume,Excellent,100.0,Low Risk
9cea4682e16655f7da87f406902e989e,araucaria,pr,9,4,87.75999999999999,131.47,0,2.33,0.5997,0.0,1.0,Mid Volume,Poor,73.3,Moderate Risk
b1ac6ea7895bc3dd6f0f6f4abbdd2821,canoas,rs,41,40,3139.0,825.33,0,4.27,0.2082,0.0,1.0,High Volume,Excellent,92.7,Low Risk
851773c885feb5e2da3b4f82bc2b17ce,lencois paulista,sp,10,10,585.3,251.82999999999998,2,4.2,0.3008,0.2,0.8,Mid Volume,Good,82.0,Low Risk
0ff83046c3fa22efee8ecf291888b191,caxias do sul,rs,11,10,768.9000000000001,254.48000000000002,0,4.82,0.2487,0.0,1.0,Mid Volume,Excellent,98.2,Low Risk
2b2fed75b8e5ea3a052fc4c0825da485,juiz de fora,mg,4,3,510.9,59.93,0,5.0,0.105,0.0,1.0,Low Volume,Excellent,100.0,Low Risk
9f50216bfd01913736a55a11b55ea842,taubate,sp,19,17,1354.0,317.1,3,4.47,0.1898,0.1765,0.8235,High Volume,Excellent,85.88,Low Risk
2d518637f53161b973e01f56ea4bb88e,sao paulo,sp,13,13,1219.8899999999999,319.81,0,4.92,0.2077,0.0,1.0,Mid Volume,Excellent,99.2,Low Risk
aafe36600ce604f205b86b5084d3d767,sao jose,sc,131,129,9251.4,2421.8,5,4.38,0.2075,0.0388,0.9612,High Volume,Excellent,91.86,Low Risk
efff9341f3f8f5237b44ff67ed36a7bf,vitoria,es,5,5,872.99,99.66,0,4.4,0.1025,0.0,1.0,Mid Volume,Excellent,94.0,Low Risk
a7d0f8dd44f57ef6de7f7f02e3d82630,sao paulo,sp,2,2,73.78999999999999,25.88,0,4.5,0.2597,0.0,1.0,Low Volume,Excellent,95.0,Low Risk
5b07547f10dd980738a1a27f685af669,guarulhos,sp,14,13,1134.6000000000001,185.47,2,4.5,0.1405,0.1538,0.8462,Mid Volume,Excellent,87.31,Low Risk
a99504ac23ed125aaf5302af6cc30af9,batatais,sp,1,1,978.0,47.24,0,5.0,0.0461,0.0,1.0,Low Volume,Excellent,100.0,Low Risk
5882820ef11c4c068eea0677a7a879b4,caxias do sul,rs,14,14,9925.5,739.31,0,4.15,0.0693,0.0,1.0,High Volume,Good,91.5,Low Risk
7357b52d27cbaa90f81a96cbc1279396,lagoa santa,mg,12,12,1328.02,217.81,1,4.33,0.1409,0.0833,0.9167,Mid Volume,Excellent,89.14,Low Risk
180c3376aff0e43dd5788709df48a843,sao paulo,sp,10,5,4513.0,209.97,1,4.7,0.0445,0.2,0.8,Mid Volume,Excellent,87.0,Low Risk
b4b447d715f9ab302a188fb43d3e96b3,sao paulo,sp,5,5,685.9300000000001,93.73,0,4.8,0.1202,0.0,1.0,Mid Volume,Excellent,98.0,Low Risk
5e25c632f9db6cfb8bc100421c2737b6,chapeco,sc,1,1,259.0,19.91,0,5.0,0.0714,0.0,1.0,Low Volume,Excellent,100.0,Low Risk
f4c4daa86e30c7e5a553a8d518ac03a5,cascavel,pr,20,20,6301.91,369.29,1,3.7,0.0554,0.05,0.95,High Volume,Good,84.5,Low Risk
398cb257329ef7af7f1943a8974a3cbc,salvador,ba,1,1,145.9,15.47,0,5.0,0.0959,0.0,1.0,Low Volume,Excellent,100.0,Low Risk
4003520d80d0bad1d5623f7aa3c63cda,rio de janeiro,rj,1,1,70.0,16.74,0,1.0,0.193,0.0,1.0,Low Volume,Poor,60.0,High Risk
3289d8c3eef4873f91ce0b1343c0dd58,praia grande,sp,1,1,199.99,19.28,0,5.0,0.0879,0.0,1.0,Low Volume,Excellent,100.0,Low Risk
b0f2a6122a90a93eb03e68653dd960e3,curitiba,pr,7,6,1620.3,137.98,0,4.86,0.0785,0.0,1.0,Mid Volume,Excellent,98.6,Low Risk
6c1b6d0c604b776f844125f911eb7377,sao paulo,sp,5,5,443.06,81.44,0,3.4,0.1553,0.0,1.0,Mid Volume,Fair,84.0,Low Risk
c4af86330efa7a2620772227d2d670c9,mogi das cruzes,sp,4,4,5396.0,364.96,0,4.33,0.0634,0.0,1.0,Mid Volume,Excellent,93.3,Low Risk
a888faf2d1baececa6baf9c3d603ee1f,umuarama,pr,55,54,17765.8,1121.52,5,4.05,0.0594,0.0926,0.9074,High Volume,Good,85.87,Low Risk
681fce914360217db47784ae28905a96,araucaria,pr,24,23,4127.33,444.47,3,3.87,0.0972,0.1304,0.8696,High Volume,Good,82.18,Low Risk
31be790e64fc99f8ff48ec2bd18a3104,sao bernardo do campo,sp,6,6,241.39999999999998,72.28,2,4.33,0.2304,0.3333,0.6667,Mid Volume,Excellent,76.63,Moderate Risk
7b3447b497e55af8c15fc7bd89d7b81a,sao paulo,sp,1,1,49.9,20.75,0,5.0,0.2937,0.0,1.0,Low Volume,Excellent,100.0,Low Risk
e560e4022d8f7aebf155db95946c5c0f,belo horizonte,mg,2,2,780.0,90.21000000000001,0,5.0,0.1037,0.0,1.0,Low Volume,Excellent,100.0,Low Risk
2f9b7ce230a057a98a9f5df5893ee36c,barueri,sp,2,2,141.82,30.03,0,4.5,0.1747,0.0,1.0,Low Volume,Excellent,95.0,Low Risk
41b39e28db005d9731d9d485a83b4c38,santo andre,sp,231,195,17112.55,3930.36,10,4.14,0.1868,0.0513,0.9487,High Volume,Good,88.84,Low Risk
809413606dbfe5deefd2db646693ef67,sao paulo,sp,5,3,196.68,50.37,0,4.2,0.2039,0.0,1.0,Low Volume,Good,92.0,Low Risk
609e1a9a6c2539919b8205cf7c4e6ff0,brusque,sc,130,87,6595.23,2687.19,2,3.6,0.2895,0.023,0.977,High Volume,Good,84.85,Low Risk
c3e2398fcc7e581cda2e546557bf6968,sao paulo,sp,1,1,14.9,15.23,0,5.0,0.5055,0.0,1.0,Low Volume,Excellent,100.0,Low Risk
740205fedfe4e90ca6857bc77db0f2b4,caxias do sul,sp,1,1,229.9,21.93,0,5.0,0.0871,0.0,1.0,Low Volume,Excellent,100.0,Low Risk
c79151301b9d90985d1fa52879213105,maringa,pr,8,4,322.3,130.81,0,4.38,0.2887,0.0,1.0,Mid Volume,Excellent,93.8,Low Risk
3e46a38ee171c503c3b4a3f23fe3bf0c,sorocaba,sp,1,1,59.9,9.11,0,5.0,0.132,0.0,1.0,Low Volume,Excellent,100.0,Low Risk
3d4b1ae7539303b5704493798893e82c,sao paulo,sp,9,6,1076.0,145.69,0,4.67,0.1193,0.0,1.0,Mid Volume,Excellent,96.7,Low Risk
bdf0d02d36a1d839d0c39c4a887cdd49,birigui,sp,7,5,120.0,95.95,0,5.0,0.4443,0.0,1.0,Mid Volume,Excellent,100.0,Low Risk
65a7c0788e4d632ccb5e1b594b87f0bb,sao paulo,sp,9,3,266.7,117.42,0,4.11,0.3057,0.0,1.0,Low Volume,Good,91.1,Low Risk
d7f1cfc638473be93baedbfd02208016,belford roxo,rj,1,1,30.0,17.14,0,5.0,0.3636,0.0,1.0,Low Volume,Excellent,100.0,Low Risk
001cca7ae9ae17fb1caed9dfb1094831,cariacica,es,239,200,25080.03,8854.14,12,3.9,0.2609,0.06,0.94,High Volume,Good,86.0,Low Risk
7f35f9daf223da737b78738fbae4d977,valinhos,sp,5,5,252.0,101.01,0,4.0,0.2861,0.0,1.0,Mid Volume,Good,90.0,Low Risk
2eb70248d66e0e3ef83659f71b244378,campinas,sp,212,202,42628.61,3231.4900000000002,23,2.71,0.0705,0.1139,0.8861,High Volume,Fair,71.4,Moderate Risk
6061155addc1e54b4cfb51c1c2a32ad8,campinas,sp,33,28,15633.4,879.91,1,4.7,0.0533,0.0357,0.9643,High Volume,Excellent,95.22,Low Risk
8b87cd0d43d49b9bdf40f56229364d59,sao paulo,sp,5,5,1552.9,301.0,0,2.6,0.1624,0.0,1.0,Mid Volume,Fair,76.0,Moderate Risk
52a50b42accf164f9f019941e5759d9b,monte alegre do sul,sp,4,4,139.96,57.059999999999995,0,4.75,0.2896,0.0,1.0,Mid Volume,Excellent,97.5,Low Risk
c6bda72e4dbf5c5866b13cb1810c6d03,sao paulo,sp,59,59,14059.380000000001,1136.74,2,4.4,0.0748,0.0339,0.9661,High Volume,Excellent,92.3,Low Risk
270572bb714b00531be85e16e1550f26,maua,sp,1,1,96.99,14.77,0,5.0,0.1322,0.0,1.0,Low Volume,Excellent,100.0,Low Risk
16bdc8cefd0e32a6f0824d296c5ad14a,sp,sp,1,1,41.76,19.32,0,5.0,0.3163,0.0,1.0,Low Volume,Excellent,100.0,Low Risk
4a82c4af97ffc0fb2dc26bfdc03b1842,lagoa da prata,mg,3,3,143.7,67.2,0,5.0,0.3186,0.0,1.0,Low Volume,Excellent,100.0,Low Risk
3985a3c45be355a4c57fde108bfabd1c,rolante,rs,8,7,344.2,172.0,0,4.12,0.3332,0.0,1.0,Mid Volume,Good,91.2,Low Risk
07e8e8fc5222bb358e6f259da3197074,sao paulo,sp,2,2,51.8,23.06,0,4.0,0.308,0.0,1.0,Low Volume,Good,90.0,Low Risk
cd06602b43d8800bd0afad514919d35c,sao paulo,sp,53,44,2588.07,747.26,2,3.68,0.224,0.0455,0.9545,High Volume,Good,84.52,Low Risk
8f0fbe2cd4d472157dc1cdef6edecaa9,sao paulo,sp,2,2,71.88,22.88,0,3.0,0.2415,0.0,1.0,Low Volume,Fair,80.0,Moderate Risk
f44b6f775a2b390380e0e30b5c9d3eee,sao paulo,sp,10,10,2930.0,258.24,0,4.9,0.081,0.0,1.0,Mid Volume,Excellent,99.0,Low Risk
365e4bce19bda0082c3d15d83fdb8bcd,sao caetano do sul,sp,7,6,796.4,98.61999999999999,0,4.71,0.1102,0.0,1.0,Mid Volume,Excellent,97.1,Low Risk
2e0dba2da448400b1c11d7b4b22f32a4,santo andre,sp,13,7,235.87,171.83,0,3.77,0.4215,0.0,1.0,Mid Volume,Good,87.7,Low Risk
e882b2a25a10b9c057cc49695f222c19,teresopolis,rj,58,57,51057.54,2856.22,0,4.59,0.053,0.0,1.0,High Volume,Excellent,95.9,Low Risk
734def04b237117a09321dd6d8f3f2a2,araras,sp,2,2,1252.43,28.8,0,5.0,0.0225,0.0,1.0,Low Volume,Excellent,100.0,Low Risk
28c7d8743fbc8679f484868cc0fcaefb,itaporanga,sp,3,3,201.5,68.86,0,5.0,0.2547,0.0,1.0,Low Volume,Excellent,100.0,Low Risk
9baf5cb77970f539089d09a38bcec5c3,indaiatuba,sp,33,32,6129.67,543.73,0,4.33,0.0815,0.0,1.0,High Volume,Excellent,93.3,Low Risk
e3dd723429d1b23614b7fa85e2c7a853,sao bernardo do campo,sp,8,7,471.05,126.57,1,3.38,0.2118,0.1429,0.8571,Mid Volume,Fair,76.66,Moderate Risk
f4a04f7be452aa3bb31760bf00055dd0,santo andre,sp,18,18,1312.1,241.85,0,4.67,0.1556,0.0,1.0,High Volume,Excellent,96.7,Low Risk
dbc22125167c298ef99da25668e1011f,borda da mata,mg,429,406,33776.78,8012.38,10,4.23,0.1917,0.0246,0.9754,High Volume,Excellent,91.07,Low Risk
bc302730ea8cf49b5c74f579febb5bbf,campinas,sp,11,11,2640.9,289.27,1,3.82,0.0987,0.0909,0.9091,Mid Volume,Good,83.66,Low Risk
e64ddbe1cbcf4f2fc3092b7c481f3f9d,sao paulo,sp,1,1,20.9,7.39,0,5.0,0.2612,0.0,1.0,Low Volume,Excellent,100.0,Low Risk
56e361f411e38dcef17cdc2a3d99628b,guarulhos,sp,10,5,1298.0,1857.7600000000002,1,4.5,0.5887,0.2,0.8,Mid Volume,Excellent,85.0,Low Risk
048c2757535328e0d7dac690ad3c0aae,franca,sp,51,51,9264.78,1286.28,6,4.18,0.1219,0.1176,0.8824,High Volume,Good,85.92,Low Risk
bdb3edbaee43a761e2d4f258dc08f348,lencois paulista,sp,5,5,259.5,68.86,1,3.8,0.2097,0.2,0.8,Mid Volume,Good,78.0,Moderate Risk
b127efdabeffb5d559349c7b172eb75d,sao paulo,sp,10,10,308.5,112.77,1,4.8,0.2677,0.1,0.9,Mid Volume,Excellent,93.0,Low Risk
951e8cef368f09bb3f3d03c00ca4702c,ibitinga,sp,71,64,4092.29,1400.8,4,4.12,0.255,0.0625,0.9375,High Volume,Good,88.08,Low Risk
33d677f27a69b84051204ee4ae76eaca,joinville,sc,10,9,165.0,173.49,0,4.6,0.5125,0.0,1.0,Mid Volume,Excellent,96.0,Low Risk
b88e7c57cb2d8b973b7dd4a2bfa14b36,curitiba,pr,4,4,353.9,65.77,0,4.25,0.1567,0.0,1.0,Mid Volume,Excellent,92.5,Low Risk
1967a9e2ad6f51802b093147d861df58,sao paulo,sp,2,2,380.0,45.760000000000005,0,1.0,0.1075,0.0,1.0,Low Volume,Poor,60.0,High Risk
9da15f4a4ea758d9eeb49000dbe57e22,osasco,sp,1,1,196.9,37.71,1,2.0,0.1607,1.0,0.0,Low Volume,Poor,20.0,High Risk
d91fb3b7d041e83b64a00a3edfb37e4f,praia grande,sp,536,535,40889.74,9290.77,20,4.09,0.1851,0.0374,0.9626,High Volume,Good,89.03,Low Risk
749e7cdabbaf72f16677859e27874ba5,guarulhos,sp,1,1,41.9,19.84,0,1.0,0.3213,0.0,1.0,Low Volume,Poor,60.0,High Risk
3d5d0dc7073a299e31fa718ce1bc00b6,rio de janeiro,rj,24,23,790.7,387.43,2,4.17,0.3289,0.087,0.913,High Volume,Good,87.35,Low Risk
688756f717c462a206ad854c5027a64a,guarulhos,sp,101,83,5966.54,1934.91,4,3.78,0.2449,0.0482,0.9518,High Volume,Good,85.39,Low Risk
56a8b450e802502ba53a9885ee38e29f,sao bernardo do campo,sp,1,1,62.45,15.2,0,1.0,0.1958,0.0,1.0,Low Volume,Poor,60.0,High Risk
9b00ed88b7fdb95d6ff76e27c1b52d16,sao paulo,sp,51,47,1627.88,575.48,3,4.51,0.2612,0.0638,0.9362,High Volume,Excellent,91.91,Low Risk
4be6b962d83299498bae2190f95d6566,sao carlos,sp,12,11,508.8,182.29,1,4.18,0.2638,0.0909,0.9091,Mid Volume,Good,87.26,Low Risk
c13fb473e7cb8b83ccd543c094df0608,sao paulo,sp,2,2,54.8,28.72,0,3.5,0.3439,0.0,1.0,Low Volume,Fair,85.0,Low Risk
17998cf586426bf0f2c3726cb0a4b211,belo horizonte,mg,2,2,69.8,45.72,0,4.0,0.3958,0.0,1.0,Low Volume,Good,90.0,Low Risk
c88f62b4c386a59281014d677864d016,arapongas,pr,1,1,1099.0,251.5,0,1.0,0.1862,0.0,1.0,Low Volume,Poor,60.0,High Risk
c864036feaab8c1659f65ea4faebe1da,campo largo,pr,58,58,10454.2,1845.57,2,4.57,0.15,0.0345,0.9655,High Volume,Excellent,93.98,Low Risk
8d899e15a5925f097cca50faa49b15e3,sao roque,sp,10,4,645.0,150.98000000000002,6,2.5,0.1897,1.5,-0.5,Mid Volume,Poor,0.0,High Risk
79565f7d5603b24ddf07ade262547f2f,araraquara,sp,8,8,385.0,109.07000000000001,2,4.0,0.2208,0.25,0.75,Mid Volume,Good,77.5,Moderate Risk
ba143b05f0110f0dc71ad71b4466ce92,sao paulo,sp,86,85,6110.58,1343.01,10,4.42,0.1802,0.1176,0.8824,High Volume,Excellent,88.32,Low Risk
4e0d109ccfba9a1151c103049880c857,sao joao de meriti,rj,2,2,279.89,67.84,0,3.0,0.1951,0.0,1.0,Low Volume,Fair,80.0,Moderate Risk
89dda63a3c907c468ec88c310ed91213,mauasao paulo,sp,2,2,734.99,42.14,0,3.0,0.0542,0.0,1.0,Low Volume,Fair,80.0,Moderate Risk
c522be04e020c1e7b79f3acff36513d5,santana de parnaiba,sp,7,7,739.9300000000001,98.37,2,3.57,0.1173,0.2857,0.7143,Mid Volume,Good,71.41,Moderate Risk
5f5b43b2bffa8656e4bc6efeb13cc649,sao paulo,sp,29,27,3677.2,555.45,1,4.45,0.1312,0.037,0.963,High Volume,Excellent,92.65,Low Risk
87f3e35268860433e13d577825aada95,bom jesus dos perdoes,sp,3,3,161.7,41.78,0,1.0,0.2053,0.0,1.0,Low Volume,Poor,60.0,High Risk
c5e60e39c0f42b8e827daa13cff74afa,sao paulo,sp,8,6,134.0,89.10000000000001,0,4.12,0.3994,0.0,1.0,Mid Volume,Good,91.2,Low Risk
bca9230d3bbb4efa51872bf605a2f1ad,sao paulo,sp,5,5,117.57,50.63,1,4.0,0.301,0.2,0.8,Mid Volume,Good,80.0,Moderate Risk
4bc3d93e4a5f88a598d3d8ce4ae510b3,sao paulo,sp,1,1,169.0,19.28,0,1.0,0.1024,0.0,1.0,Low Volume,Poor,60.0,High Risk
6e864f5c4669eff3d98140a07cc50202,sao paulo,sp,13,13,740.59,191.77,1,4.46,0.2057,0.0769,0.9231,Mid Volume,Excellent,90.76,Low Risk
7bcd7c5f8631701474db233ccf1c094b,sao paulo,sp,11,11,666.0,194.94,0,3.64,0.2264,0.0,1.0,Mid Volume,Good,86.4,Low Risk
8b2d4ab22f42c5cfc338b846decfda60,fazenda rio grande,pr,9,6,458.0,185.32,0,4.78,0.2881,0.0,1.0,Mid Volume,Excellent,97.8,Low Risk
d9bd94811c3338dceb4181f3dbc0c73e,sao paulo,sp,61,54,6911.02,771.09,3,4.82,0.1004,0.0556,0.9444,High Volume,Excellent,95.42,Low Risk
e70053bf73d1b5863932e53a9fa47496,sao paulo,sp,7,7,4025.0,133.58,0,4.29,0.0321,0.0,1.0,Mid Volume,Excellent,92.9,Low Risk
dbd66278cbfe1aa1000f90a217ca4695,sao paulo,sp,99,85,4928.9,1543.87,4,4.45,0.2385,0.0471,0.9529,High Volume,Excellent,92.14,Low Risk
e7d5b006eb624f13074497221eb37807,santo andre,sp,63,28,3478.93,741.49,2,3.11,0.1757,0.0714,0.9286,High Volume,Fair,77.53,Moderate Risk
6c9875b2f94ba781186f0c1aed8d1687,brotas,sp,4,2,25.0,38.05,0,5.0,0.6035,0.0,1.0,Low Volume,Excellent,100.0,Low Risk
d63f306de130e0391d38a792541723b8,sao paulo,sp,1,1,49.0,7.6,0,5.0,0.1343,0.0,1.0,Low Volume,Excellent,100.0,Low Risk
2f74af7a0ee5636f12c2336f9fffed47,sao paulo,sp,13,13,560.6999999999999,163.76999999999998,0,4.31,0.2261,0.0,1.0,Mid Volume,Excellent,93.1,Low Risk
c7fdb77fdbff3c41981bc52f787e959e,santo andre,sp,12,10,696.32,175.56,1,3.33,0.2014,0.1,0.9,Mid Volume,Fair,78.3,Moderate Risk
04fdea0c111866e6cf812f1570d6b5bd,sao paulo,sp,10,10,1055.0,206.95,1,3.2,0.164,0.1,0.9,Mid Volume,Fair,77.0,Moderate Risk
63b464dbf392c7b80d12d932fa7cafed,sao paulo,sp,39,37,6781.0,881.25,2,3.69,0.115,0.0541,0.9459,High Volume,Good,84.2,Low Risk
747c1cdcd1737dcfbd1547f6eb6f2cf3,ibitinga,sp,2,2,193.1,29.27,0,2.5,0.1316,0.0,1.0,Low Volume,Poor,75.0,Moderate Risk
2b402d5dc42554061f8ea98d1916f148,irece,ba,1,1,299.89,63.9,0,5.0,0.1757,0.0,1.0,Low Volume,Excellent,100.0,Low Risk
9c068d10aca38e85c50202e17b4a7e88,coxim,ms,17,17,2658.9,449.93,3,4.12,0.1447,0.1765,0.8235,High Volume,Good,82.38,Low Risk
7c67e1448b00f6e969d365cea6b010ab,itaquaquecetuba,sp,1364,982,187923.89,51612.55,120,3.34,0.2155,0.1222,0.8778,High Volume,Fair,77.29,Moderate Risk
9ef932e837d8b7f392c0bfee9d359dc2,ibitinga,sp,1,1,59.9,19.66,1,3.0,0.2471,1.0,0.0,Low Volume,Fair,30.0,High Risk
d8bf0fc082fd4a77fc2e5679b6c00133,sao paulo,sp,1,1,139.9,9.14,0,5.0,0.0613,0.0,1.0,Low Volume,Excellent,100.0,Low Risk
66dc1b1632bd6a3e508510c5b3492107,jau,sp,42,37,3721.39,727.87,1,3.43,0.1636,0.027,0.973,High Volume,Fair,82.95,Low Risk
a7ecf689b40a44361e259b28939023e4,vila velha,es,1,1,389.0,21.91,0,5.0,0.0533,0.0,1.0,Low Volume,Excellent,100.0,Low Risk
939e6227d6964a11a70aa91243e418f2,conselheiro lafaiete,mg,4,4,425.0,63.25,0,4.25,0.1295,0.0,1.0,Mid Volume,Excellent,92.5,Low Risk
db1f0f7c7e5e87f40b62226f020bb297,pinhais,pr,3,3,59.01,64.72,0,4.67,0.5231,0.0,1.0,Low Volume,Excellent,96.7,Low Risk
91f0eec23d4a61d7d7caeefa3f0ad1ca,tubarao,sc,11,11,2190.8,354.46,3,3.55,0.1393,0.2727,0.7273,Mid Volume,Good,71.86,Moderate Risk
edf3fabebcc20f7463cc9c53da932ea8,sao paulo,sp,1,1,219.9,24.12,1,4.0,0.0988,1.0,0.0,Low Volume,Good,40.0,High Risk
b335c59ab742f751a85db9c411a86739,araguari,mg,35,33,2873.34,607.38,2,3.69,0.1745,0.0606,0.9394,High Volume,Good,83.87,Low Risk
c24173065483e421f9e5e7f599de101d,sao paulo,sp,9,9,373.91,117.3,1,3.56,0.2388,0.1111,0.8889,Mid Volume,Good,80.04,Low Risk
01fdefa7697d26ad920e9e0346d4bd1b,londrina,pr,131,129,14921.43,2768.64,7,4.35,0.1565,0.0543,0.9457,High Volume,Excellent,90.78,Low Risk
d9e8c084b68fe958861d8f2c21202e6b,sao paulo,sp,12,9,3050.0,181.86,0,4.17,0.0563,0.0,1.0,Mid Volume,Good,91.7,Low Risk
466222e777149751370e7e98fb623b0c,rio de janeiro,rj,1,1,87.9,17.55,0,5.0,0.1664,0.0,1.0,Low Volume,Excellent,100.0,Low Risk
43f8c9950d11ecd03a0304a49e010da6,carapicuiba,sp,41,41,4249.59,557.63,2,4.56,0.116,0.0488,0.9512,High Volume,Excellent,93.16,Low Risk
4450bd8327d471c4a11a83d1445b1b62,cotia,sp,1,1,199.0,15.56,0,5.0,0.0725,0.0,1.0,Low Volume,Excellent,100.0,Low Risk
257e61d3251fb5efb9daadddbc2cf7ca,apucarana,pr,12,12,7729.0,1077.18,0,4.75,0.1223,0.0,1.0,Mid Volume,Excellent,97.5,Low Risk
5d76d80a2f5f39c891b996a1bf4c9853,sao paulo,sp,6,6,1238.5,171.25,0,4.83,0.1215,0.0,1.0,Mid Volume,Excellent,98.3,Low Risk
e5def42655b7490edac5a56fe8e9e603,amparo,sp,1,1,129.9,11.52,0,5.0,0.0815,0.0,1.0,Low Volume,Excellent,100.0,Low Risk
091065b789659bc3cd9af9cb3a6253ff,canoas,rs,2,2,1359.0,85.37,0,3.5,0.0591,0.0,1.0,Low Volume,Fair,85.0,Low Risk
c74f14c1e26cf1bd5bd34b6a1e274426,sao miguel do oeste,sc,1,1,39.0,16.79,0,5.0,0.3009,0.0,1.0,Low Volume,Excellent,100.0,Low Risk
c26a2be5b53b7db6b276280da212a779,nova friburgo,rj,18,13,7482.0,806.85,0,2.72,0.0973,0.0,1.0,Mid Volume,Fair,77.2,Moderate Risk
cfa5ab0e4d3fc212fd0b3410e7081c62,uba,mg,21,16,6180.8,1039.01,0,3.52,0.1439,0.0,1.0,High Volume,Good,85.2,Low Risk
19d62d484cba71963c93f0f00ab42013,gaspar,sc,1,1,139.9,22.69,0,4.0,0.1396,0.0,1.0,Low Volume,Good,90.0,Low Risk
6750d71153f00fc58829af2a8ef1bcf1,rio bonito,rj,6,6,3514.0,112.5,0,4.17,0.031,0.0,1.0,Mid Volume,Good,91.7,Low Risk
c60b801f2d52c7f7f91de00870882a75,guarulhos,sp,41,41,12913.5,739.39,6,3.32,0.0542,0.1463,0.8537,High Volume,Fair,75.88,Moderate Risk
b57e8460909fa137df7951b4a3b5ea84,porto alegre,rs,2,1,198.0,84.14,0,2.0,0.2982,0.0,1.0,Low Volume,Poor,70.0,Moderate Risk
eeb6de78f79159600292e314a77cbd18,lages,sc,84,83,43739.84,3055.44,3,4.43,0.0653,0.0361,0.9639,High Volume,Excellent,92.5,Low Risk
abe021b01ba992245271b9aa422032df,curitiba,pr,2,2,6720.0,117.24000000000001,0,3.5,0.0171,0.0,1.0,Low Volume,Fair,85.0,Low Risk
5305693ffae2d3463377b1f6fe67b15a,penapolis,sp,1,1,93.56,12.99,0,5.0,0.1219,0.0,1.0,Low Volume,Excellent,100.0,Low Risk
f049a72cf58fd31b11f8919cade515e7,sao paulo,sp,4,3,138.75,32.24,0,3.5,0.1885,0.0,1.0,Low Volume,Fair,85.0,Low Risk
e51f22821f0c12a16ad5c020cdcd55e9,carapicuiba,sp,4,4,898.71,98.13,0,4.75,0.0984,0.0,1.0,Mid Volume,Excellent,97.5,Low Risk
a2a41aedb70551d4a85aa04dc2fced48,sao paulo,sp,2,2,52.79,26.94,0,4.0,0.3379,0.0,1.0,Low Volume,Good,90.0,Low Risk
4bf2f4ee540798a61f9636d12cd9cc80,assis,sp,30,29,4995.56,505.45,0,4.17,0.0919,0.0,1.0,High Volume,Good,91.7,Low Risk
c0e0b73d039eb9a99b6ce4cb7a429cd3,laurentino,sc,1,1,29.88,7.68,0,5.0,0.2045,0.0,1.0,Low Volume,Excellent,100.0,Low Risk
19484c79cef6c062cb177aa4ef2fcc3c,valinhos,sp,1,1,201.9,10.16,1,1.0,0.0479,1.0,0.0,Low Volume,Poor,10.0,High Risk
25e6ffe976bd75618accfe16cefcbd0d,sao paulo,sp,117,108,11691.61,1705.24,3,4.38,0.1273,0.0278,0.9722,High Volume,Excellent,92.41,Low Risk
9dda5bbacd45e18d6485fee649205d09,santa rita do sapucai,mg,22,19,1912.6000000000001,506.73,1,4.23,0.2095,0.0526,0.9474,High Volume,Excellent,89.67,Low Risk
2528744c5ef5d955adc318720a94d2e7,jundiai,sp,5,5,6245.0,263.7,0,2.4,0.0405,0.0,1.0,Mid Volume,Poor,74.0,Moderate Risk
b8d890108a7a80e4f5d59eea9f362438,curitiba,pr,3,2,89.69999999999999,34.59,0,3.33,0.2783,0.0,1.0,Low Volume,Fair,83.3,Low Risk
2c9005d8043aff18b8557ffb7b13cda4,cachoeiro de itapemirim,es,1,1,109.9,19.74,0,5.0,0.1523,0.0,1.0,Low Volume,Excellent,100.0,Low Risk
062c325cd6a2b87845fab56b4ec2eeae,sao paulo,sp,2,2,133.22,23.86,0,5.0,0.1519,0.0,1.0,Low Volume,Excellent,100.0,Low Risk
1d8dbc4f32378d715c717c1c1fc57bae,arapongas,pr,98,92,11315.89,2105.16,8,3.9,0.1569,0.087,0.913,High Volume,Good,84.65,Low Risk
fc906263ca5083d09dce42fe02247800,belo horizonte,mg,119,114,4497.7,1885.58,0,4.37,0.2954,0.0,1.0,High Volume,Excellent,93.7,Low Risk
1d2732ef8321502ee8488e8bed1ab8cd,rio de janeiro,rj,5,4,1148.0,80.18,1,3.2,0.0653,0.25,0.75,Mid Volume,Fair,69.5,Moderate Risk
626ab1cd96932367f0eeec2e47046c12,sao paulo,sp,3,3,1310.0,80.47,0,4.67,0.0579,0.0,1.0,Low Volume,Excellent,96.7,Low Risk
a70e9066dbfd10b6b97a3f54a1356762,mandaguari,pr,4,2,1716.0,311.4,0,5.0,0.1536,0.0,1.0,Low Volume,Excellent,100.0,Low Risk
ce69a8021d18961dd2a40269b7c2c293,curitiba,pr,19,19,4818.0,471.05,1,4.47,0.0891,0.0526,0.9474,High Volume,Excellent,92.07,Low Risk
9596c870880d900012f2e8e6e30d06d7,varginha,mg,24,22,8606.25,2009.08,1,4.04,0.1893,0.0455,0.9545,High Volume,Good,88.12,Low Risk
4b98b0428fc1932cc2514ef9ce2505e6,taboao da serra,sp,2,2,327.63,35.8,1,2.0,0.0985,0.5,0.5,Low Volume,Poor,45.0,High Risk
1da366cade6d8276e7d8beea7af5d4bf,uba,mg,49,43,6917.589999999999,1756.14,3,3.94,0.2025,0.0698,0.9302,High Volume,Good,85.91,Low Risk
a3082f442524a1be452e3189e003b361,curitiba,sp,4,3,301.6,97.65,0,4.25,0.2446,0.0,1.0,Low Volume,Excellent,92.5,Low Risk
a56a8043ebf66e42119618fb8cf232c6,joinville,sc,1,1,83.0,23.73,0,5.0,0.2223,0.0,1.0,Low Volume,Excellent,100.0,Low Risk
184725737946a1a938bbbd1a9e978103,maua,sp,3,3,359.70000000000005,43.870000000000005,0,4.67,0.1087,0.0,1.0,Low Volume,Excellent,96.7,Low Risk
3820c6537b3853be1a0687d5a60807ec,cotia,sp,1,1,25.0,10.96,0,3.97,0.3048,0.0,1.0,Low Volume,Good,89.7,Low Risk
244b04680fdbded0acf5aebd9c92b44a,jundiai,sp,3,3,3477.7000000000003,138.81,1,1.0,0.0384,0.3333,0.6667,Low Volume,Poor,43.34,High Risk
e96498ed8daaa3e9c23f7a62da76591c,sao paulo,sp,34,34,9619.09,713.1,5,3.94,0.069,0.1471,0.8529,High Volume,Good,82.04,Low Risk
5741dc2bf5044c34d0698681c5081bed,sao jose dos campos,sp,3,3,89.69999999999999,34.05,0,5.0,0.2752,0.0,1.0,Low Volume,Excellent,100.0,Low Risk
ad781527c93d00d89a11eecd9dcad7c1,sao jose do rio preto,sp,44,44,6899.570000000001,2379.69,12,3.07,0.2565,0.2727,0.7273,High Volume,Fair,67.06,Moderate Risk
b5e3e38609125694d2ea2417522a60b7,florianopolis,sc,17,16,995.04,301.14,2,4.35,0.2323,0.125,0.875,High Volume,Excellent,87.25,Low Risk
bacb1f0ed56ad24198f5810d2b3fe9a5,jacarei,sp,42,42,6940.45,892.94,1,4.08,0.114,0.0238,0.9762,High Volume,Good,89.61,Low Risk
980640c45d7a4635885491d077167e4d,rio claro,sp,14,14,1004.29,242.37,1,4.64,0.1944,0.0714,0.9286,High Volume,Excellent,92.83,Low Risk
ae45ad30c2d2e5913094769690a239d2,franca,sp,2,1,251.8,31.26,0,5.0,0.1104,0.0,1.0,Low Volume,Excellent,100.0,Low Risk
2cb98e27ce1c18abdb42209b34c382a7,ribeirao preto,sp,1,1,62.49,57.21,0,4.0,0.4779,0.0,1.0,Low Volume,Good,90.0,Low Risk
2156f2671501a81034d7d07f217609d0,sp,sp,22,22,2981.5,452.39,3,3.86,0.1317,0.1364,0.8636,High Volume,Good,81.78,Low Risk
de0c78824586e9a5f5f04fd84e25df39,vargem grande paulista,sp,16,14,2489.3,208.53,0,4.44,0.0773,0.0,1.0,High Volume,Excellent,94.4,Low Risk
128639473a139ac0f3e5f5ade55873a5,maringa,pr,560,533,11908.849999999999,9785.6,24,4.18,0.4511,0.045,0.955,High Volume,Good,89.55,Low Risk
0791d9fc1e30678ecf03d3e55fa108d3,belo horizonte,mg,11,5,842.0,186.99,0,2.73,0.1817,0.0,1.0,Mid Volume,Fair,77.3,Moderate Risk
7a241947449cc45dbfda4f9d0798d9d0,jacutinga,mg,72,62,8027.63,1990.47,4,3.58,0.1987,0.0645,0.9355,High Volume,Good,82.57,Low Risk
cfd7ddab722b902f7ac5b5f3ba6d723d,contagem,mg,13,12,3385.0299999999997,673.0799999999999,0,4.54,0.1659,0.0,1.0,Mid Volume,Excellent,95.4,Low Risk
0e72c1a751b496722a6cb1f10653b62a,sao paulo,sp,3,3,140.8,51.300000000000004,0,4.67,0.267,0.0,1.0,Low Volume,Excellent,96.7,Low Risk
7e1fb0a3ebfb01ffb3a7dae98bf3238d,franca,sp,174,159,27349.53,2986.4,21,4.13,0.0984,0.1321,0.8679,High Volume,Good,84.7,Low Risk
376a891762bbdecbc02b4b6adec3fdda,goiania,go,58,57,6406.23,1287.4,2,4.67,0.1673,0.0351,0.9649,High Volume,Excellent,94.94,Low Risk
90b36c5aeb728d5504a39f435bef0c5f,conchal,sp,7,5,207.85999999999999,132.37,0,3.29,0.3891,0.0,1.0,Mid Volume,Fair,82.9,Low Risk
e76ecc7e9a1a1e3c6df9d2a8261c423d,belo horizonte,mg,1,1,20.0,14.1,0,5.0,0.4135,0.0,1.0,Low Volume,Excellent,100.0,Low Risk
1dfe5347016252a7884b694d4f10f5c4,ibitinga,sp,27,21,1693.5,436.23,6,3.19,0.2048,0.2857,0.7143,High Volume,Fair,67.62,Moderate Risk
528bcf6680c36dddf07620bd35b33a6f,sao paulo,sp,2,2,969.98,43.86,1,4.5,0.0433,0.5,0.5,Low Volume,Excellent,70.0,Moderate Risk
f114dca2828bf718548db175ebe2cfcd,cambe,pr,1,1,139.0,13.99,0,1.0,0.0914,0.0,1.0,Low Volume,Poor,60.0,High Risk
33dd941c27854f7625b968cc6195a552,vila velha,es,5,5,6787.5,380.91,0,4.4,0.0531,0.0,1.0,Mid Volume,Excellent,94.0,Low Risk
579891617139df7d8671d373f0669622,rio de janeiro,rj,8,8,280.3,128.2,2,4.5,0.3138,0.25,0.75,Mid Volume,Excellent,82.5,Low Risk
48985c61529077fa4f1e38bcff0f2ed3,porto alegre,rs,7,7,879.3000000000001,148.07,0,4.43,0.1441,0.0,1.0,Mid Volume,Excellent,94.3,Low Risk
25c5c91f63607446a97b143d2d535d31,itauna,mg,269,158,54679.22,7000.11,16,3.72,0.1135,0.1013,0.8987,High Volume,Good,82.14,Low Risk
f205b1a3ca9a34e0f8a228bae6e4c7b3,cachoeirinha,rs,8,8,1088.0,396.9,0,4.88,0.2673,0.0,1.0,Mid Volume,Excellent,98.8,Low Risk
d2374cbcbb3ca4ab1086534108cc3ab7,ibitinga,sp,631,524,21223.92,9593.88,30,3.68,0.3113,0.0573,0.9427,High Volume,Good,83.94,Low Risk
ef728fa1f17436c91ed1ccd03dcf9631,jau,sp,4,3,128.7,58.12,0,4.0,0.3111,0.0,1.0,Low Volume,Good,90.0,Low Risk
1eade46fba20122dc4aefb379f8c636b,sao paulo,sp,75,58,3635.37,1038.34,9,4.31,0.2222,0.1552,0.8448,High Volume,Excellent,85.34,Low Risk
b9de031b671cd48b28fae9d828cbf2b4,sao paulo,sp,1,1,155.32,43.37,0,5.0,0.2183,0.0,1.0,Low Volume,Excellent,100.0,Low Risk
6f835fd4be26989b1b064399da346143,curitiba,pr,2,2,197.8,31.450000000000003,0,5.0,0.1372,0.0,1.0,Low Volume,Excellent,100.0,Low Risk
c9a06ece156bb057372c68718ec8909b,brasilia,df,14,14,4688.9,540.72,0,3.0,0.1034,0.0,1.0,High Volume,Fair,80.0,Moderate Risk
6b2612338467c08c9b25f0cc55b1578d,marialva,pr,1,1,92.9,20.97,0,4.0,0.1842,0.0,1.0,Low Volume,Good,90.0,Low Risk
40d54b51e962dbe09cabbcfd33298dee,santo andre,sp,31,30,6785.5599999999995,537.69,0,3.9,0.0734,0.0,1.0,High Volume,Good,89.0,Low Risk
70c27847eca8195c983ed7e798c56743,rio de janeiro,rj,98,77,12077.52,1451.66,7,4.2,0.1073,0.0909,0.9091,High Volume,Good,87.46,Low Risk
b98b715fe9e276204e2a3464f48cd796,sao paulo,sp,6,6,450.58000000000004,67.03999999999999,0,3.33,0.1295,0.0,1.0,Mid Volume,Fair,83.3,Low Risk
0b1ca3ef18a63d7eb0c8897fa0849c08,sao roque,sp,1,1,55.0,7.87,0,5.0,0.1252,0.0,1.0,Low Volume,Excellent,100.0,Low Risk
37ceb404da208418c9032f0674e57804,sao paulo,sp,3,1,204.93,69.17999999999999,0,1.0,0.2524,0.0,1.0,Low Volume,Poor,60.0,High Risk
05d2173d43ea568aa0540eba70d2ca76,alfenas,mg,66,62,5759.66,1679.27,3,4.0,0.2257,0.0484,0.9516,High Volume,Good,87.58,Low Risk
661ad5fcc28cdfb8bcadb12bb2272475,balneario camboriu,sc,7,4,209.92999999999998,119.78,0,5.0,0.3633,0.0,1.0,Mid Volume,Excellent,100.0,Low Risk
999f6d9a1c7c81f43be44c6b7d076210,sao paulo,sp,2,2,28.0,22.83,0,4.5,0.4491,0.0,1.0,Low Volume,Excellent,95.0,Low Risk
101a3a003516bc11253298b2fad3cb65,rio claro,sp,6,5,450.0,74.0,0,4.83,0.1412,0.0,1.0,Mid Volume,Excellent,98.3,Low Risk
b839e41795b7f3ad94cc2014a52f6796,sao caetano do sul,sp,36,33,42829.0,920.93,1,4.03,0.021,0.0303,0.9697,High Volume,Good,88.78,Low Risk
a20d8058c866dbaeca014d2cd20ac62e,sao jose dos campos,sp,2,2,1194.0,44.9,0,5.0,0.0362,0.0,1.0,Low Volume,Excellent,100.0,Low Risk
6824a69c9ea0313eba299dd4a2dba09a,formiga,mg,7,6,666.9,117.18,0,4.71,0.1494,0.0,1.0,Mid Volume,Excellent,97.1,Low Risk
058cb5aeb36d7c0fcae20fc85d5e0a59,rio de janeiro,rj,13,12,1328.0,779.42,1,3.38,0.3698,0.0833,0.9167,Mid Volume,Fair,79.63,Moderate Risk
48efc9d94a9834137efd9ea76b065a38,curitiba,pr,34,33,345.6,320.40000000000003,0,5.0,0.4811,0.0,1.0,High Volume,Excellent,100.0,Low Risk
218f991754f360af9c2daa5e0b8e990c,sao paulo,sp,17,14,3554.32,265.22,2,3.53,0.0694,0.1429,0.8571,High Volume,Good,78.16,Moderate Risk
5dc4bdaf869e8c77c648078cbe8d59c2,florianopolis,sc,1,1,292.99,34.5,0,1.0,0.1053,0.0,1.0,Low Volume,Poor,60.0,High Risk
9261d76c62caaf0b24677c2ceb7f8f20,palhoca,sc,7,6,968.7,247.54000000000002,0,3.71,0.2035,0.0,1.0,Mid Volume,Good,87.1,Low Risk
a3b0df0065e264a91b7bbf5f844af5cd,sao bernardo do capo,sp,2,2,186.69,32.06,0,5.0,0.1466,0.0,1.0,Low Volume,Excellent,100.0,Low Risk
37dd29b36c458d82f74a953c40c43645,limeira,sp,8,7,4536.99,479.44,1,4.0,0.0956,0.1429,0.8571,Mid Volume,Good,82.85,Low Risk
077c5fae4bea9500e3737b16f71b9d3a,sorocaba,sp,6,4,106.80000000000001,70.44,0,4.67,0.3974,0.0,1.0,Mid Volume,Excellent,96.7,Low Risk
0dd184061fb0eaa7ca37932c68ab91c5,guarulhos,sp,193,161,18446.92,5319.5,17,3.95,0.2238,0.1056,0.8944,High Volume,Good,84.22,Low Risk
5b35136197710e16ac5e7b7c2bd4ea85,rio de janeiro,rj,9,7,3104.2000000000003,246.08999999999997,3,2.56,0.0735,0.4286,0.5714,Mid Volume,Fair,54.17,High Risk
60562ab00b8054280520d390c8c0045c,sao paulo,sp,17,17,2943.0,304.09,0,4.76,0.0937,0.0,1.0,High Volume,Excellent,97.6,Low Risk
1d29dfba02015238dfbe2449a5eaa361,vicosa,mg,12,12,612.8,177.12,1,4.5,0.2242,0.0833,0.9167,Mid Volume,Excellent,90.84,Low Risk
ad273c9eb54ecb4532de4bf75bae9e4e,curitiba,pr,11,10,645.0,184.75,0,3.82,0.2227,0.0,1.0,Mid Volume,Good,88.2,Low Risk
7813ea3ebd9411dc600b4dd01f7a97b9,osasco,sp,9,9,1599.4,146.59,1,3.89,0.084,0.1111,0.8889,Mid Volume,Good,83.34,Low Risk
559d56f3b8f0bc2e5a9a62fe2ce2a39f,joinville,sc,2,2,385.0,48.72,1,2.5,0.1123,0.5,0.5,Low Volume,Poor,50.0,High Risk
57df9869a600bd6b7c405f2a862eccfb,santa rita do sapucai,mg,5,5,125.0,72.21000000000001,0,4.4,0.3662,0.0,1.0,Mid Volume,Excellent,94.0,Low Risk
777a0c55737f34ffeb78010f7542ab41,sao paulo,sp,6,6,452.5,75.83,0,4.33,0.1435,0.0,1.0,Mid Volume,Excellent,93.3,Low Risk
2aa3443d7bf9d9bb11133f420d75e083,rio de janeiro,rj,10,10,647.0,134.12,2,3.0,0.1717,0.2,0.8,Mid Volume,Fair,70.0,Moderate Risk
c3867b4666c7d76867627c2f7fb22e21,guara,sp,259,245,37153.4,5043.78,25,3.84,0.1195,0.102,0.898,High Volume,Good,83.3,Low Risk
0bae85eb84b9fb3bd773911e89288d54,itajai,sp,146,137,7482.21,2924.19,1,4.21,0.281,0.0073,0.9927,High Volume,Excellent,91.74,Low Risk
35fb511489d9ee3ee27a76debce9df06,londrina,pr,7,7,414.5,172.29000000000002,1,3.57,0.2936,0.1429,0.8571,Mid Volume,Good,78.55,Moderate Risk
df91910b6a03bb2e3358fa6a35e32f6f,sao paulo,sp,14,14,2312.1,395.02,0,4.36,0.1459,0.0,1.0,High Volume,Excellent,93.6,Low Risk
7e3dde9ffba72d5340f9aaf09b4424be,cambe,pr,1,1,220.0,22.03,0,1.0,0.091,0.0,1.0,Low Volume,Poor,60.0,High Risk
dbdd0ec73a4817971d962698f2fea022,fortaleza,ce,16,16,6384.0,1790.8,1,4.38,0.2191,0.0625,0.9375,High Volume,Excellent,90.68,Low Risk
8ff38bc3969e67c36c48343a07090f66,sao paulo,sp,8,2,3472.0,387.56,0,2.5,0.1004,0.0,1.0,Low Volume,Poor,75.0,Moderate Risk
6e1862e15f33d9994bc25922a85e1efc,rio claro,sp,14,8,732.49,147.47,0,4.67,0.1676,0.0,1.0,Mid Volume,Excellent,96.7,Low Risk
058fd0aa2bfdb2274e05e1ae971dabb6,santo andre,sp,64,61,7667.9,887.9,5,4.39,0.1038,0.082,0.918,High Volume,Excellent,89.8,Low Risk
f615fe7efbef0f4f08fd3086bc7a3e60,atibaia,sp,24,23,2359.27,389.69,2,4.38,0.1418,0.087,0.913,High Volume,Excellent,89.45,Low Risk
aa1eb17b9fdf6dfd546e25c45c7b9235,sao paulo,sp,4,3,117.99,36.269999999999996,0,4.5,0.2351,0.0,1.0,Low Volume,Excellent,95.0,Low Risk
07bf9669d84d1f11be443a9dd938f698,sao paulo,sp,24,18,1776.0,646.22,0,3.25,0.2668,0.0,1.0,High Volume,Fair,82.5,Low Risk
08633c14ef2db992c11f840f04fad4cd,ribeirao pires,sp,97,74,7644.3,1424.52,5,4.24,0.1571,0.0676,0.9324,High Volume,Excellent,89.02,Low Risk
b0398568231ba5e6734af1881671a317,colatina,es,4,4,656.77,113.35,0,4.0,0.1472,0.0,1.0,Mid Volume,Good,90.0,Low Risk
f419677537694f0462a91990df6ca44f,sao bernardo do campo,sp,6,6,220.5,78.78,1,4.0,0.2632,0.1667,0.8333,Mid Volume,Good,81.66,Low Risk
e88c9b79e592e370d6bd852eeefbf057,pato branco,pr,9,8,251.87,142.10999999999999,0,4.78,0.3607,0.0,1.0,Mid Volume,Excellent,97.8,Low Risk
70bf57d811208f8923b41bbd499a67a4,franco da rocha,sp,7,7,780.8000000000001,88.93,0,4.14,0.1023,0.0,1.0,Mid Volume,Good,91.4,Low Risk
8c0de775f52fe41590b376a3b7c50f68,sumare,sp,9,9,672.7,135.32999999999998,0,3.89,0.1675,0.0,1.0,Mid Volume,Good,88.9,Low Risk
7a91bf945c6fae0779f1c61ce97fe45c,mesquita,rj,5,5,799.5,82.57,1,3.8,0.0936,0.2,0.8,Mid Volume,Good,78.0,Moderate Risk
6dc9bec584588412a6a338830946a3e4,sao paulo,sp,2,2,560.0,107.83,0,1.5,0.1615,0.0,1.0,Low Volume,Poor,65.0,Moderate Risk
b19c48688808720822399ffa9f2dbe2f,sao paulo,sp,1,1,959.99,24.82,0,5.0,0.0252,0.0,1.0,Low Volume,Excellent,100.0,Low Risk
5b8154610ebb21fb90eb587365e673df,sao jose dos campos,sp,41,38,9397.54,1077.44,6,4.2,0.1029,0.1579,0.8421,High Volume,Good,84.1,Low Risk
bb2afe2061d53c6968aa0cffa233a8ec,sao paulo,sp,6,5,549.4,94.62,0,4.83,0.1469,0.0,1.0,Mid Volume,Excellent,98.3,Low Risk
1cbdc7cf130a41fd13a3c2a7d2fcfda7,lambari,mg,2,2,165.8,59.81,0,5.0,0.2651,0.0,1.0,Low Volume,Excellent,100.0,Low Risk
fb89df7f89fd1b8f03fa2acca1ba7364,foz do iguacu,pr,25,22,2220.0,467.43,2,3.84,0.1739,0.0909,0.9091,High Volume,Good,83.85,Low Risk
b18871c324516afa228a13e8f1ef0ae9,sao paulo,sp,23,9,1064.6,243.8,2,3.96,0.1863,0.2222,0.7778,Mid Volume,Good,78.49,Moderate Risk
17ca9b9e9b9ef8fdb529001b49ebb50f,betim,mg,129,116,9754.83,2365.89,1,4.01,0.1952,0.0086,0.9914,High Volume,Good,89.67,Low Risk
3f0e48d209018b466fcd3bb4ccfeb520,curitiba,pr,10,9,5399.0,255.79999999999998,0,3.9,0.0452,0.0,1.0,Mid Volume,Good,89.0,Low Risk
9add47bf45ce8e8c7db6b9cf670b1e09,fazenda rio grande,pr,45,43,4829.24,1158.04,1,4.2,0.1934,0.0233,0.9767,High Volume,Good,90.84,Low Risk
acce39e832338debb07b02385cde5967,contagem,mg,44,44,4748.1,1175.56,0,4.48,0.1985,0.0,1.0,High Volume,Excellent,94.8,Low Risk
397c4d0c005b6f41f90098ac724e28cb,santo andre,sp,5,5,8177.0,445.37,2,4.4,0.0517,0.4,0.6,Mid Volume,Excellent,74.0,Moderate Risk
b2c97074649f92197d9387d9033dda5f,botucatu,sp,11,10,684.71,279.37,1,4.64,0.2898,0.1,0.9,Mid Volume,Excellent,91.4,Low Risk
f262cbc1c910c83959f849465454ddd3,sao paulo,sp,207,192,10482.83,2507.02,15,4.09,0.193,0.0781,0.9219,High Volume,Good,87.0,Low Risk
c113b8df1fc375bc3d73d29c1b1144d1,sao paulo,sp,5,3,333.0,67.87,0,4.2,0.1693,0.0,1.0,Low Volume,Good,92.0,Low Risk
bd65d163ded559eb90a10cd09fec178f,sao paulo,sp,2,1,19.8,18.68,0,4.0,0.4854,0.0,1.0,Low Volume,Good,90.0,Low Risk
720e6cf846ea7572cbb66b743fb91e6c,mogi das cruzes  sp,sp,1,1,54.0,14.55,0,5.0,0.2123,0.0,1.0,Low Volume,Excellent,100.0,Low Risk
8f580d36c1e9d6fbce95283403c7d447,ribeirao preto,sp,8,8,4813.25,180.15,1,4.38,0.0361,0.125,0.875,Mid Volume,Excellent,87.55,Low Risk
be7a093e5b4d147b36b72bb1f9e415e5,toledo,pr,1,1,60.9,22.36,0,5.0,0.2686,0.0,1.0,Low Volume,Excellent,100.0,Low Risk
cb4a705d00e100b9732d0ca34817d441,florianopolis,sc,2,1,998.0,82.56,0,1.0,0.0764,0.0,1.0,Low Volume,Poor,60.0,High Risk
f266295f49a28eee21f413e0cbb0521d,ponta grossa,pr,2,2,149.8,28.14,0,4.5,0.1581,0.0,1.0,Low Volume,Excellent,95.0,Low Risk
31eec405c9bb71dec8e2629a92e764fa,cachoeiro de itapemirim,es,5,5,256.89,170.24,0,4.6,0.3986,0.0,1.0,Mid Volume,Excellent,96.0,Low Risk
6235903333ba7de1928c869e268e5964,treze tilias,sc,1,1,94.06,41.42,0,5.0,0.3057,0.0,1.0,Low Volume,Excellent,100.0,Low Risk
c360e4787614ed31ac7a2f95d3b22dc6,lencois paulista,sp,1,1,188.9,30.05,0,2.0,0.1372,0.0,1.0,Low Volume,Poor,70.0,Moderate Risk
1e47d8b6546eb3a77b1acddcc9406242,campinas,sp,1,1,149.9,16.81,0,1.0,0.1008,0.0,1.0,Low Volume,Poor,60.0,High Risk
cf1313c6e2c01c2f4b014f97db4bcd2b,rio de janeiro rio de janeiro,rj,5,5,315.70000000000005,81.3,0,5.0,0.2048,0.0,1.0,Mid Volume,Excellent,100.0,Low Risk
14ee35374a7876217954b5fa08e50463,sao jose do rio preto,sp,6,6,809.0,114.05,1,4.33,0.1236,0.1667,0.8333,Mid Volume,Excellent,84.96,Low Risk
8fe8786ee000001ab51d030dfd4a7bf1,paulo lopes,sc,5,5,2255.0,201.44,0,4.6,0.082,0.0,1.0,Mid Volume,Excellent,96.0,Low Risk
e72b4feb7abe210c52aa667abc25a3a2,sao paulo,sp,2,1,38.2,17.44,0,5.0,0.3134,0.0,1.0,Low Volume,Excellent,100.0,Low Risk
373ee4a3a775a733770ca3f790b8b9ac,rio de janeiro,rj,22,13,2141.49,290.32,2,4.0,0.1194,0.1538,0.8462,Mid Volume,Good,82.31,Low Risk
432c37c9dfba871172ec162e20118b8c,brasilia,df,57,46,2968.87,969.67,8,4.18,0.2462,0.1739,0.8261,High Volume,Good,83.1,Low Risk
daf565f087a52def0fd5c5825b3661bc,brusque,sc,9,9,813.9000000000001,307.93,0,3.62,0.2745,0.0,1.0,Mid Volume,Good,86.2,Low Risk
ea3ebea5317b0efbc663ecc8ce5e9bc2,florianopolis,sc,3,3,299.70000000000005,57.65,0,4.0,0.1613,0.0,1.0,Low Volume,Good,90.0,Low Risk
1fe61aa5494bd3ae92a2c13e067c810f,santa cecilia,sc,2,1,537.76,100.82,0,4.0,0.1579,0.0,1.0,Low Volume,Good,90.0,Low Risk
e9511df20ccd82658a30c37b7fb343af,bauru,sp,30,22,2096.6,726.5,0,4.47,0.2573,0.0,1.0,High Volume,Excellent,94.7,Low Risk
4c8545742faaf58fafd5fd14d25d75cf,fernandopolis,sp,4,4,3020.0,196.31,0,4.5,0.061,0.0,1.0,Mid Volume,Excellent,95.0,Low Risk
27a56ff04b34c2ba34ce6ba4d3b9d616,campinas,sp,8,8,349.28999999999996,102.98,1,4.12,0.2277,0.125,0.875,Mid Volume,Good,84.95,Low Risk
888faa8bfb0b159c37de6d898b961c31,braco do norte,sc,23,19,2418.2999999999997,526.7,0,3.87,0.1788,0.0,1.0,High Volume,Good,88.7,Low Risk
0aa2205ca24f113f4658a5c536667426,sao paulo,sp,11,4,815.62,172.48,0,2.82,0.1746,0.0,1.0,Mid Volume,Fair,78.2,Moderate Risk
432c67955c0acd1fd6b0b5d678766a71,sao paulo,sp,3,3,1151.0,137.41,0,2.33,0.1067,0.0,1.0,Low Volume,Poor,73.3,Moderate Risk
d8c7ba53e7e38711eaef8c2849d6d2e1,floresta,pr,22,22,1190.87,597.47,0,4.5,0.3341,0.0,1.0,High Volume,Excellent,95.0,Low Risk
8a43128d7f9a3db592b866e6861a6cce,sao paulo,sp,4,3,990.5999999999999,67.89,0,2.0,0.0641,0.0,1.0,Low Volume,Poor,70.0,Moderate Risk
7cb946b1ad19faebe28c3e86c2794ec3,sete lagoas,mg,1,1,25.0,15.1,0,5.0,0.3766,0.0,1.0,Low Volume,Excellent,100.0,Low Risk
6338ea67c41078a46ad99cc009654956,farroupilha,rs,44,37,2286.09,924.3,0,4.61,0.2879,0.0,1.0,High Volume,Excellent,96.1,Low Risk
6c12e40690c335dbc2f68a4134d30dc1,castro,pr,18,16,9139.2,485.06,0,4.06,0.0504,0.0,1.0,High Volume,Good,90.6,Low Risk
65febd49fd28ec955651299159b1f527,sao paulo,sp,40,35,4319.7,981.44,0,4.22,0.1851,0.0,1.0,High Volume,Excellent,92.2,Low Risk
9a84ba99f5367fdbd4598363496f1ea2,luziania,go,16,16,2284.98,435.95,0,3.62,0.1602,0.0,1.0,High Volume,Good,86.2,Low Risk
954e95f20808d7e5d11f0de292d078e0,joao monlevade,mg,4,3,158.78,119.17999999999999,0,4.75,0.4288,0.0,1.0,Low Volume,Excellent,97.5,Low Risk
fb503a924a0b9db19d83dd0ac6dbef8c,pelotas,rs,1,1,13.9,17.92,0,5.0,0.5632,0.0,1.0,Low Volume,Excellent,100.0,Low Risk
4ba52dfeba874da5b9ee7b17c7494f04,mogi das cruzes,sp,11,11,1463.0,204.91,1,4.36,0.1229,0.0909,0.9091,Mid Volume,Excellent,89.06,Low Risk
5b581417df4480f632484ba681e53944,florianopolis,sc,13,12,1790.6,585.7,3,3.31,0.2465,0.25,0.75,Mid Volume,Fair,70.6,Moderate Risk
d0d70d21e2234dd7cd3cf63fe414148a,sao bento,pb,9,8,598.4,366.59,0,4.22,0.3799,0.0,1.0,Mid Volume,Excellent,92.2,Low Risk
c7c7b2682c648339a0e9846bb1023a39,braganca paulista,sp,3,2,168.0,31.68,0,4.67,0.1587,0.0,1.0,Low Volume,Excellent,96.7,Low Risk
06e5eefc71ec47ae763c5c6f8db7064f,porto alegre,rs,95,92,22188.56,2193.28,0,3.9,0.09,0.0,1.0,High Volume,Good,89.0,Low Risk
28ea411b354f14b1a494be4e79f0ce02,sao paulo,sp,6,6,820.0,76.93,0,4.67,0.0858,0.0,1.0,Mid Volume,Excellent,96.7,Low Risk
2a6fbeaa7ab9e5d59a35841a8da71ce4,jaragua do sul,sc,30,30,1632.79,632.49,2,3.93,0.2792,0.0667,0.9333,High Volume,Good,85.96,Low Risk
77fccaae319668a8ab6cd0fd16aec48c,campos dos goytacazes,rj,12,11,1667.0,221.44,0,4.33,0.1173,0.0,1.0,Mid Volume,Excellent,93.3,Low Risk
3fadb4cba4c35bce6a7eaf9872d5623a,caxias do sul,rs,5,3,209.5,68.02000000000001,0,3.2,0.2451,0.0,1.0,Low Volume,Fair,82.0,Low Risk
1987cd4be10fe09ee50454f9c354d1c6,ouro fino,mg,16,14,2877.7,257.53000000000003,1,4.25,0.0821,0.0714,0.9286,High Volume,Excellent,88.93,Low Risk
aae5e7b457a3c72ee230a47d98fceda5,sao jose dos pinhas,pr,7,5,604.8,140.77,0,4.14,0.1888,0.0,1.0,Mid Volume,Good,91.4,Low Risk
2d22fc3089eb907b29ebff50581fb472,macae,rj,3,3,317.70000000000005,59.69,0,3.67,0.1582,0.0,1.0,Low Volume,Good,86.7,Low Risk
ff1fb4c404b2efe68b03350a8dc24122,mogi das cruzes,sp,49,46,6771.0,895.95,6,4.06,0.1169,0.1304,0.8696,High Volume,Good,84.08,Low Risk
817f85dbb65aa3e70831d90fe75cdf89,tiete,sp,11,11,1552.27,231.62,0,4.55,0.1298,0.0,1.0,Mid Volume,Excellent,95.5,Low Risk
2b5ed0c9139dae8883a200dfcb272ece,sao paulo,sp,4,4,85.41,59.34,1,4.25,0.4099,0.25,0.75,Mid Volume,Excellent,80.0,Moderate Risk
86bf77bdb52e615674772d5817c6212f,viamao,rs,5,4,281.8,97.58,0,4.8,0.2572,0.0,1.0,Mid Volume,Excellent,98.0,Low Risk
9b1585752613ec342d03bbab9997ec48,rio de janeiro,rj,3,3,4248.98,100.06,0,3.67,0.023,0.0,1.0,Low Volume,Good,86.7,Low Risk
9b00cad94ef3078faf6fba2e792c158f,janauba,mg,1,1,354.9,18.92,0,5.0,0.0506,0.0,1.0,Low Volume,Excellent,100.0,Low Risk
6860153b69cc696d5dcfe1cdaaafcf62,capivari,sp,84,74,3827.63,1490.6,6,4.16,0.2803,0.0811,0.9189,High Volume,Good,87.54,Low Risk
903037660cf848a717166eb7a06d616e,sao paulo,sp,60,45,7991.51,1091.77,7,3.77,0.1202,0.1556,0.8444,High Volume,Good,79.92,Moderate Risk
f08c008c8a8d31417763738a1788a2a8,santa terezinha de itaipu,pr,23,22,1291.72,422.96999999999997,3,3.09,0.2467,0.1364,0.8636,High Volume,Fair,74.08,Moderate Risk
bf3c6d2a28b2b5501e6c15448982dcc9,sao paulo,sp,43,35,3956.5,691.65,1,4.42,0.1488,0.0286,0.9714,High Volume,Excellent,92.77,Low Risk
e99e927c81e3f51739c94fcdfca9f10f,uberlandia,mg,25,22,2702.83,657.64,1,3.56,0.1957,0.0455,0.9545,High Volume,Good,83.32,Low Risk
49cdc90518a4f82676b38b3c1aa43ff6,sao paulo,sp,5,5,1539.5,82.61,0,3.8,0.0509,0.0,1.0,Mid Volume,Good,88.0,Low Risk
066a6914e1ebf3ea95a216c73a986b91,foz do iguacu,pr,74,68,9410.380000000001,1705.57,3,3.97,0.1534,0.0441,0.9559,High Volume,Good,87.5,Low Risk
3cfa1358a6caa965278721344c8d76f2,sao bernardo do campo,sp,5,5,3140.2799999999997,81.25,0,4.8,0.0252,0.0,1.0,Mid Volume,Excellent,98.0,Low Risk
6d66611d7c44cc30ce351abc49a68421,sao paulo,sp,176,166,13593.4,3260.97,11,3.91,0.1935,0.0663,0.9337,High Volume,Good,85.78,Low Risk
e48cc16ab70bfa09e1401740dce0b3d7,aracatuba,sp,17,14,1084.83,326.3,0,3.24,0.2312,0.0,1.0,High Volume,Fair,82.4,Low Risk
da20530872245d6cd9d2f5725613c430,igrejinha,rs,3,2,314.96000000000004,79.25999999999999,0,4.67,0.2011,0.0,1.0,Low Volume,Excellent,96.7,Low Risk
3d8fa2f5b647373c8620330c4e077a9f,sao paulo,sp,48,43,3571.73,818.82,1,4.1,0.1865,0.0233,0.9767,High Volume,Good,89.84,Low Risk
57d2ba47f7a3209aa347532ae75c1165,sao bento do sul,sc,2,2,318.0,140.24,0,4.0,0.306,0.0,1.0,Low Volume,Good,90.0,Low Risk
76d5af76d0271110f9af36c92573f765,sao paulo,sp,159,131,33461.6,4079.96,13,4.08,0.1087,0.0992,0.9008,High Volume,Good,85.84,Low Risk
729f06993dac8e860d4f02d7088ca48a,limeira,sp,115,96,20485.079999999998,4994.57,9,4.29,0.196,0.0938,0.9062,High Volume,Excellent,88.21,Low Risk
9e9b539eb2806acee3f5c28085c1db9f,contagem,mg,3,3,967.0,72.47,1,3.67,0.0697,0.3333,0.6667,Low Volume,Good,70.04,Moderate Risk
fa18c782a4866d313cadab567097f8f1,belo horizonte,mg,1,1,58.99,19.65,0,1.0,0.2499,0.0,1.0,Low Volume,Poor,60.0,High Risk
b77a27b1864483e721dc831d5ba4afa0,duque de caxias,rj,2,2,41.8,28.619999999999997,0,3.5,0.4064,0.0,1.0,Low Volume,Fair,85.0,Low Risk
41c9d3997dd3c072c31139dc5bb5761f,araxa,mg,3,3,998.8,111.74000000000001,0,4.33,0.1006,0.0,1.0,Low Volume,Excellent,93.3,Low Risk
700f03c207639c22d933381ff60b35c2,barretos,sp,4,4,1189.8600000000001,136.45,2,4.0,0.1029,0.5,0.5,Mid Volume,Good,65.0,Moderate Risk
762fafdaa57a532ee0119731697579dd,itu,sp,5,5,206.7,54.17,0,5.0,0.2077,0.0,1.0,Mid Volume,Excellent,100.0,Low Risk
50770d25768b0486d89be26afca3108f,santo andre,sp,6,6,171.76999999999998,76.08999999999999,1,4.0,0.307,0.1667,0.8333,Mid Volume,Good,81.66,Low Risk
b3b17aab11f273023a5f22ca52e1eb70,londrina,pr,13,7,6850.0,475.34999999999997,2,4.85,0.0649,0.2857,0.7143,Mid Volume,Excellent,84.22,Low Risk
b19f3ca2ea475913750f25a5c37c8d8f,divinopolis,mg,24,24,6202.91,1346.6399999999999,6,2.79,0.1784,0.25,0.75,High Volume,Fair,65.4,Moderate Risk
6179a28a13a726c29b3bf54c070dccab,varginha,mg,2,2,600.0,86.24000000000001,0,3.0,0.1257,0.0,1.0,Low Volume,Fair,80.0,Moderate Risk
cc419e0650a3c5ba77189a1882b7556a,santo andre,sp,1775,1706,104288.42,25668.99,88,4.07,0.1975,0.0516,0.9484,High Volume,Good,88.12,Low Risk
0df3984f9dfb3d49ac6366acbd3bbb85,betim,mg,89,87,10021.49,1498.72,1,4.3,0.1301,0.0115,0.9885,High Volume,Excellent,92.43,Low Risk
7008613ea464bad5cb9b83456e1e6a8f,canoinhas,sc,156,127,7777.0,3083.05,6,4.28,0.2839,0.0472,0.9528,High Volume,Excellent,90.44,Low Risk
7f152321c60a266edc53af1925ef96c1,criciuma,sc,20,20,3919.8,552.12,6,3.8,0.1235,0.3,0.7,High Volume,Good,73.0,Moderate Risk
c4fb51fb1c5b7c07bc5e67be6e7e8f6e,curitiba,pr,16,15,1567.9,558.71,2,3.5,0.2627,0.1333,0.8667,High Volume,Fair,78.34,Moderate Risk
52ac6f920b7280e4c6d30dd94de6259b,pinhais,pr,7,6,5657.3,726.59,0,3.29,0.1138,0.0,1.0,Mid Volume,Fair,82.9,Low Risk
7d7d2b7a51328016102d4528c411d630,ibitinga,sp,7,7,918.8,180.05,1,4.14,0.1639,0.1429,0.8571,Mid Volume,Good,84.26,Low Risk
9e94fa26a70ede4d26226e918e8706a2,sao carlos,sp,1,1,62.8,9.94,0,5.0,0.1367,0.0,1.0,Low Volume,Excellent,100.0,Low Risk
eddd1991bd6d9309995a480c39b95137,ponta grossa,pr,3,3,866.0,132.41,0,2.67,0.1326,0.0,1.0,Low Volume,Fair,76.7,Moderate Risk
994f04b3718c2bab35c2adfa8afecd2a,jaguariuna,sp,57,49,3445.7,775.51,3,4.28,0.1837,0.0612,0.9388,High Volume,Excellent,89.74,Low Risk
3f3486b61f45078d4f31ee5e43d8c5bb,sao paulo,sp,40,40,3829.73,896.84,4,4.32,0.1897,0.1,0.9,High Volume,Excellent,88.2,Low Risk
5db42a6cd9bf1bf0d3aab9582767f168,vitoria,es,1,1,200.0,19.33,0,5.0,0.0881,0.0,1.0,Low Volume,Excellent,100.0,Low Risk
a06c8ff043abea0528ee44171e2140a2,divinopolis,mg,8,8,514.5,92.42999999999999,0,4.75,0.1523,0.0,1.0,Mid Volume,Excellent,97.5,Low Risk
6b3bd31ad8fcda4b2635ec9f3ff2ecdf,rio de janeiro,rj,43,36,4198.9,757.02,4,3.86,0.1528,0.1111,0.8889,High Volume,Good,83.04,Low Risk
977f9f63dd360c2a32ece2f93ad6d306,tabatinga,sp,25,24,2858.8700000000003,934.98,2,3.8,0.2464,0.0833,0.9167,High Volume,Good,83.84,Low Risk
2c43fb513632d29b3b58df74816f1b06,belo horizonte,mg,3,3,858.0,72.17,0,3.67,0.0776,0.0,1.0,Low Volume,Good,86.7,Low Risk
910a922b426b7ff95eaee129ad6c0e1f,sao jose do rio preto,sp,2,2,119.8,31.16,0,5.0,0.2064,0.0,1.0,Low Volume,Excellent,100.0,Low Risk
d9442042130b7fe579d1295f9f4a248f,sao paulo,sp,22,19,772.16,338.88,1,4.23,0.305,0.0526,0.9474,High Volume,Excellent,89.67,Low Risk
da2782c804606d2a5d8e1760dbb3e7ec,sao paulo,sp,1,1,89.0,14.37,1,1.0,0.139,1.0,0.0,Low Volume,Poor,10.0,High Risk
ce248b21cb2adc36282ede306b7660e5,jaragua do sul,sc,66,65,15230.06,2066.89,5,4.2,0.1195,0.0769,0.9231,High Volume,Good,88.16,Low Risk
5b0cc932433fa5184b5b94bfe6bcc256,ibitinga,sp,17,12,1437.8,556.29,4,3.47,0.279,0.3333,0.6667,Mid Volume,Fair,68.04,Moderate Risk
7ff588a03c2aeae4fbd23f9ae64b760d,guarulhos,sp,16,14,1182.2,221.18,0,4.69,0.1576,0.0,1.0,High Volume,Excellent,96.9,Low Risk
08cdbae123ff67ca4e36d9d641ce0119,uba,mg,6,4,3098.99,1096.47,4,2.5,0.2613,1.0,0.0,Mid Volume,Poor,25.0,High Risk
77dcbb67ccb3659bd58eaf5661560a30,lajeado,rs,2,2,984.0,98.56,0,1.0,0.091,0.0,1.0,Low Volume,Poor,60.0,High Risk
7ad32824caee82087b3e2e5f33b1bf32,ibitinga,sp,184,151,22505.1,3545.22,21,3.77,0.1361,0.1391,0.8609,High Volume,Good,80.74,Low Risk
de722cd6dad950a92b7d4f82673f8833,recife,pe,379,339,55426.1,9686.65,12,4.16,0.1488,0.0354,0.9646,High Volume,Good,89.83,Low Risk
70849ca4f400aaabb62cb7462a6f1428,belo horizonte,mg,12,12,909.58,233.66,2,4.42,0.2044,0.1667,0.8333,Mid Volume,Excellent,85.86,Low Risk
b16d3dadc47d4eb18be3d88bad0775ce,estancia velha,rs,11,10,722.1,178.44,0,4.36,0.1981,0.0,1.0,Mid Volume,Excellent,93.6,Low Risk
5c3460cd3e8a984382ae254e7dd20d9f,sao jose do rio preto,sp,10,9,775.76,198.54,0,4.7,0.2038,0.0,1.0,Mid Volume,Excellent,97.0,Low Risk
22c32ec35d0116ef02c281798a25bf8b,maringa,pr,6,4,119.58,90.43,0,3.5,0.4306,0.0,1.0,Mid Volume,Fair,85.0,Low Risk
8d46553a36e68f95350a200c12f8f2e2,campinas,sp,16,13,746.6,223.0,0,3.12,0.23,0.0,1.0,Mid Volume,Fair,81.2,Low Risk
45ba18c210d42734ec52c0c1c574e9ee,sao roque,sp,41,38,5589.13,972.96,2,3.83,0.1483,0.0526,0.9474,High Volume,Good,85.67,Low Risk
10cdd491d1dbea8fb4ead97b19c334ce,santa rita do sapucai,mg,3,3,208.9,78.86,0,5.0,0.274,0.0,1.0,Low Volume,Excellent,100.0,Low Risk
dc317f341ab0e22f39acbd9dbf9b4a1f,cachoeirinha,rs,58,55,18988.4,3581.73,3,4.12,0.1587,0.0545,0.9455,High Volume,Good,88.48,Low Risk
fe9d9cf8631285d5982c6e2cf27fb114,barbacena minas gerais,mg,1,1,69.9,23.64,0,4.0,0.2527,0.0,1.0,Low Volume,Good,90.0,Low Risk
d93844a9c55ba7ce353388bcf849ea56,curitiba,pr,14,12,2708.5,521.02,0,4.21,0.1613,0.0,1.0,Mid Volume,Excellent,92.1,Low Risk
52b53f7061969fe471d119b6195da864,itajai,sp,1,1,90.0,8.37,0,5.0,0.0851,0.0,1.0,Low Volume,Excellent,100.0,Low Risk
1b8356dabde1d35e17cef975c3f82730,sao paulo,sp,61,56,3426.39,987.22,1,4.08,0.2237,0.0179,0.9821,High Volume,Good,89.9,Low Risk
43402bdf22aa2310e8f99e2f94f78628,ribeirao pires,sp,5,4,649.95,187.15,0,2.8,0.2236,0.0,1.0,Mid Volume,Fair,78.0,Moderate Risk
c4b911d06343b21dd906651f8101cb49,vera cruz,sp,2,2,90.98,50.349999999999994,0,1.0,0.3563,0.0,1.0,Low Volume,Poor,60.0,High Risk
f44bdc12aa39f5271f0b95f66cd4c289,braganca paulista,sp,7,5,357.5,74.57,1,2.86,0.1726,0.2,0.8,Mid Volume,Fair,68.6,Moderate Risk
9bf11dfc0bec77e5a23028043c3c5a8f,contagem,mg,1,1,115.0,17.06,1,1.0,0.1292,1.0,0.0,Low Volume,Poor,10.0,High Risk
13f57c12a00ed4610db646b913a7f5c6,santos,sp,13,7,645.2,175.95,2,4.77,0.2143,0.2857,0.7143,Mid Volume,Excellent,83.42,Low Risk
54c04bdb5ec46762f8f08c7e8f86ed4a,florianopolis,sc,19,18,3281.66,476.12,2,4.32,0.1267,0.1111,0.8889,High Volume,Excellent,87.65,Low Risk
b5dd7151a92ccaaa282cbe9681a05f44,ribeirao preto,sp,1,1,85.0,18.7,0,5.0,0.1803,0.0,1.0,Low Volume,Excellent,100.0,Low Risk
447d377bdb757058acb569025ee18a93,carazinho,rs,1,1,64.99,18.02,0,5.0,0.2171,0.0,1.0,Low Volume,Excellent,100.0,Low Risk
52562a9f449c3dc3d53f5f5b9ed74903,parnamirim,rn,14,14,3266.6,444.03999999999996,0,4.79,0.1197,0.0,1.0,High Volume,Excellent,97.9,Low Risk
2a73cba571d90c694b7caca072ccf6ce,sao caetano do sul,sp,2,1,342.78,38.7,0,5.0,0.1014,0.0,1.0,Low Volume,Excellent,100.0,Low Risk
3d2400ac620cffa23ac81bd192f7f555,sao bernardo do campo,sp,1,1,105.0,8.9,0,5.0,0.0781,0.0,1.0,Low Volume,Excellent,100.0,Low Risk
968268a686aa05d1f529fb07dff08130,sao paulo,sp,12,12,4677.29,203.55,0,3.5,0.0417,0.0,1.0,Mid Volume,Fair,85.0,Low Risk
7c462184585ae80bd6e5774c62ce50f2,campinas,sp,2,1,60.0,17.64,2,3.0,0.2272,2.0,-1.0,Low Volume,Fair,-20.0,High Risk
3ea00e1dea2b0659dbaf654735929220,curitiba,pr,7,7,505.0,144.97,0,4.86,0.223,0.0,1.0,Mid Volume,Excellent,98.6,Low Risk
54965bbe3e4f07ae045b90b0b8541f52,foz do iguacu,pr,86,78,10961.300000000001,2203.54,26,2.94,0.1674,0.3333,0.6667,High Volume,Fair,62.74,Moderate Risk
4965a7002cca77301c82d3f91b82e1a9,sorocaba,sp,1,1,8.49,7.87,0,5.0,0.4811,0.0,1.0,Low Volume,Excellent,100.0,Low Risk
2d8cfba3fcd3170555941605edaa196a,osasco,sp,1,1,45.0,10.96,0,5.0,0.1959,0.0,1.0,Low Volume,Excellent,100.0,Low Risk
6039e27294dc75811c0d8a39069f52c0,osasco,sp,75,64,13670.7,2376.4700000000003,16,3.83,0.1481,0.25,0.75,High Volume,Good,75.8,Moderate Risk
b45d7ebfb7378630f1bcd74b6ff86ff7,belo horizonte,mg,5,5,1007.5,102.51,0,3.8,0.0924,0.0,1.0,Mid Volume,Good,88.0,Low Risk
e2a1ac9bf33e5549a2a4f834e70df2f8,sao paulo,sp,5,5,14999.449999999999,201.11,0,4.8,0.0132,0.0,1.0,Mid Volume,Excellent,98.0,Low Risk
bc07d855eac23aab5ac8a120f21d16b2,mogi das cruzes,sp,13,12,1283.1100000000001,213.07,2,4.15,0.1424,0.1667,0.8333,Mid Volume,Good,83.16,Low Risk
3492e68f37fd1df87f4f2f2ea247f445,salto,sp,9,8,787.86,169.4,0,3.56,0.177,0.0,1.0,Mid Volume,Good,85.6,Low Risk
93bef6edaa84956e8e575016449b6351,sao paulo,sp,1,1,115.0,14.56,0,5.0,0.1124,0.0,1.0,Low Volume,Excellent,100.0,Low Risk
05ff92fedb5be47920fea08e501238b9,santo angelo,rs,62,59,21992.78,1815.39,2,4.21,0.0763,0.0339,0.9661,High Volume,Excellent,90.4,Low Risk
68f86ba270525243e68ae74044f992b9,rio de janeiro,rj,12,11,876.5,194.81,0,4.25,0.1818,0.0,1.0,Mid Volume,Excellent,92.5,Low Risk
aeb36d67f1414f234d42a29e27cf1f17,santo andre,sp,4,4,3263.8,284.3,1,4.5,0.0801,0.25,0.75,Mid Volume,Excellent,82.5,Low Risk
916c9de0b5ad957346eeeb12f332687e,curitiba,pr,28,23,5480.25,493.53,0,4.39,0.0826,0.0,1.0,High Volume,Excellent,93.9,Low Risk
c68fb906c8f4b4b946d8386bfa6e5467,jaboticabal,sp,48,45,4541.16,892.45,1,4.51,0.1642,0.0222,0.9778,High Volume,Excellent,93.99,Low Risk
53d00c40e32aeb924a84ce72b1af869d,ibitinga,sp,17,17,2165.85,296.22,2,4.35,0.1203,0.1176,0.8824,High Volume,Excellent,87.62,Low Risk
93dc87703c046b603023e75222018b45,belo horizonte,mg,36,35,8517.35,688.9399999999999,3,4.0,0.0748,0.0857,0.9143,High Volume,Good,85.72,Low Risk
10076e5788b8ee532724bcd460baf762,batatais,sp,26,23,821.48,377.29999999999995,1,4.62,0.3147,0.0435,0.9565,High Volume,Excellent,94.02,Low Risk
804287717b9156fb7a787acd9af4fac1,maringa,pr,1,1,18.8,15.1,0,5.0,0.4454,0.0,1.0,Low Volume,Excellent,100.0,Low Risk
4dc646b9b9e8e411ef48ba000ea3ac6f,valinhos,sp,5,4,289.7,63.56,1,2.4,0.1799,0.25,0.75,Mid Volume,Poor,61.5,Moderate Risk
e9c6969d40e6a3d2d0f90013165c2b98,sao paulo,sp,10,10,5239.98,242.0,0,4.4,0.0441,0.0,1.0,Mid Volume,Excellent,94.0,Low Risk
bd0a1b0aadca9a83d9304f7e8ff5fbd5,sao paulo,sp,4,4,150.6,54.59,0,4.5,0.266,0.0,1.0,Mid Volume,Excellent,95.0,Low Risk
340636a908b13bbe0f4fb63fbe1d0c03,sao jose dos campos,sp,6,5,823.2,169.95,0,3.0,0.1711,0.0,1.0,Mid Volume,Fair,80.0,Moderate Risk
cf654707ed6a99f112c7ec3d6f314b8b,sao paulo,sp,4,3,756.0,33.54,0,4.75,0.0425,0.0,1.0,Low Volume,Excellent,97.5,Low Risk
01c97ebb5cdac52891c0ed1c37ba0012,catanduva,sp,12,9,577.5,178.5,0,4.08,0.2361,0.0,1.0,Mid Volume,Good,90.8,Low Risk
f0b47fbbc6dee9aafe415a6e33051b3f,maua,sp,86,68,3795.91,1336.28,8,4.23,0.2604,0.1176,0.8824,High Volume,Excellent,86.42,Low Risk
bd149ed516d4c5d418d5781f8e18919f,guarulhos,sp,9,8,414.0,141.94,0,4.89,0.2553,0.0,1.0,Mid Volume,Excellent,98.9,Low Risk
3dbbce181edfaa4a597ec858c382d2ec,curitiba,pr,20,17,848.3,440.27,1,4.35,0.3417,0.0588,0.9412,High Volume,Excellent,90.56,Low Risk
06532f10282704ef4c69168b914b77be,paincandu,pr,9,8,10220.5,698.24,0,4.22,0.0639,0.0,1.0,Mid Volume,Excellent,92.2,Low Risk
1127b7f2594683f2510f1c2c834a486b,campinas,sp,132,114,6851.33,1821.71,7,4.09,0.21,0.0614,0.9386,High Volume,Good,87.83,Low Risk
cd52a8efd71af3336b14b5039b951cc1,palhoca,sp,3,3,170.8,59.74,0,2.33,0.2591,0.0,1.0,Mid Volume,Poor,73.3,Moderate Risk
79ed755314cfe6df0daef2c6cd3022cd,rio claro,sp,25,23,3907.5,459.16,0,4.7,0.1052,0.0,1.0,High Volume,Excellent,97.0,Low Risk
2c9e548be18521d1c43cde1c582c6de8,mogi das cruzes,sp,174,126,6109.44,2493.61,28,3.92,0.2899,0.2222,0.7778,High Volume,Good,78.09,Moderate Risk
bc47d5d1490df2b36add65d733eafaba,santo andre,sp,25,24,1004.8,415.11,2,3.28,0.2923,0.0833,0.9167,High Volume,Fair,78.63,Moderate Risk
7caa63f175b1cecbfaadd8b5ab9998c7,sao paulo,sp,2,2,39.8,20.53,0,2.0,0.3403,0.0,1.0,Low Volume,Poor,70.0,Moderate Risk
de66a66f2dd06bb9ec37aa96987466a3,rio de janeiro,rj,8,7,353.32,115.66,0,4.25,0.2466,0.0,1.0,Mid Volume,Excellent,92.5,Low Risk
fec6275253471ace26d209bbaa64cd0f,nova friburgo,rj,10,9,2840.0,355.66999999999996,0,4.6,0.1113,0.0,1.0,Mid Volume,Excellent,96.0,Low Risk
c31eff8334d6b3047ed34bebd4d62c36,salto,sp,123,122,13191.5,2394.55,14,3.85,0.1536,0.1148,0.8852,High Volume,Good,82.76,Low Risk
c87abc38c8ed3240861729e1aeadf221,sao paulo,sp,1,1,133.0,15.68,0,1.0,0.1055,0.0,1.0,Low Volume,Poor,60.0,High Risk
07a9bc7f61396b658ddf3ac534efe44c,sao paulo,sp,1,1,119.9,15.59,0,3.5,0.1151,0.0,1.0,Low Volume,Fair,85.0,Low Risk
822166ed1e47908f7cfb49946d03c726,tres rios,rj,108,69,3714.83,1821.12,1,3.92,0.329,0.0145,0.9855,High Volume,Good,88.48,Low Risk
a45314082d50d578a4721c9787ce09ab,mirassol,sp,2,2,424.9,29.020000000000003,0,5.0,0.0639,0.0,1.0,Low Volume,Excellent,100.0,Low Risk
98e164d549402270247f3c96a1a158ef,sao paulo,sp,2,2,162.7,24.72,0,2.5,0.1319,0.0,1.0,Low Volume,Poor,75.0,Moderate Risk
59bbc819b99a733f02f0d6b49d1c253d,campinas,sp,2,2,139.8,22.950000000000003,0,5.0,0.141,0.0,1.0,Low Volume,Excellent,100.0,Low Risk
2e3be8a987a30d7544dbbda6861cc14e,belo horizonte,mg,19,18,4430.84,346.71000000000004,1,3.05,0.0726,0.0556,0.9444,High Volume,Fair,77.72,Moderate Risk
b6c6854d4d92a5f6f46be8869da3fa1a,sao paulo,sp,1,1,69.9,17.92,0,1.0,0.2041,0.0,1.0,Low Volume,Poor,60.0,High Risk
f1b93673502375d491780bb49d615dbc,sao jose dos campos,sp,10,8,2638.9300000000003,320.35,1,2.7,0.1083,0.125,0.875,Mid Volume,Fair,70.75,Moderate Risk
bbd3acfe6de99892e73940d3fdceaf68,santo andre,sp,2,2,69.0,24.55,0,3.0,0.2624,0.0,1.0,Low Volume,Fair,80.0,Moderate Risk
b3f19518fcec265b2e97af287725f981,tanabi,sp,9,9,486.91,137.57,0,4.22,0.2203,0.0,1.0,Mid Volume,Excellent,92.2,Low Risk
b2ba3715d723d245138f291a6fe42594,sao paulo,sp,363,337,51676.88,6496.14,22,4.11,0.1117,0.0653,0.9347,High Volume,Good,87.84,Low Risk
b410bdd36d5db7a65dcd42b7ead933b8,goiania,go,44,44,7726.9,1006.71,0,4.66,0.1153,0.0,1.0,High Volume,Excellent,96.6,Low Risk
31344c16881c08a8a72c6d2eb29918c1,uba,mg,43,43,9615.7,2296.92,2,4.35,0.1928,0.0465,0.9535,High Volume,Excellent,91.17,Low Risk
4e42581f08e8cfc7c090f930bac4552a,portoferreira,sp,4,3,336.0,117.8,2,1.0,0.2596,0.6667,0.3333,Mid Volume,Poor,26.66,High Risk
9a208dee8f95cfdf00760c4d627828ec,belford roxo,rj,1,1,269.9,26.09,0,1.0,0.0881,0.0,1.0,Low Volume,Poor,60.0,High Risk
d58d521f3789def2e7a22715e0badd93,sao paulo,sp,2,2,65.98,18.22,0,3.5,0.2164,0.0,1.0,Low Volume,Fair,85.0,Low Risk
0aea4c6ae1505b3228ddf3dd7822ee5b,sorocaba,sp,8,8,1427.91,151.75,2,3.88,0.0961,0.25,0.75,Mid Volume,Good,76.3,Moderate Risk
b3809b8d4394588a47c8470ea331e135,sao paulo,sp,1,1,89.0,7.88,0,4.0,0.0813,0.0,1.0,Low Volume,Good,90.0,Low Risk
fcb5ace8bcc92f75707dc0f01a27d269,guarulhos,sp,73,62,8318.63,954.7,2,3.79,0.103,0.0323,0.9677,High Volume,Good,86.28,Low Risk
6a0cbc8af2e8abd1bdfb777943d174c6,batatais,sp,35,35,3894.05,745.37,3,4.06,0.1607,0.0857,0.9143,High Volume,Good,86.32,Low Risk
1b0b0f4f95e962d6f32fe90c759d0479,sao paulo,sp,2,2,139.8,23.37,0,5.0,0.1432,0.0,1.0,Low Volume,Excellent,100.0,Low Risk
70126eecc6aa1274392a1743866e9678,barueri,sp,3,3,97.39999999999999,47.34,0,5.0,0.3271,0.0,1.0,Mid Volume,Excellent,100.0,Low Risk
cb0b3bcf14e0a709df412a99424a59d7,sao paulo,sp,2,2,460.0,47.43,0,4.5,0.0935,0.0,1.0,Low Volume,Excellent,95.0,Low Risk
8931a84a914b3fe9b1ddaa4d704947ca,sao paulo,sp,32,29,4668.3,424.59,5,3.77,0.0834,0.1724,0.8276,High Volume,Good,79.08,Moderate Risk
7681ef142fd2c19048da7430856b5588,guarulhos,sp,77,59,31941.81,2916.12,6,4.12,0.0837,0.1017,0.8983,High Volume,Good,86.12,Low Risk
3771c85bac139d2344864ede5d9341e3,sorocaba,sp,30,26,1433.3,408.96,4,3.57,0.222,0.1538,0.8462,High Volume,Good,78.01,Moderate Risk
7ddcbb64b5bc1ef36ca8c151f6ec77df,sao paulo,sp,343,334,55578.57,7946.72,27,3.91,0.1251,0.0808,0.9192,High Volume,Good,85.06,Low Risk
02b72cdeb9cfcc429f1af6f4e3f3b737,ibitinga,sp,4,4,522.65,225.99,0,4.75,0.3019,0.0,1.0,Mid Volume,Excellent,97.5,Low Risk
3481aa57cd91f9f9d3fa1fa12d9a3bf7,capivari,sp,25,25,1773.03,774.14,0,3.88,0.3039,0.0,1.0,High Volume,Good,88.8,Low Risk
a218df5c097b0ca409cfaac1488cc7f6,araraquara,sp,4,4,130.69,110.00999999999999,0,2.75,0.457,0.0,1.0,Mid Volume,Fair,77.5,Moderate Risk
bd0389da23d89b726abf911cccc54596,brasilia,df,90,87,7472.16,1656.31,6,4.2,0.1814,0.069,0.931,High Volume,Good,88.55,Low Risk
af3ef48d0e13835e529c29ac573c63e5,araraquara,sp,21,21,1405.63,467.5,1,3.76,0.2496,0.0476,0.9524,High Volume,Good,85.22,Low Risk
855668e0971d4dfd7bef1b6a4133b41b,itatiba,sp,327,312,32208.16,7797.2,39,3.72,0.1949,0.125,0.875,High Volume,Good,80.95,Low Risk
77e4abfd739aed9c46480f90f81c0eb4,brasilia,df,18,18,3736.99,355.21999999999997,0,4.78,0.0868,0.0,1.0,High Volume,Excellent,97.8,Low Risk
bac44fa8e13424950488659b5f765c41,sao paulo,sp,1,1,19.9,14.52,0,5.0,0.4218,0.0,1.0,Low Volume,Excellent,100.0,Low Risk
863d2ebcd347ce4922de7a0f9a5581d6,rio de janeiro,rj,19,18,1382.36,308.81,2,3.95,0.1826,0.1111,0.8889,High Volume,Good,83.94,Low Risk
1c68394e931a64f90ea236c5ea590300,sarandi,pr,171,142,24832.75,2896.41,6,3.93,0.1045,0.0423,0.9577,High Volume,Good,87.18,Low Risk
95b293867b5862941c9cd74f756a3c68,sao paulo,sp,9,9,648.1,98.12,4,3.56,0.1315,0.4444,0.5556,Mid Volume,Good,63.38,Moderate Risk
e62b2d6ac10570a035a30bafcf01d263,sao paulo,sp,71,62,5340.39,1035.08,10,3.83,0.1624,0.1613,0.8387,High Volume,Good,80.24,Low Risk
f63d8f293af3a6454377546bd9dd19ff,votorantim,sp,28,17,1751.82,495.13,4,3.82,0.2204,0.2353,0.7647,High Volume,Good,76.44,Moderate Risk
7a425d299613df3e613bcf9d2eaf5c49,rio de janeiro,rj,18,18,1218.8,286.67,1,4.11,0.1904,0.0556,0.9444,High Volume,Good,88.32,Low Risk
6bb0724edf0b62fb91ac404873a97241,cotia,sp,18,17,3653.0,763.52,1,4.5,0.1729,0.0588,0.9412,High Volume,Excellent,92.06,Low Risk
112453736dbe3889cfb74e1aaa0ba0c1,sao paulo,sp,14,7,1890.0,264.77,0,4.07,0.1229,0.0,1.0,Mid Volume,Good,90.7,Low Risk
f593898ec748b7a8cb81fc04edafd98a,pedreira,sp,23,20,2813.04,728.08,4,3.48,0.2056,0.2,0.8,High Volume,Fair,74.8,Moderate Risk
96f7c797de9ca20efbe14545bed63eec,cravinhos,sp,3,1,138.60000000000002,38.37,0,1.0,0.2168,0.0,1.0,Low Volume,Poor,60.0,High Risk
77530e9772f57a62c906e1c21538ab82,curitiba,pr,389,320,46610.4,8453.59,34,4.05,0.1535,0.1062,0.8938,High Volume,Good,85.19,Low Risk
297d5eccd19fa9a83b2630071ff105e4,curitiba,pr,8,8,834.97,141.76,0,5.0,0.1451,0.0,1.0,Mid Volume,Excellent,100.0,Low Risk
191d55f7edb8524d525ed01b20fe32e8,brasilia,df,3,3,747.0,65.8,1,2.33,0.081,0.3333,0.6667,Mid Volume,Poor,56.64,High Risk
ff69aa92bb6b1bf9b8b7a51c2ed9cf8b,sao paulo,sp,20,20,21940.8,1754.4,4,3.65,0.074,0.2,0.8,High Volume,Good,76.5,Moderate Risk
5733d806668f8712c24b9abaefbfa642,chapeco,sp,2,2,243.8,85.88,0,5.0,0.2605,0.0,1.0,Low Volume,Excellent,100.0,Low Risk
65b081a070633e057c462abdd6fb9dd8,morrinhos,go,20,19,1885.09,441.58,0,4.35,0.1898,0.0,1.0,High Volume,Excellent,93.5,Low Risk
edf96ef93ed595084bbcbd9224bd2894,sao paulo,sp,28,25,3757.0,608.78,2,3.79,0.1394,0.08,0.92,High Volume,Good,83.9,Low Risk
6a8b085f816a1f75f92dbac6eb545f8f,bebedouro,sp,135,127,6018.97,2177.99,10,4.13,0.2657,0.0787,0.9213,High Volume,Good,87.36,Low Risk
f3295428338a40977a03f555246a70f4,vitoria,es,7,7,644.98,124.4,1,3.57,0.1617,0.1429,0.8571,Mid Volume,Good,78.55,Moderate Risk
75fbb52eda0cbc24f479d3b2fbfa8d3e,goiania,go,43,40,1130.99,943.52,2,4.4,0.4548,0.05,0.95,High Volume,Excellent,91.5,Low Risk
e5d4b2b0c3bca22085f7a19a28de0c42,joinville,sc,4,4,205.8,63.76,0,4.5,0.2365,0.0,1.0,Mid Volume,Excellent,95.0,Low Risk
6187a137b2af59dfdbad8d9f8c373c14,osasco,sp,2,2,74.8,30.22,0,3.0,0.2878,0.0,1.0,Low Volume,Fair,80.0,Moderate Risk
062ce95fa2ad4dfaedfc79260130565f,lajeado,rs,60,55,7521.0,1200.44,2,3.97,0.1376,0.0364,0.9636,High Volume,Good,87.88,Low Risk
c200c73f9d7e5a08ca439d6a0803da7c,almirante tamandare,pr,2,1,40.0,28.2,0,1.0,0.4135,0.0,1.0,Low Volume,Poor,60.0,High Risk
2ee0a0689f2f6a72f35a7cb6033f6e7e,presidente prudente,sp,4,4,272.0,52.84,0,4.0,0.1627,0.0,1.0,Mid Volume,Good,90.0,Low Risk
a08692680c77d30a0b4280da5df01c5a,sao paulo,sp,17,6,2433.0,227.91000000000003,0,5.0,0.0857,0.0,1.0,Mid Volume,Excellent,100.0,Low Risk
dd533b429f380718b70ad9922c294bae,barretos,sp,45,41,2819.77,1151.21,4,3.73,0.2899,0.0976,0.9024,High Volume,Good,82.42,Low Risk
582d4f8675b945722eda7c0cb61ba4c7,bertioga,sp,71,59,4702.96,980.97,1,4.11,0.1726,0.0169,0.9831,High Volume,Good,90.26,Low Risk
74636e24f01da9268b0ed88dacd8513e,sao paulo,sp,4,4,776.0,272.61,1,4.0,0.26,0.25,0.75,Mid Volume,Good,77.5,Moderate Risk
09bad886111255c5b5030314fc7f1a4a,sao paulo,sp,5,5,487.5,72.86,0,5.0,0.13,0.0,1.0,Mid Volume,Excellent,100.0,Low Risk
94144541854e298c2d976cb893b81343,viamao,rs,76,68,17286.28,1429.37,3,4.33,0.0764,0.0441,0.9559,High Volume,Excellent,91.1,Low Risk
bf84056e679dbe9c69929847a40e338f,sao paulo,sp,40,36,2024.04,453.28000000000003,2,3.72,0.183,0.0556,0.9444,High Volume,Good,84.42,Low Risk
21c62b998a043ebe31161d38f84929fc,fortaleza,ce,4,4,750.49,90.84,0,4.5,0.108,0.0,1.0,Mid Volume,Excellent,95.0,Low Risk
02d35243ea2e497335cd0f076b45675d,natal,rn,16,14,5794.0,605.95,4,2.69,0.0947,0.2857,0.7143,High Volume,Fair,62.62,Moderate Risk
1c129092bf23f28a5930387c980c0dfc,sao paulo,sp,220,201,9553.619999999999,3035.67,9,4.17,0.2411,0.0448,0.9552,High Volume,Good,89.46,Low Risk
a1040efe9ff4a6f93c28b0499eada8f5,jundiai,sp,1,1,1658.83,34.48,0,5.0,0.0204,0.0,1.0,Low Volume,Excellent,100.0,Low Risk
2d9e8987a2ea5cf88dce330249043ff1,jaci,sp,2,2,239.8,104.37,0,4.5,0.3033,0.0,1.0,Low Volume,Excellent,95.0,Low Risk
fdf736c18c589ed030e058312203e1b2,pocos de caldas,mg,1,1,30.0,14.51,0,5.0,0.326,0.0,1.0,Low Volume,Excellent,100.0,Low Risk
e433f5fd4050e3352b5d83522b7fe24b,arapongas,pr,1,1,548.06,48.71,0,4.0,0.0816,0.0,1.0,Low Volume,Good,90.0,Low Risk
b01c2b7b8599b325103ebcddc67413e1,venancio aires,rs,4,4,169.45,72.67,0,4.75,0.3001,0.0,1.0,Mid Volume,Excellent,97.5,Low Risk
bb5d956dece964a06c12bceb66b923ae,rio de janeiro,rj,2,2,1278.36,50.14,0,5.0,0.0377,0.0,1.0,Low Volume,Excellent,100.0,Low Risk
3afc536624bc2e65bddfb5db33cc01f3,belo horizonte,mg,6,6,312.0,107.07000000000001,0,3.5,0.2555,0.0,1.0,Mid Volume,Fair,85.0,Low Risk
8090490573c6c0aa343a7231ebcb8c86,sao paulo  sp,sp,26,26,3871.1200000000003,426.91,2,4.19,0.0993,0.0769,0.9231,High Volume,Good,88.06,Low Risk
26d6bbee02420494d471c9f6436929c0,curitiba,pr,13,12,434.51,247.19,0,4.69,0.3626,0.0,1.0,Mid Volume,Excellent,96.9,Low Risk
602044f2c16190c2c6e45eb35c2e21cb,ibitinga,sp,57,50,3739.16,938.28,11,2.96,0.2006,0.22,0.78,High Volume,Fair,68.6,Moderate Risk
b347677812ea483b0f528eaf8cbc09b7,curitiba,pr,21,21,7288.99,762.35,0,4.52,0.0947,0.0,1.0,High Volume,Excellent,95.2,Low Risk
d94ba08b99bedd6a5f6c875ecc4a6fac,apucarana,pr,10,9,599.0,179.27,0,4.8,0.2303,0.0,1.0,Mid Volume,Excellent,98.0,Low Risk
880ce4951cf857ab1d9e0b75c1d856f4,belo horizont,mg,1,1,178.9,18.82,0,5.0,0.0952,0.0,1.0,Low Volume,Excellent,100.0,Low Risk
b499c00f28f4b7069ff6550af8c1348a,limeira,sp,187,152,10327.130000000001,2577.95,20,4.14,0.1998,0.1316,0.8684,High Volume,Good,84.82,Low Risk
7a2d2949aea47fab95fd98d6c9f618b1,curitiba,pr,12,11,1638.99,211.24,0,4.25,0.1142,0.0,1.0,Mid Volume,Excellent,92.5,Low Risk
fad44952713764836814be105382aee5,rio de janeiro,rj,32,32,5129.0,507.88,0,4.28,0.0901,0.0,1.0,High Volume,Excellent,92.8,Low Risk
f1ed6bd0a9b11b581f16c851c6a5a527,porto alegre,rs,18,17,1622.77,373.81,1,4.44,0.1872,0.0588,0.9412,High Volume,Excellent,91.46,Low Risk
624f4ece8da4aafb77699233d480f8ef,sao paulo,sp,55,53,9205.0,1722.37,4,4.19,0.1576,0.0755,0.9245,High Volume,Good,88.12,Low Risk
95e03ca3d4146e4011985981aeb959b9,rio de janeiro,rj,193,175,11009.960000000001,3233.54,6,4.0,0.227,0.0343,0.9657,High Volume,Good,88.28,Low Risk
1771297ac436903d1dd6b0e9279aa505,guarulhos,sp,36,28,2881.27,585.16,1,4.63,0.1688,0.0357,0.9643,High Volume,Excellent,94.52,Low Risk
1d503743d2526f03f0c2c89540ee008c,sao paulo,sp,17,12,516.04,204.49,1,4.24,0.2838,0.0833,0.9167,Mid Volume,Excellent,88.24,Low Risk
fc5a0d7a310a7a41abf86a458585ff2b,sao paulo,sp,2,2,162.8,27.36,0,2.5,0.1439,0.0,1.0,Low Volume,Poor,75.0,Moderate Risk
e1bed63d68ac36fe1f3061befe196af5,mogi guacu,sp,1,1,199.0,18.0,0,5.0,0.0829,0.0,1.0,Low Volume,Excellent,100.0,Low Risk
73da1880b39c71de2b262bc7720c1494,sao carlos,sp,2,2,398.0,46.99,0,5.0,0.1056,0.0,1.0,Low Volume,Excellent,100.0,Low Risk
df560393f3a51e74553ab94004ba5c87,loanda,pr,29,28,3661.1800000000003,606.15,2,3.72,0.142,0.0714,0.9286,High Volume,Good,83.63,Low Risk
253f95b3a0e6983ae18aed49fbc2b845,sao paulo,sp,5,5,799.5,91.44,0,4.4,0.1026,0.0,1.0,Mid Volume,Excellent,94.0,Low Risk
834f3294fba9f932f56edc879193f925,araraquara,sp,66,66,39907.5,4299.92,4,4.55,0.0973,0.0606,0.9394,High Volume,Excellent,92.47,Low Risk
6c177e38df6d3f34182b1f1d427231bf,curitiba,pr,56,55,8341.89,1034.64,1,4.04,0.1103,0.0182,0.9818,High Volume,Good,89.49,Low Risk
08d0949a9a17c027262db1f3c450c26c,cascavel,pr,12,12,324.8,233.04000000000002,0,3.71,0.4178,0.0,1.0,Mid Volume,Good,87.1,Low Risk
11fb6f6d341adbe19e81733701704635,sao paulo,sp,3,3,1197.0,399.65999999999997,0,5.0,0.2503,0.0,1.0,Mid Volume,Excellent,100.0,Low Risk
04843805947f0fc584fc1969b6e50fe7,ivoti,rs,2,1,1400.0,74.76,0,5.0,0.0507,0.0,1.0,Low Volume,Excellent,100.0,Low Risk
e3b4998c7a498169dc7bce44e6bb6277,sao paulo,sp,3,3,6897.9,216.79,0,2.67,0.0305,0.0,1.0,Mid Volume,Fair,76.7,Moderate Risk
a37c340b91cb0169e8b029db6440fba2,sao paulo,sp,5,5,345.0,94.95,0,4.8,0.2158,0.0,1.0,Mid Volume,Excellent,98.0,Low Risk
e628d4a53c109f09ca88098338b3a3f5,belo horizonte,mg,1,1,285.0,58.9,0,1.0,0.1713,0.0,1.0,Low Volume,Poor,60.0,High Risk
381c83fdca332ea6afd896da20bf6e4a,curitiba,pr,46,46,7355.8,999.21,1,4.39,0.1196,0.0217,0.9783,High Volume,Excellent,92.82,Low Risk
6fd52c528dcb38be2eea044946b811f8,sao paulo,sp,84,67,7743.0199999999995,1138.56,9,3.5,0.1282,0.1343,0.8657,High Volume,Fair,78.28,Moderate Risk
189ca3538ce9f920cacf0f982cbe223b,sao paulo,sp,5,4,419.0,62.67,0,3.8,0.1301,0.0,1.0,Mid Volume,Good,88.0,Low Risk
20cb7c2fde3e5bf10f0bbe7394e1c6a9,andirapr,pr,51,32,861.9,798.38,5,3.84,0.4809,0.1562,0.8438,High Volume,Good,80.59,Low Risk
7e79d65b5c6f1f544b7daea036acf720,sao caetano do sul,sp,4,4,517.8,62.09,0,4.5,0.1071,0.0,1.0,Mid Volume,Excellent,95.0,Low Risk
fd435faa3c0422b60440ea3480d0e77c,joao pessoa,pb,1,1,749.0,133.87,0,5.0,0.1516,0.0,1.0,Low Volume,Excellent,100.0,Low Risk
6bef34c5be6f2bbd70aa5165f6df94b1,timbo,sc,2,2,1198.0,132.88,0,2.0,0.0998,0.0,1.0,Low Volume,Poor,70.0,Moderate Risk
ae9690c6e8fee182c28c9ff8e11ca52c,sao paulo,sp,1,1,47.4,12.41,0,5.0,0.2075,0.0,1.0,Low Volume,Excellent,100.0,Low Risk
f7720c4fa8e3aba4546301ab80ea1f1b,curitiba,pr,78,60,2083.45,1335.52,3,4.2,0.3906,0.05,0.95,High Volume,Good,89.5,Low Risk
5bba18b40e8c973b0f32e748004775b0,itajobi,sp,1,1,739.98,44.82,0,5.0,0.0571,0.0,1.0,Low Volume,Excellent,100.0,Low Risk
7b7f91e98f8c6def45a1407923304402,osasco,sp,14,11,417.47,203.01999999999998,1,3.5,0.3272,0.0909,0.9091,Mid Volume,Fair,80.46,Low Risk
4c2b230173bb36f9b240f2b8ac11786e,sao paulo,sp,346,261,14592.27,4397.57,29,3.76,0.2316,0.1111,0.8889,High Volume,Good,82.04,Low Risk
a23266650e7c84bb93fbbba502137478,porto alegre,rs,16,11,1512.4,279.04,0,3.25,0.1558,0.0,1.0,Mid Volume,Fair,82.5,Low Risk
d2df77822373f19934e87694d8640767,arapongas,pr,2,2,155.9,40.5,0,3.0,0.2062,0.0,1.0,Low Volume,Fair,80.0,Moderate Risk
8fbd63429be6d3e5e6d1a709b6464802,santo andre,sp,8,6,1061.4,179.57,0,4.62,0.1447,0.0,1.0,Mid Volume,Excellent,96.2,Low Risk
ac6417315ae5da8f9a38ee11de6f7780,aruja,sp,8,8,788.9,182.53,1,3.75,0.1879,0.125,0.875,Mid Volume,Good,81.25,Low Risk
81336a0f57a33776419727a300249e90,sao carlos,sp,19,16,1374.8500000000001,296.03,3,3.68,0.1772,0.1875,0.8125,High Volume,Good,77.42,Moderate Risk
02f623a8eb246f3c5f7c2f96462654e6,botucatu,sp,44,44,6378.0,829.63,3,4.56,0.1151,0.0682,0.9318,High Volume,Excellent,92.19,Low Risk
56db5c0782e8f7ddc9343f9576ff6d16,palhoca,sc,2,2,734.8,57.15,0,3.0,0.0722,0.0,1.0,Low Volume,Fair,80.0,Moderate Risk
29fe9f200d3fa0c668d2aa1ec7e08dfb,balneario camboriu,sc,5,5,400.0,114.16,0,4.0,0.222,0.0,1.0,Mid Volume,Good,90.0,Low Risk
271b8923c6a549e02d3c9fd1f8c0422b,praia grande,sp,1,1,105.19,13.4,1,4.0,0.113,1.0,0.0,Low Volume,Good,40.0,High Risk
4e06067cc08b3f41d837768d392c3ee3,betim,mg,46,31,941.72,572.53,2,4.17,0.3781,0.0645,0.9355,High Volume,Good,88.48,Low Risk
ec933281fb017b5020d06df29c3f77e8,sao paulo,sp,8,8,1432.0,230.85,0,5.0,0.1388,0.0,1.0,Mid Volume,Excellent,100.0,Low Risk
49e7217cfe4e427191c378ec626d8737,formiga,mg,14,13,3002.7,375.61,0,3.93,0.1112,0.0,1.0,Mid Volume,Good,89.3,Low Risk
34f563c82a85b99ae9e6d60db5fc2e28,campo bom,rs,8,8,2332.3,246.2,0,4.62,0.0955,0.0,1.0,Mid Volume,Excellent,96.2,Low Risk
4ddeb3e828550cddc8d45c8bc36ab2d1,sao paulo,sp,1,1,152.0,12.45,0,5.0,0.0757,0.0,1.0,Low Volume,Excellent,100.0,Low Risk
90d4125885ab6c86e8820a722be71974,taboao da serra,sp,5,3,1299.5500000000002,43.4,0,1.0,0.0323,0.0,1.0,Mid Volume,Poor,60.0,High Risk
3a734b715d333a2588a3d54a0c9b8746,osasco,sp,24,18,2463.52,395.64,1,4.21,0.1384,0.0556,0.9444,High Volume,Excellent,89.32,Low Risk
f5b84683a9bf9e1df748cf40f601b39c,sao paulo,sp,1,1,83.9,9.07,0,5.0,0.0976,0.0,1.0,Low Volume,Excellent,100.0,Low Risk
392e0502231ae2f8b29994ef6398cd77,cerqueira cesar,sp,20,20,1871.7,355.89,2,4.16,0.1598,0.1,0.9,High Volume,Good,86.6,Low Risk
5d0363b33554b373851fc1622e4d5f3c,atibaia,sp,95,94,6610.79,2192.18,8,4.05,0.249,0.0851,0.9149,High Volume,Good,86.24,Low Risk
6e85dc5ecd97a61094b89b046a509d8e,marapoama,sp,1,1,169.9,12.69,0,1.0,0.0695,0.0,1.0,Low Volume,Poor,60.0,High Risk
417a1e6c7321084d2a0ae0d023cfad93,imigrante,rs,1,1,48.9,12.48,0,5.0,0.2033,0.0,1.0,Low Volume,Excellent,100.0,Low Risk
013900e863eace745d3ec7614cab5b1a,curitiba,pr,26,23,1619.7,469.67,0,4.73,0.2248,0.0,1.0,High Volume,Excellent,97.3,Low Risk
c157bdeedcbc9a8e3c8bf0d87ff24428,mairinque,sp,10,7,514.27,208.7,0,4.5,0.2887,0.0,1.0,Mid Volume,Excellent,95.0,Low Risk
fa3a0b5aabb344b9a92e3524b0202123,sao jose dos pinhais,sp,7,7,1789.0,164.41,1,4.14,0.0842,0.1429,0.8571,Mid Volume,Good,84.26,Low Risk
88cf19ec1fc2c58f161aee259d57142c,sao carlos,sp,14,14,1372.97,234.71,0,4.5,0.146,0.0,1.0,High Volume,Excellent,95.0,Low Risk
c13ef0cfbe42f190780f621ce81f2234,sao paulo sp,sp,1,1,390.0,61.28,1,3.0,0.1358,1.0,0.0,Low Volume,Fair,30.0,High Risk
fc908879b9ca1bd65419e54e50432d38,sao paulo,sp,4,4,119.19999999999999,52.68,0,5.0,0.3065,0.0,1.0,Mid Volume,Excellent,100.0,Low Risk
c679fb69a36e1d8349e8c50a217b4d58,caxias do sul,rs,17,14,1825.68,388.21000000000004,1,3.56,0.1754,0.0714,0.9286,High Volume,Good,82.03,Low Risk
17a053fcb14bd219540cbde0df490be0,mogi guacu,sp,149,125,40703.14,8828.43,8,4.2,0.1782,0.064,0.936,High Volume,Good,88.8,Low Risk
2d34636518ba88f5349b732fcf8ba2e4,sao paulo,sp,1,1,150.0,18.63,0,5.0,0.1105,0.0,1.0,Low Volume,Excellent,100.0,Low Risk
d79e8478eed9999493990b44955fb22e,rio de janeiro  rio de janeiro,rj,5,5,721.89,80.72,1,4.0,0.1006,0.2,0.8,Mid Volume,Good,80.0,Moderate Risk
458d868c9642f55f18f04e951a3fdde6,porto alegre,rs,2,2,2718.0,104.75,0,5.0,0.0371,0.0,1.0,Low Volume,Excellent,100.0,Low Risk
41b14765bd56c8ad10971074380f9c0c,santo andre,sp,10,8,395.5,119.13,0,4.1,0.2315,0.0,1.0,Mid Volume,Good,91.0,Low Risk
e439f7176d763f92de325271111b2fd5,joinville,sc,7,7,1348.4,235.62,0,5.0,0.1487,0.0,1.0,Mid Volume,Excellent,100.0,Low Risk
7f2617c58d5d06806987308b45654351,sao paulo,sp,23,22,3656.8,326.47,2,3.87,0.082,0.0909,0.9091,High Volume,Good,84.16,Low Risk
cac63f48c38cd7d002a7e846dcd99a23,sumare,sp,10,10,874.0,140.62,0,4.8,0.1386,0.0,1.0,Mid Volume,Excellent,98.0,Low Risk
04ee0ec01589969663ba5967c0e0bdc0,lajeado,rs,1,1,289.49,24.83,0,5.0,0.079,0.0,1.0,Low Volume,Excellent,100.0,Low Risk
f00e21b1e91a79653163b7fd8f293ff1,andradas,sp,31,31,3900.09,570.97,1,4.1,0.1277,0.0323,0.9677,High Volume,Good,89.38,Low Risk
9140ef75cc8211c4035935e80e567204,maringa,pr,1,1,49.9,22.28,0,5.0,0.3087,0.0,1.0,Low Volume,Excellent,100.0,Low Risk
79a679c36c08d606b3fd47ead9de109b,sao paulo,sp,7,3,935.0,137.22,1,2.71,0.128,0.3333,0.6667,Mid Volume,Fair,60.44,Moderate Risk
cc5a78bbad32776dc4e3af205218368c,divinopolis,mg,38,33,4269.18,1304.17,1,4.47,0.234,0.0303,0.9697,High Volume,Excellent,93.18,Low Risk
6eeed17989b0ae47c9f11ece6f38ea90,sao paulo,sp,3,3,557.0,119.01,0,3.67,0.176,0.0,1.0,Mid Volume,Good,86.7,Low Risk
b5f0712d22a873b6797ab6cc65c3fcba,sao paulo,sp,1,1,12.99,8.29,0,4.0,0.3896,0.0,1.0,Low Volume,Good,90.0,Low Risk
3f9c56764fabca627406093dcb3ef0b4,rio de janeiro,rj,7,7,909.3000000000001,105.64999999999999,0,4.71,0.1041,0.0,1.0,Mid Volume,Excellent,97.1,Low Risk
efb628aa07c8ca93d7db0d85b91a4f5a,nova iguacu,rj,1,1,204.0,58.1,1,4.0,0.2217,1.0,0.0,Low Volume,Good,40.0,High Risk
4e922959ae960d389249c378d1c939f5,jacarei,sp,454,420,46030.37,7274.38,40,3.9,0.1365,0.0952,0.9048,High Volume,Good,84.24,Low Risk
47648caee88ccfe951fbb27fbf7b4cbe,diadema,sp,3,3,1564.99,68.0,1,3.67,0.0416,0.3333,0.6667,Mid Volume,Good,70.04,Moderate Risk
ca4b77513ac2040591b0d8fae6958380,sando andre,sp,15,14,1772.45,201.17000000000002,2,4.47,0.1019,0.1429,0.8571,High Volume,Excellent,87.56,Low Risk
7957cac1a02f45d0a4a7e45626382ec2,curitiba,pr,1,1,343.0,21.64,0,4.0,0.0593,0.0,1.0,Low Volume,Good,90.0,Low Risk
4cc4fd4fdd406a85bbdc1f824b731bd7,toledo,pr,2,1,539.98,31.24,0,5.0,0.0547,0.0,1.0,Low Volume,Excellent,100.0,Low Risk
b8630e1121437d41cb08e3c749c2c2e2,duque de caxias,rj,12,12,6988.0,346.1,1,4.33,0.0472,0.0833,0.9167,Mid Volume,Excellent,89.14,Low Risk
cfe94489ddd337d1e29e12f2a7205d10,sao paulo,sp,24,20,2376.0,296.82,2,4.12,0.1111,0.1,0.9,High Volume,Good,86.2,Low Risk
9cf787a239c1aa29dbd76f153dc13f9a,franca,sp,4,4,316.0,52.400000000000006,0,4.75,0.1422,0.0,1.0,Mid Volume,Excellent,97.5,Low Risk
2a50b7ee5aebecc6fd0ff9784a4747d6,brasilia,df,2,1,199.8,64.44,2,1.0,0.2439,2.0,-1.0,Low Volume,Poor,-40.0,High Risk
d297f1055de2956aedfd3b04113dce3e,nova odessa,sp,1,1,54.3,7.64,0,4.0,0.1233,0.0,1.0,Low Volume,Good,90.0,Low Risk
2c3d56f92f360fb89d849b84e8f50eae,barueri,sp,8,8,465.6,124.84,1,3.12,0.2114,0.125,0.875,Mid Volume,Fair,74.95,Moderate Risk
3442033154be05bac582e173ef54fd12,sao paulo,sp,1,1,161.0,8.39,0,5.0,0.0495,0.0,1.0,Low Volume,Excellent,100.0,Low Risk
78744a20ee2f80ba64f6804c25def2b8,recife,pe,6,6,2715.0,353.85,1,4.17,0.1153,0.1667,0.8333,Mid Volume,Good,83.36,Low Risk
c990d6cf976a5718aaedc539f383ab88,paulinia,sp,11,10,200.9,141.09,4,3.18,0.4126,0.4,0.6,Mid Volume,Fair,61.8,Moderate Risk
94e93ce877be27a515118dbfd2c2be41,votuporanga,sp,35,30,5674.57,868.15,0,3.94,0.1327,0.0,1.0,High Volume,Good,89.4,Low Risk
b566ab0ef88016e00422755e305103c6,extrema,mg,5,5,1208.0,220.21999999999997,1,3.2,0.1542,0.2,0.8,Mid Volume,Fair,72.0,Moderate Risk
d9cb0052a666de5308b32f32ad5f1b1c,olimpia,sp,3,3,231.89999999999998,38.59,0,3.67,0.1427,0.0,1.0,Mid Volume,Good,86.7,Low Risk
a89e143d5211473ae18db9577ee34b64,limeira,sp,2,2,140.0,19.68,0,3.0,0.1232,0.0,1.0,Low Volume,Fair,80.0,Moderate Risk
1f2eebc0e970fd3c463e4f5d9652687a,sao paulo,sp,1,1,44.99,8.48,1,5.0,0.1586,1.0,0.0,Low Volume,Excellent,50.0,High Risk
941554c5757b73ba0e50aa7732310afc,sao paulo,sp,4,3,107.69,58.66,0,4.5,0.3526,0.0,1.0,Mid Volume,Excellent,95.0,Low Risk
8581055ce74af1daba164fdbd55a40de,guarulhos,sp,435,387,64925.3,9659.0,34,4.23,0.1295,0.0879,0.9121,High Volume,Excellent,87.9,Low Risk
a9ae440659f48b7849df83e82734150b,santo andre,sp,1,1,285.0,27.02,0,5.0,0.0866,0.0,1.0,Low Volume,Excellent,100.0,Low Risk
c963a25b8671419c6ce9eebe8fd03218,angra dos reis rj,rj,1,1,49.0,19.32,0,5.0,0.2828,0.0,1.0,Low Volume,Excellent,100.0,Low Risk
9485a23c0430ba1d58d359391606fce6,santo andre,sp,5,5,1129.9,65.25,1,3.2,0.0546,0.2,0.8,Mid Volume,Fair,72.0,Moderate Risk
0951a6e282947e09cd47969f4ed0b47f,taboao da serra,sp,7,7,492.3,88.02,0,4.86,0.1517,0.0,1.0,Mid Volume,Excellent,98.6,Low Risk
52f0fe436a347ddad7ed5f9aa4e27eaa,sao paulo,sp,23,21,1484.3700000000001,476.53,2,3.3,0.243,0.0952,0.9048,High Volume,Fair,78.24,Moderate Risk
9c7fd21e0aa159b20da593371f08ff7c,osasco,sp,8,7,798.3,123.5,1,3.38,0.134,0.1429,0.8571,Mid Volume,Fair,76.66,Moderate Risk
c33847515fa6305ce6feb1e818569f13,brusque,sc,128,114,15519.85,4374.41,5,3.72,0.2199,0.0439,0.9561,High Volume,Good,85.0,Low Risk
8b8cfc8305aa441e4239358c9f6f2485,londrina,pr,15,15,11892.0,1218.7,2,4.2,0.093,0.1333,0.8667,High Volume,Good,85.34,Low Risk
2c00c85d30361cd2ced2969cffbbffa3,belo horizonte,mg,1,1,49.8,7.71,0,5.0,0.1341,0.0,1.0,Low Volume,Excellent,100.0,Low Risk
d4e4b5192cba4e0e66eb12a9d347239d,toledo,pr,12,12,441.8,210.29,0,4.17,0.3225,0.0,1.0,Mid Volume,Good,91.7,Low Risk
ade45994b717ccee333492330fbf037b,umuarama,pr,10,10,7196.0,283.63,0,4.5,0.0379,0.0,1.0,Mid Volume,Excellent,95.0,Low Risk
bb5bd94c8f59cc050072d2930c869cac,sao paulo,sp,17,16,2543.87,302.77000000000004,0,4.24,0.1064,0.0,1.0,High Volume,Excellent,92.4,Low Risk
b05b432bf68945d4d9783f9e3ca29ee8,birigui,sp,2,2,224.8,26.09,0,4.5,0.104,0.0,1.0,Low Volume,Excellent,95.0,Low Risk
2a7dc43cecabf23403078e2188437d1d,sao paulo,sp,54,52,4795.91,833.71,3,4.09,0.1481,0.0577,0.9423,High Volume,Good,88.02,Low Risk
578fa3a9cb6b6dceab39231ad59cdaca,fortaleza,ce,3,3,150.0,37.2,1,3.67,0.1987,0.3333,0.6667,Mid Volume,Good,70.04,Moderate Risk
615c3462099ffa940d37b17dfda19594,rio de janeiro,rj,2,2,229.0,32.05,0,5.0,0.1228,0.0,1.0,Low Volume,Excellent,100.0,Low Risk
a3f0b55de503387383c7b1de3ad7f678,curitiba,pr,26,24,4348.400000000001,1229.34,1,4.38,0.2204,0.0417,0.9583,High Volume,Excellent,91.72,Low Risk
6d7f8d9d594e28796b6b3205b00f459c,curitiba,pr,3,3,417.9,59.11,0,3.67,0.1239,0.0,1.0,Mid Volume,Good,86.7,Low Risk
7b7ed56ae755e2880f2b69632e839c1e,goiania,go,5,5,321.5,135.1,0,4.2,0.2959,0.0,1.0,Mid Volume,Good,92.0,Low Risk
4fae87d32467e18eb46e4a76a0a0b9ce,ronda alta,rs,1,1,100.9,19.9,0,5.0,0.1647,0.0,1.0,Low Volume,Excellent,100.0,Low Risk
ea566164622c6b439516ab18062c42cd,sao  paulo,sp,52,50,10309.42,858.56,10,3.75,0.0769,0.2,0.8,High Volume,Good,77.5,Moderate Risk
821fb029fc6e495ca4f08a35d51e53a5,sao paulo,sp,29,28,19187.42,1552.83,8,3.43,0.0749,0.2857,0.7143,High Volume,Fair,70.02,Moderate Risk
d6ab728cf30867cf3f1a2e216ae2f9b7,sao paulo,sp,14,12,2002.0,231.82,0,4.43,0.1038,0.0,1.0,Mid Volume,Excellent,94.3,Low Risk
1a932caad4f9d804097d7f8e615baed1,sao paulo,sp,30,20,4661.0,1040.45,3,3.57,0.1825,0.15,0.85,High Volume,Good,78.2,Moderate Risk
173d56ffbd4c56cb80fc3615487d712b,sao vicente,sp,2,2,358.0,39.61,0,5.0,0.0996,0.0,1.0,Low Volume,Excellent,100.0,Low Risk
2be17df1c49978426251562096c3cc09,tubarao,sc,16,16,2165.0,312.55,1,4.19,0.1262,0.0625,0.9375,High Volume,Good,88.78,Low Risk
f7c31656c19db6275a8acadca289f426,ibitinga,sp,1,1,61.56,16.19,0,3.0,0.2082,0.0,1.0,Low Volume,Fair,80.0,Moderate Risk
6025c79c035c3d772133b8b8238463b2,pinhaispr,pr,4,2,989.74,108.59,0,5.0,0.0989,0.0,1.0,Low Volume,Excellent,100.0,Low Risk
c6381d2d013342748761e906d45aff76,portao,rs,28,15,2042.98,571.28,0,3.0,0.2185,0.0,1.0,High Volume,Fair,80.0,Moderate Risk
c500367424994318b9e779ff1ae9a330,paulinia,sp,9,9,4346.4,311.98999999999995,1,3.78,0.067,0.1111,0.8889,Mid Volume,Good,82.24,Low Risk
19e0f40a907ec568c34bfac15de4f4a1,americana,sp,4,4,178.0,41.620000000000005,0,5.0,0.1895,0.0,1.0,Mid Volume,Excellent,100.0,Low Risk
ecccfa2bb93b34a3bf033cc5d1dcdc69,curitiba,pr,19,15,1338.64,262.71,4,2.33,0.1641,0.2667,0.7333,High Volume,Poor,59.96,High Risk
c66dccfb3f109511246da627dd5a2498,registro,sp,45,45,12708.55,973.7,2,4.49,0.0712,0.0444,0.9556,High Volume,Excellent,92.68,Low Risk
d921b68bf747894be13a97ae52b0f386,formiga,mg,77,77,15645.8,1758.01,1,4.56,0.101,0.013,0.987,High Volume,Excellent,94.95,Low Risk
929f342384a6607afe143d789ade1316,londrina,pr,4,4,209.4,63.36,0,5.0,0.2323,0.0,1.0,Mid Volume,Excellent,100.0,Low Risk
e256a62e0ac58c0edfba09966142d561,curitiba,pr,14,12,1474.1100000000001,335.44,0,4.5,0.1854,0.0,1.0,Mid Volume,Excellent,95.0,Low Risk
b5b800c4065bebf4d3442311c9857344,sao paulo,sp,1,1,79.9,8.91,0,5.0,0.1003,0.0,1.0,Low Volume,Excellent,100.0,Low Risk
c8417879a15366a17c30af34c798c332,sao paulo,sp,36,26,1767.9,487.54,1,4.03,0.2162,0.0385,0.9615,High Volume,Good,88.38,Low Risk
8dfbc5ff27df12f6cef751d3b9554222,curitiba,pr,4,4,226.0,90.12,0,4.5,0.2851,0.0,1.0,Mid Volume,Excellent,95.0,Low Risk
e732329483fd5f27367dd997b47f598a,blumenau,sc,1,1,109.9,34.57,0,5.0,0.2393,0.0,1.0,Low Volume,Excellent,100.0,Low Risk
989becdce12ebc39863c2bceab6f3ca1,curitiba,pr,18,18,7840.88,1052.45,1,4.56,0.1183,0.0556,0.9444,High Volume,Excellent,92.82,Low Risk
9f56a7a649097b166d8ed286ad86a15c,rio de janeiro,rj,2,2,27.98,23.04,0,1.0,0.4516,0.0,1.0,Low Volume,Poor,60.0,High Risk
c4d51195486dc781531876a7d00453d8,presidente prudente,sp,17,17,11468.98,569.37,5,3.94,0.0473,0.2941,0.7059,High Volume,Good,74.69,Moderate Risk
98115075dd26cb8835946fc6086f5d30,ao bernardo do campo,sp,4,4,434.96000000000004,56.24,0,4.75,0.1145,0.0,1.0,Mid Volume,Excellent,97.5,Low Risk
2305ab43e846518f58dd9d59f3f54e96,sao paulo,sp,3,3,788.89,42.370000000000005,0,3.67,0.051,0.0,1.0,Mid Volume,Good,86.7,Low Risk
2528513dd95219a6013d4d05176e391a,osasco,sp,167,161,32689.1,3749.65,7,3.95,0.1029,0.0435,0.9565,High Volume,Good,87.32,Low Risk
64c9a1db4e73e19aaafd3286dc448c96,curitiba,pr,1,1,439.0,43.6,0,5.0,0.0903,0.0,1.0,Low Volume,Excellent,100.0,Low Risk
44ed138eca6214d572ce1d813fb0049b,canoas,rs,3,2,129.79,56.01,0,4.67,0.3015,0.0,1.0,Low Volume,Excellent,96.7,Low Risk
ce4755084bc097113867e6454f8f5e52,ribeirao preto,sp,1,1,18.9,12.79,0,5.0,0.4036,0.0,1.0,Low Volume,Excellent,100.0,Low Risk
3e51f9cbe317bc3a88f2c76583811ee4,sao paulo,sp,1,1,76.09,8.69,0,5.0,0.1025,0.0,1.0,Low Volume,Excellent,100.0,Low Risk
204b4e07bddef3c9b317f70189135b22,borda da mata,mg,1,1,73.4,14.73,0,5.0,0.1671,0.0,1.0,Low Volume,Excellent,100.0,Low Risk
921323538c9f1c4e816f2720eac02bea,sao paulo,sp,17,15,1401.84,240.36,3,4.0,0.1464,0.2,0.8,High Volume,Good,80.0,Moderate Risk
1464afc72f696af775557a821c2e253f,nova friburgo,rj,30,29,1059.36,454.42,1,4.17,0.3002,0.0345,0.9655,High Volume,Good,89.98,Low Risk
77a515caa36327151d1cc6c32a9f00e1,diadema,sp,26,26,2217.39,396.19,3,4.42,0.1516,0.1154,0.8846,High Volume,Excellent,88.43,Low Risk
32fdd5d44ecb43dfd6a24b9369eca144,carmo do cajuru,mg,8,8,479.2,138.68,0,4.38,0.2244,0.0,1.0,Mid Volume,Excellent,93.8,Low Risk
4b0fdb526525f9890eb145bf1534640e,ibitinga,sp,20,18,2419.0,535.21,0,3.95,0.1812,0.0,1.0,High Volume,Good,89.5,Low Risk
1cd9e0cc1839d55516843def5600816d,sao paulo,sp,5,5,825.0,101.72,0,5.0,0.1098,0.0,1.0,Mid Volume,Excellent,100.0,Low Risk
7fc87cc3e89b3d1d5cabdca32f8485aa,guarulhos,sp,14,14,2153.9,681.92,3,3.57,0.2405,0.2143,0.7857,High Volume,Good,74.98,Moderate Risk
0c7f30ae9b147eca07affbef92832a6a,ponta grossa,pr,5,5,479.5,87.61,0,5.0,0.1545,0.0,1.0,Mid Volume,Excellent,100.0,Low Risk
e09887ca8c7bf8a4621ce481820414ef,sao paulo,sp,4,3,119.96000000000001,58.699999999999996,1,3.0,0.3286,0.3333,0.6667,Mid Volume,Fair,63.34,Moderate Risk
318f287a62ab7ac10b703ac37435a231,sao paulo,sp,62,52,2517.48,1117.12,7,3.87,0.3074,0.1346,0.8654,High Volume,Good,81.97,Low Risk
52bb00821bcdd358a5a5a27e1f6be5a1,osasco,sp,2,2,349.8,38.629999999999995,0,4.5,0.0995,0.0,1.0,Low Volume,Excellent,95.0,Low Risk
acb6c2ca5c82411c1fdb88d5fd5eb95e,sao paulo,sp,11,10,413.88,161.61,0,3.73,0.2808,0.0,1.0,Mid Volume,Good,87.3,Low Risk
26e2e5033827d2ba53929f43e03d8ffe,sao paulo,sp,1,1,139.49,15.29,0,5.0,0.0988,0.0,1.0,Low Volume,Excellent,100.0,Low Risk
55dedd83e501d8248880557d9073cbfd,rio de janeiro,rj,9,8,1055.3,110.78999999999999,0,4.89,0.095,0.0,1.0,Mid Volume,Excellent,98.9,Low Risk
5b179e9e8cc7ab6fd113a46ca584da81,sao paulo,sp,36,34,5173.5,665.64,2,3.51,0.114,0.0588,0.9412,High Volume,Good,82.16,Low Risk
ffdd9f82b9a447f6f8d4b91554cc7dd3,curitiba,pr,20,18,2101.2,727.46,0,4.25,0.2572,0.0,1.0,High Volume,Excellent,92.5,Low Risk
4eeb99008a0f59d2c7759c59f9a346eb,embu das artes,sp,2,2,1282.0,38.95,0,4.5,0.0295,0.0,1.0,Low Volume,Excellent,95.0,Low Risk
f3511c85f59f8dec53d140501ee8e7a8,curitiba,pr,1,1,69.9,8.11,0,5.0,0.104,0.0,1.0,Low Volume,Excellent,100.0,Low Risk
60da8bfa7eebe230b7d66ac4082d79b3,fernando prestes,sp,3,3,86.6,38.67,1,4.33,0.3087,0.3333,0.6667,Mid Volume,Excellent,76.63,Moderate Risk
2c538755f1ca9540af144f266e70df6c,castro pires,mg,1,1,334.99,24.92,0,5.0,0.0692,0.0,1.0,Low Volume,Excellent,100.0,Low Risk
cb41bfbcbda0aea354a834ab222f9a59,sao paulo,sp,12,12,4002.0,886.68,4,3.33,0.1814,0.3333,0.6667,Mid Volume,Fair,66.64,Moderate Risk
2379bdc3888025689a9deb7b141507d5,mogi mirim,sp,9,9,999.5,126.11,2,4.33,0.112,0.2222,0.7778,Mid Volume,Excellent,82.19,Low Risk
5ee7fd217d08dfe5d3e2f51f96a12c9a,vargem grande do sul,sp,9,9,1165.5,269.68,2,3.44,0.1879,0.2222,0.7778,Mid Volume,Fair,73.29,Moderate Risk
a414555ce331b8c8aea4a9cb8395194d,sao paulo,sp,8,7,1450.95,242.64,0,3.57,0.1433,0.0,1.0,Mid Volume,Good,85.7,Low Risk
92992bec39dde5766f590d3b1f46d465,sao paulo,sp,1,1,109.0,12.67,0,1.0,0.1041,0.0,1.0,Low Volume,Poor,60.0,High Risk
834f8533b2ecb6598dd004ff3de7203a,sao paulo,sp,47,43,4538.29,958.02,8,3.72,0.1743,0.186,0.814,High Volume,Good,77.9,Moderate Risk
b5f49fe968dff6b112861e6cd8e192ef,curitiba,pr,2,1,194.70000000000002,42.97,0,5.0,0.1808,0.0,1.0,Low Volume,Excellent,100.0,Low Risk
b26741d31a563d769b4af0465ab20c56,florianopolis,sc,2,2,648.0,47.03,0,4.0,0.0677,0.0,1.0,Low Volume,Good,90.0,Low Risk
f7315bb81aea4ddca2d39e249a801c98,guarulhos,sp,2,2,379.8,50.28,0,4.5,0.1169,0.0,1.0,Low Volume,Excellent,95.0,Low Risk
8e2b3afb420011ef0c88c9d5f11ea526,campinas,sp,11,11,1384.5,147.93,1,4.27,0.0965,0.0909,0.9091,Mid Volume,Excellent,88.16,Low Risk
8fff28c4263ddec387f28d237fb42773,sao paulo,sp,6,4,339.4,82.28,0,3.67,0.1951,0.0,1.0,Mid Volume,Good,86.7,Low Risk
0ddefe3c7a032b91f4e25b9c3a08fca1,sao bernardo do campo,sp,10,9,402.9,150.0,0,4.5,0.2713,0.0,1.0,Mid Volume,Excellent,95.0,Low Risk
730937bf88cb151eb2eb849f642fc213,rio claro,sp,26,22,2821.2,455.96999999999997,1,4.42,0.1391,0.0455,0.9545,High Volume,Excellent,91.93,Low Risk
cc3d14116804f7209f3884f6367f1152,curitiba,pr,30,27,5477.8,582.79,0,4.67,0.0962,0.0,1.0,High Volume,Excellent,96.7,Low Risk
5dc203c7b84a0e71e878a179de05fb9a,pompeia,sp,5,5,421.9,128.15,0,4.0,0.233,0.0,1.0,Mid Volume,Good,90.0,Low Risk
440dd6ab244315c632130ecfb63827b1,votuporanga,sp,95,94,13696.9,2096.31,12,3.85,0.1327,0.1277,0.8723,High Volume,Good,82.12,Low Risk
66fd84ee7528c0c0de85d0f44a73d5ab,campina das missoes,rs,21,11,1438.11,453.19,1,2.9,0.2396,0.0909,0.9091,Mid Volume,Fair,74.46,Moderate Risk
fec6912baad85d41729669edd6b4d3b8,ribeirao preto,sp,1,1,210.0,51.97,0,1.0,0.1984,0.0,1.0,Low Volume,Poor,60.0,High Risk
666658b8da8370f30e1f89893b1de5e6,sao paulo,sp,2,1,298.0,23.34,0,5.0,0.0726,0.0,1.0,Low Volume,Excellent,100.0,Low Risk
f3c38ab652836d21de61fb8314b69182,sao paulo,sp,15,15,1581.0,247.59,0,4.27,0.1354,0.0,1.0,High Volume,Excellent,92.7,Low Risk
90b57083da5d803237da74daec6dcb2b,curitiba,pr,2,2,206.9,34.31,0,5.0,0.1422,0.0,1.0,Low Volume,Excellent,100.0,Low Risk
45d33f715e24d15a6ccf5c17b3a23e3c,sorocaba,sp,61,59,4838.2300000000005,903.93,3,4.05,0.1574,0.0508,0.9492,High Volume,Good,87.96,Low Risk
1bb3812d5f0747a3ab7348f199001a10,sao paulo,sp,9,9,834.4000000000001,215.17,0,4.89,0.205,0.0,1.0,Mid Volume,Excellent,98.9,Low Risk
c33a5c3c983090c8b78a28e65052a20d,criciuma,sc,9,9,629.1,145.06,0,4.22,0.1874,0.0,1.0,Mid Volume,Excellent,92.2,Low Risk
003554e2dce176b5555353e4f3555ac8,goiania,go,1,1,120.0,19.38,0,5.0,0.139,0.0,1.0,Low Volume,Excellent,100.0,Low Risk
16090f2ca825584b5a147ab24aa30c86,atibaia,sp,410,402,25716.44,5456.67,32,4.04,0.175,0.0796,0.9204,High Volume,Good,86.42,Low Risk
5659d77e8d90378e39b960ad5956f64e,taubate,sp,2,2,182.48000000000002,30.65,1,2.5,0.1438,0.5,0.5,Low Volume,Poor,50.0,High Risk
b561927807645834b59ef0d16ba55a24,sao paulo,sp,95,85,4501.99,1305.04,14,4.34,0.2247,0.1647,0.8353,High Volume,Excellent,85.16,Low Risk
28d162ab86bb49d719c32f0ee6186eaa,ribeirao preto,sp,1,1,109.99,17.21,0,4.0,0.1353,0.0,1.0,Low Volume,Good,90.0,Low Risk
e06f09ec0a4aca210779cf1cfc63cf19,sao paulo,sp,31,29,5279.49,621.92,2,4.02,0.1054,0.069,0.931,High Volume,Good,86.75,Low Risk
8c9348f33ae3dada25c99c99ade2af78,carapicuiba,sp,2,2,312.99,51.94,0,5.0,0.1423,0.0,1.0,Low Volume,Excellent,100.0,Low Risk
da6a60cc8cc724fe51be021ff8be779c,sao pedro da aldeia,rj,13,12,728.79,255.79,0,4.77,0.2598,0.0,1.0,Mid Volume,Excellent,97.7,Low Risk
461ff5303b6c9c1a4a07f40c5aece516,pinhais,pr,3,3,102.69999999999999,58.73,0,3.67,0.3638,0.0,1.0,Mid Volume,Good,86.7,Low Risk
e82de6494d91d3c4c54450f59b227a94,ibitinga,sp,3,3,118.9,38.8,1,5.0,0.246,0.3333,0.6667,Mid Volume,Excellent,83.34,Low Risk
213b25e6f54661939f11710a6fddb871,salto,sp,194,155,15379.5,3460.46,14,3.79,0.1837,0.0903,0.9097,High Volume,Good,83.38,Low Risk
78c99c6dff4eeae5be99bf635ed21e3f,marilia,sp,39,31,2030.88,664.89,3,4.33,0.2466,0.0968,0.9032,High Volume,Excellent,88.46,Low Risk
a36ac007a4d18f865c8d32c3b2402c2d,barueri,sp,9,9,1359.7800000000002,177.19,0,2.56,0.1153,0.0,1.0,Mid Volume,Fair,75.6,Moderate Risk
a2e85714b56b1cb6bb24a9a6e6cad36f,miguelopolis,sp,3,2,339.70000000000005,40.74,0,1.0,0.1071,0.0,1.0,Low Volume,Poor,60.0,High Risk
6b333a05bf188ef3e1f1662a86bd9855,brasilia,df,13,12,3990.91,563.97,1,4.38,0.1238,0.0833,0.9167,Mid Volume,Excellent,89.64,Low Risk
56642bcb79900e777d68e91915cb4267,sao paulo,sp,56,48,3657.64,814.15,9,3.77,0.1821,0.1875,0.8125,High Volume,Good,78.32,Moderate Risk
41b86b552e54e3a7009596125aa8b167,sao paulo,sp,11,10,1595.3,234.61,0,4.36,0.1282,0.0,1.0,Mid Volume,Excellent,93.6,Low Risk
1d0997ff06b524ce9289ffd75114ecd3,recife,pe,3,3,3747.0,126.57,1,3.67,0.0327,0.3333,0.6667,Mid Volume,Good,70.04,Moderate Risk
73b8eb4a9a729d4019b24ed1be748cbf,campinas,sp,8,8,692.41,105.57,0,4.38,0.1323,0.0,1.0,Mid Volume,Excellent,93.8,Low Risk
a69aa24cec11168e7e39a3fbc727e925,carapicuiba,sp,3,3,105.97,34.32,0,5.0,0.2446,0.0,1.0,Mid Volume,Excellent,100.0,Low Risk
8ea394aed8138685abe1eb9f25e1021d,sorocaba,sp,2,2,1340.0,77.6,0,4.0,0.0547,0.0,1.0,Low Volume,Good,90.0,Low Risk
8a130737016f838139d31878787a39c9,sao paulo,sp,62,56,4222.03,842.2900000000001,4,4.35,0.1663,0.0714,0.9286,High Volume,Excellent,89.93,Low Risk
f682e0f848abafc6f41e0d4e868c66ef,mairipora,sp,2,2,269.98,34.02,1,3.5,0.1119,0.5,0.5,Low Volume,Fair,60.0,High Risk
11742f81550ac064cc9a40f67151d9ad,catanduva,sp,2,2,781.9,49.11,0,5.0,0.0591,0.0,1.0,Low Volume,Excellent,100.0,Low Risk
8a40ae794fa3f9892cee24bd5af0488b,curitiba,pr,6,6,739.85,206.41,2,3.17,0.2181,0.3333,0.6667,Mid Volume,Fair,65.04,Moderate Risk
0936e1837d0c79253456bbb2ffaaef10,sao paulo,sp,2,1,38.9,31.12,0,5.0,0.4444,0.0,1.0,Low Volume,Excellent,100.0,Low Risk
850f4f8af5ea87287ac68de36e29107f,sao paulo,sp,192,187,45355.36,3114.41,9,4.29,0.0643,0.0481,0.9519,High Volume,Excellent,90.5,Low Risk
4dc2e811a1760953cb7c6a590b498943,itapui,sp,1,1,175.0,24.84,0,5.0,0.1243,0.0,1.0,Low Volume,Excellent,100.0,Low Risk
343e716476e3748b069f980efbaa294e,campinas,sp,24,17,922.5999999999999,312.1,1,4.0,0.2528,0.0588,0.9412,High Volume,Good,87.06,Low Risk
e9729944ba65dc3ce425e0c5a22ae7b2,petropolis,rj,4,4,916.7,61.73,1,3.75,0.0631,0.25,0.75,Mid Volume,Good,75.0,Moderate Risk
e0eabded302882513ced4ea3eb0c7059,campinas,sp,8,8,978.4000000000001,138.79,0,4.62,0.1242,0.0,1.0,Mid Volume,Excellent,96.2,Low Risk
643214e62b870443ccbe55ab29a4dccf,sao paulo,sp,68,66,3270.13,929.65,8,4.43,0.2214,0.1212,0.8788,High Volume,Excellent,88.24,Low Risk
0aa124728afc1131dff5655f4c6f487b,alfenas,mg,2,2,850.92,107.86,0,1.0,0.1125,0.0,1.0,Low Volume,Poor,60.0,High Risk
ce27a3cc3c8cc1ea79d11e561e9bebb6,sao paulo,sp,164,135,10682.65,2329.22,2,3.87,0.179,0.0148,0.9852,High Volume,Good,87.96,Low Risk
da4d149c0ddbac90557103ac0a0ec356,sbc,sp,1,1,730.0,45.98,0,3.0,0.0593,0.0,1.0,Low Volume,Fair,80.0,Moderate Risk
0241d4d5d36f10f80c644447315af0bd,curitiba,pr,246,238,31397.7,6853.91,11,4.31,0.1792,0.0462,0.9538,High Volume,Excellent,90.79,Low Risk
272f092de69afedd4d2969440b37f18f,sao paulo,sp,40,26,1935.3300000000002,536.01,0,3.99,0.2169,0.0,1.0,High Volume,Good,89.9,Low Risk
d1aa1ec0839dcab73a6161130eb1f94a,curitiba,pr,1,1,119.9,16.14,1,4.0,0.1186,1.0,0.0,Low Volume,Good,40.0,High Risk
8e8a7ce9f2f970dc00e2acf6f6e199f6,sao goncalo,rj,66,65,9101.0,1183.82,4,4.03,0.1151,0.0615,0.9385,High Volume,Good,87.22,Low Risk
d7827b2af99326a03b0ed9c7a24db0d3,londrina,sp,1,1,1455.0,101.7,0,5.0,0.0653,0.0,1.0,Low Volume,Excellent,100.0,Low Risk
3935fe5fe0f82787a9dcb8deb62be09d,sao paulo,sp,17,16,1681.69,419.65999999999997,2,3.94,0.1997,0.125,0.875,High Volume,Good,83.15,Low Risk
119d1aef1b4144adba89163f6cd9f5d4,pedreira,sp,4,4,1094.0,204.24,0,4.75,0.1573,0.0,1.0,Mid Volume,Excellent,97.5,Low Risk
9a1aea68d3efa00862ec88c0768037d0,catanduva,sp,8,7,1309.2,192.51,0,4.38,0.1282,0.0,1.0,Mid Volume,Excellent,93.8,Low Risk
a9b533a26e898b12e8b8d4c07279bf4d,rio de janeiro,rj,4,4,119.6,71.46,0,5.0,0.374,0.0,1.0,Mid Volume,Excellent,100.0,Low Risk
5b51032eddd242adc84c38acab88f23d,borda da mata,mg,14,12,3280.0,268.95,0,3.79,0.0758,0.0,1.0,Mid Volume,Good,87.9,Low Risk
8cc6a0e5738e61a87b03c78b2ba9db4b,andradas,mg,26,24,13312.4,525.82,2,4.15,0.038,0.0833,0.9167,High Volume,Good,87.34,Low Risk
c53bcd3be457a342a97e39e5a9f0be22,neopolis,se,5,5,509.5,186.09,0,3.2,0.2675,0.0,1.0,Mid Volume,Fair,82.0,Low Risk
f4db9b37944bcb8873e6b456ee190bbf,itaquaquecetuba,sp,22,21,3409.78,500.16,2,4.55,0.1279,0.0952,0.9048,High Volume,Excellent,90.74,Low Risk
729b2d09b2a0bdab221076327f13d050,mineiros do tiete,sp,61,49,1822.11,946.55,2,4.52,0.3419,0.0408,0.9592,High Volume,Excellent,93.16,Low Risk
18e694e0e48ed6f7aa3f24aade5fd697,varzea paulista,sp,34,31,701.54,504.23,1,4.68,0.4182,0.0323,0.9677,High Volume,Excellent,95.18,Low Risk
30a81d8cf85fb2ada1b1b094c9583a95,sao paulo,sp,20,17,1245.42,168.1,0,4.85,0.1189,0.0,1.0,High Volume,Excellent,98.5,Low Risk
6561d6bf844e464b4019442692b40e02,franco da rocha,sp,1,1,41.9,7.55,0,5.0,0.1527,0.0,1.0,Low Volume,Excellent,100.0,Low Risk
e64d65bc8dbec2accda90c58de5d1246,rio claro,sp,12,12,1678.8000000000002,221.16,3,3.08,0.1164,0.25,0.75,Mid Volume,Fair,68.3,Moderate Risk
3903c788ded8dc03b5ebab37a2f3e9a1,carapicuiba,sp,5,5,119.97999999999999,51.269999999999996,1,4.0,0.2994,0.2,0.8,Mid Volume,Good,80.0,Moderate Risk
63191ead8d3b2f937cd1996fdcbbad20,jundiai,sp,1,1,367.0,53.29,0,5.0,0.1268,0.0,1.0,Low Volume,Excellent,100.0,Low Risk
67bf6941ba2f1fa1d02c375766bc3e53,curitiba,pr,22,16,5610.0,1419.68,1,4.0,0.202,0.0625,0.9375,High Volume,Good,86.88,Low Risk
897060da8b9a21f655304d50fd935913,ribeirao preto,sp,430,317,23023.92,6863.55,46,3.39,0.2296,0.1451,0.8549,High Volume,Fair,76.65,Moderate Risk
76c47a299e4a8fe992316a85865acbe9,ribeirao preto,sp,10,6,1024.46,221.88,2,4.8,0.178,0.3333,0.6667,Mid Volume,Excellent,81.34,Low Risk
d1b9d4be4b6f9ebd85f8acd6745ba612,nova lima,mg,11,11,1154.35,194.18,0,4.18,0.144,0.0,1.0,Mid Volume,Good,91.8,Low Risk
3ea08c48e851106d2f584349daba335f,barbacena,mg,1,1,170.0,22.94,0,4.0,0.1189,0.0,1.0,Low Volume,Good,90.0,Low Risk
389e45560e33d2d0747f949dcddbc08e,sao jose dos campos,sp,1,1,39.0,8.43,0,5.0,0.1777,0.0,1.0,Low Volume,Excellent,100.0,Low Risk
b81e3a6c866a764974fe849821abeebd,maua,sp,11,8,836.1500000000001,216.86,0,4.55,0.2059,0.0,1.0,Mid Volume,Excellent,95.5,Low Risk
40536e7ca18e1bce252828e5876466cc,caieiras,sp,4,2,463.96,499.04,0,1.0,0.5182,0.0,1.0,Low Volume,Poor,60.0,High Risk
b494891378bd8f4560abe576c52deacd,sao paulo,sp,22,20,2958.9,311.92,0,4.64,0.0954,0.0,1.0,High Volume,Excellent,96.4,Low Risk
09f952a5f58d2285b0372551ae8f9b01,sao bernardo do campo,sp,56,50,11821.5,1524.96,3,3.88,0.1143,0.06,0.94,High Volume,Good,85.8,Low Risk
14d7985702e72162bbf13b6beb74ab2b,santo andre,sp,38,37,3887.0,554.0,4,4.34,0.1247,0.1081,0.8919,High Volume,Excellent,88.0,Low Risk
2c4c47cb51acd5ea5db5e0ae0e26542a,buritama,sp,15,12,2575.9,341.47,0,4.6,0.117,0.0,1.0,Mid Volume,Excellent,96.0,Low Risk
b416191c9813d821a295cfabafff4161,franca,sp,2,2,117.8,32.34,0,2.5,0.2154,0.0,1.0,Low Volume,Poor,75.0,Moderate Risk
9616352088dcf83a7c06637f4ebf1c80,umuarama,pr,98,92,5703.0,1787.57,0,4.24,0.2386,0.0,1.0,High Volume,Excellent,92.4,Low Risk
557f22c76691849db52d2abccf0015d0,morrinhos,go,14,13,865.8599999999999,326.7,0,3.15,0.2739,0.0,1.0,Mid Volume,Fair,81.5,Low Risk
968ee78631915a63fef426d6733d7422,erechim,rs,2,2,450.0,71.67,0,3.0,0.1374,0.0,1.0,Low Volume,Fair,80.0,Moderate Risk
533d46c1b06970e99f09523a61df4972,itapetininga,sp,2,2,159.98,32.64,0,4.5,0.1695,0.0,1.0,Low Volume,Excellent,95.0,Low Risk
1dd33b8119b3cb1056ed5dc88cd0aaf4,sao paulo,sp,8,8,1513.0,128.74,1,3.75,0.0784,0.125,0.875,Mid Volume,Good,81.25,Low Risk
ac137bac82ffa8548e62bd9d01d2a14f,sao paulo,sp,1,1,49.6,9.34,0,1.0,0.1585,0.0,1.0,Low Volume,Poor,60.0,High Risk
2dcf93836ae3ce0d7c93e2f10876467a,sao jose dos campos,sp,12,9,1443.8,178.64,2,4.17,0.1101,0.2222,0.7778,Mid Volume,Good,80.59,Low Risk
51702dc2a3e106c76dbff722b5bf0726,conchal,sp,14,13,2705.1,581.94,0,4.36,0.177,0.0,1.0,Mid Volume,Excellent,93.6,Low Risk
97512d3fc193b2d1dfcdba0f9d1f0f8a,sao paulo,sp,13,12,1458.8700000000001,341.55,1,4.31,0.1897,0.0833,0.9167,Mid Volume,Excellent,88.94,Low Risk
f3975e8a41157005d4bcbb358678cd9b,pinhalzinho,sc,2,2,178.8,83.97999999999999,0,5.0,0.3196,0.0,1.0,Low Volume,Excellent,100.0,Low Risk
76d336555bb25f3165d2f0d6da719c40,sorocaba,sp,2,2,330.0,23.63,0,2.0,0.0668,0.0,1.0,Low Volume,Poor,70.0,Moderate Risk
f08a5b9dd6767129688d001acafc21e5,porto alegre,rs,18,11,14069.630000000001,496.11,0,3.44,0.0341,0.0,1.0,Mid Volume,Fair,84.4,Low Risk
ae45df84722b1d15c5f32b23a095746c,sao paulo,sp,12,9,901.83,163.66,0,4.83,0.1536,0.0,1.0,Mid Volume,Excellent,98.3,Low Risk
d197aa8fbc64087f61984deef05f6227,sao jose dos campos,sp,7,6,519.09,111.56,0,4.71,0.1769,0.0,1.0,Mid Volume,Excellent,97.1,Low Risk
afa6714acee029b2dfdf357e5579cc03,descalvado,sp,17,16,3220.7599999999998,382.82,2,4.06,0.1062,0.125,0.875,High Volume,Good,84.35,Low Risk
520b493b57809f446cb0a233bb3e25c7,santos,sp,73,63,3698.9,1063.97,1,4.38,0.2234,0.0159,0.9841,High Volume,Excellent,93.0,Low Risk
9b1ab052f5fca308ba743ac789ebb2e1,pitanga,pr,2,2,294.09000000000003,31.99,0,4.0,0.0981,0.0,1.0,Low Volume,Good,90.0,Low Risk
bab0a8cd684e41ba6e2637dca0979d3b,rio de janeiro,rj,1,1,269.9,19.14,0,5.0,0.0662,0.0,1.0,Low Volume,Excellent,100.0,Low Risk
b83cedfb587e7911540e3f576d6917ce,sao paulo,sp,25,24,2224.95,343.8,1,4.24,0.1338,0.0417,0.9583,High Volume,Excellent,90.32,Low Risk
0ef83d7d83ed97cd2a0049ac8be5f88a,curitiba,pr,55,48,4421.01,1026.8,1,4.24,0.1885,0.0208,0.9792,High Volume,Excellent,91.36,Low Risk
d13e50eaa47b4cbe9eb81465865d8cfc,santo andre,sp,69,67,7155.05,857.79,6,4.81,0.1071,0.0896,0.9104,High Volume,Excellent,93.62,Low Risk
37303482a42fb700d8d127e70a9cd6c8,campinas,sp,2,2,148.89,22.490000000000002,0,3.0,0.1312,0.0,1.0,Low Volume,Fair,80.0,Moderate Risk
b2bdc5e7940a7d7ca8c4a37953b27a42,vargem grande do sul,sp,1,1,250.0,62.49,0,4.5,0.2,0.0,1.0,Low Volume,Excellent,95.0,Low Risk
5c6d4016c2a288f074fa0848a2b653d2,sao paulo,sp,35,32,3159.0,514.17,3,4.11,0.14,0.0938,0.9062,High Volume,Good,86.41,Low Risk
88cd3681e0a2ba85e190f7d817629c4c,brusque,sc,1,1,180.0,19.36,0,4.0,0.0971,0.0,1.0,Low Volume,Good,90.0,Low Risk
da8622b14eb17ae2831f4ac5b9dab84a,piracicaba,sp,1551,1314,160236.57,24955.75,99,4.06,0.1348,0.0753,0.9247,High Volume,Good,86.84,Low Risk
fe26f3ecb51a15e6d8335cd92da42562,sao paulo,sp,7,7,2708.96,262.59000000000003,1,4.43,0.0884,0.1429,0.8571,Mid Volume,Excellent,87.16,Low Risk
5151aea44289d6c6b090ee31c2132508,marilia,sp,7,7,1315.3,167.17,0,1.83,0.1128,0.0,1.0,Mid Volume,Poor,68.3,Moderate Risk
9c351405b754cc5ce3e2ecf277bb034a,sao paulo,sp,1,1,45.0,14.11,0,1.0,0.2387,0.0,1.0,Low Volume,Poor,60.0,High Risk
13511db12ac61e2f89c53b72a944a60b,caxias do sul,rs,6,6,798.0,265.97,0,3.5,0.25,0.0,1.0,Mid Volume,Fair,85.0,Low Risk
4b90495391ac0bd181a80a459df1e718,bage,rs,1,1,248.0,18.11,0,4.0,0.0681,0.0,1.0,Low Volume,Good,90.0,Low Risk
b37c4c02bda3161a7546a4e6d222d5b2,sao paulo,sp,15,4,24075.0,412.6,0,1.4,0.0168,0.0,1.0,Mid Volume,Poor,64.0,Moderate Risk
5f1dc28029d2c244352a68107ec2b542,sao paulo,sp,78,62,2807.3,996.16,2,4.43,0.2619,0.0323,0.9677,High Volume,Excellent,92.68,Low Risk
710e3548e02bc1d2831dfc4f1b5b14d4,rolandia,pr,142,136,23979.11,3875.96,5,3.4,0.1391,0.0368,0.9632,High Volume,Fair,82.16,Low Risk
485452467ff670447e84a8370c3fc898,taio,sc,3,3,175.7,139.74,0,4.67,0.443,0.0,1.0,Mid Volume,Excellent,96.7,Low Risk
4d8809767a5bafe22909c77951fb6b41,embu das artes,sp,1,1,50.0,8.72,0,5.0,0.1485,0.0,1.0,Low Volume,Excellent,100.0,Low Risk
3ab971ce71839580d2ae5b4e40fe8044,sao paulo,sp,38,36,5002.900000000001,896.15,2,3.89,0.1519,0.0556,0.9444,High Volume,Good,86.12,Low Risk
9d4db00d65d7760644ac0c14edb5fd86,sorocaba,sp,100,98,9979.7,1533.11,4,4.52,0.1332,0.0408,0.9592,High Volume,Excellent,93.16,Low Risk
1dcfa3835714681d4ba4a93bc1e0fd41,birigui,sp,15,13,1278.5,323.6,0,3.86,0.202,0.0,1.0,Mid Volume,Good,88.6,Low Risk
6da1992f915d77be95d7fa48b36904af,sao paulo,sp,9,7,261.0,122.66,0,3.67,0.3197,0.0,1.0,Mid Volume,Good,86.7,Low Risk
d4f117125b59ce73c3302f88ee40c458,sao paulo,sp,17,17,783.29,215.32,0,4.82,0.2156,0.0,1.0,High Volume,Excellent,98.2,Low Risk
1de62b6f2fd96227629786db492433db,sp,sp,2,2,208.8,28.73,0,5.0,0.121,0.0,1.0,Low Volume,Excellent,100.0,Low Risk
30a2f535bb48308f991d0b9ad4a8c4bb,santa barbara doeste,sp,87,71,4731.3,1084.06,3,4.25,0.1864,0.0423,0.9577,High Volume,Excellent,90.38,Low Risk
a36b125ac6d5fdbc7f50de85c9157bdc,ribeirao preto,sp,26,24,1843.64,388.99,2,4.04,0.1742,0.0833,0.9167,High Volume,Good,86.24,Low Risk
1336efc61c316ddf92c899eb817f7cae,assis,sp,85,74,4837.31,1517.98,7,3.94,0.2389,0.0946,0.9054,High Volume,Good,84.67,Low Risk
620c87c171fb2a6dd6e8bb4dec959fc6,petropolis,rj,798,740,114774.5,14135.21,65,4.21,0.1097,0.0878,0.9122,High Volume,Excellent,87.71,Low Risk
ab91571efab27993ff2f6b36e38055c3,sao paulo,sp,4,3,102.24,56.69,2,4.75,0.3567,0.6667,0.3333,Mid Volume,Excellent,64.16,Moderate Risk
63a79f5a7eb5cb48a7e5787b141c7993,patos de minas,mg,11,11,815.1,200.82999999999998,0,4.55,0.1977,0.0,1.0,Mid Volume,Excellent,95.5,Low Risk
070d165398b553f3b4b851c216b8a358,sao paulo,sp,39,32,3393.16,1003.5899999999999,4,3.5,0.2283,0.125,0.875,High Volume,Fair,78.75,Moderate Risk
b64d51f0435e884e8de603b1655155ae,garulhos,sp,23,17,416.18,357.36,4,4.13,0.462,0.2353,0.7647,High Volume,Good,79.54,Moderate Risk
9fc70243fb26800cba56e8f014797004,belo horizonte,mg,7,6,466.6,104.7,0,4.57,0.1833,0.0,1.0,Mid Volume,Excellent,95.7,Low Risk
1cbcd2ee0afb3fc09963b87eb65e7e4f,curitiba,pr,3,1,90.0,40.650000000000006,0,5.0,0.3111,0.0,1.0,Low Volume,Excellent,100.0,Low Risk
344223b2a90784f64136a8a5da012e7f,gaspar,sc,1,1,10.9,16.79,0,2.0,0.6064,0.0,1.0,Low Volume,Poor,70.0,Moderate Risk
4c8b8048e33af2bf94f2eb547746a916,ibitinga,sp,27,23,2020.73,438.08,3,3.11,0.1782,0.1304,0.8696,High Volume,Fair,74.58,Moderate Risk
7a704e63bb29c446869efde5d57524c8,francisco beltrao,pr,1,1,94.49,15.41,0,5.0,0.1402,0.0,1.0,Low Volume,Excellent,100.0,Low Risk
88460e8ebdecbfecb5f9601833981930,maringa,pr,302,248,31546.550000000003,4996.55,49,3.36,0.1367,0.1976,0.8024,High Volume,Fair,73.72,Moderate Risk
7d76b645482be4a332374e8223836592,sao paulo,sp,187,176,3843.93,2587.61,16,3.93,0.4023,0.0909,0.9091,High Volume,Good,84.76,Low Risk
296729ffb9b684050dd24836dac4494a,curitiba,sp,2,2,114.0,35.61,0,5.0,0.238,0.0,1.0,Low Volume,Excellent,100.0,Low Risk
5f06030071324cc52bf0304014ac7234,marilia,sp,4,4,783.96,100.35000000000001,0,4.0,0.1135,0.0,1.0,Mid Volume,Good,90.0,Low Risk
c542f5a8c64d973f30e9df8d06f70b4a,sao paulo,sp,1,1,81.0,17.31,0,1.0,0.1761,0.0,1.0,Low Volume,Poor,60.0,High Risk
d36b07fd3c5088e477a72d1fccfe29d4,itapetininga,sp,1,1,328.9,10.96,0,5.0,0.0322,0.0,1.0,Low Volume,Excellent,100.0,Low Risk
46ef1a25845fc051c2998d878354810c,claudio,mg,5,5,250.41,98.04,0,4.4,0.2814,0.0,1.0,Mid Volume,Excellent,94.0,Low Risk
a61cc04793308395a840807104365121,jarinu,sp,1,1,14.63,23.74,0,5.0,0.6187,0.0,1.0,Low Volume,Excellent,100.0,Low Risk
cac4c8e7b1ca6252d8f20b2fc1a2e4af,indaiatuba,sp,83,75,4168.18,1554.3600000000001,15,3.53,0.2716,0.2,0.8,High Volume,Good,75.3,Moderate Risk
cc63f0dd2acba93ffed4fe9f8e0321fa,sao jose do rio preto,sp,63,55,7096.71,1399.97,0,4.05,0.1648,0.0,1.0,High Volume,Good,90.5,Low Risk
b29d3380981c51df13fc6fbe87e1763d,ribeirao preto,sp,7,6,435.3,98.58,0,4.0,0.1846,0.0,1.0,Mid Volume,Good,90.0,Low Risk
a53f60f05f822b5c621a50ff6a5cb362,uberlandia,mg,6,4,415.40000000000003,129.13,0,2.6,0.2371,0.0,1.0,Mid Volume,Fair,76.0,Moderate Risk
dbec9a0a7efeff029d4d9dce7dc4cc95,belo horizonte,mg,3,3,1170.0,118.59,0,4.0,0.092,0.0,1.0,Mid Volume,Good,90.0,Low Risk
8de8fe3af4449ed695d2434c933ed73e,sao paulo,sp,1,1,2090.0,65.35,0,5.0,0.0303,0.0,1.0,Low Volume,Excellent,100.0,Low Risk
aa762680c40618316a896838866140ea,curitiba,pr,3,3,261.0,62.46,1,3.33,0.1931,0.3333,0.6667,Mid Volume,Fair,66.64,Moderate Risk
577719699805dd125d5b6fdde5943bba,nova petropolis,rs,8,8,1077.8000000000002,209.56,1,4.38,0.1628,0.125,0.875,Mid Volume,Excellent,87.55,Low Risk
13dd308f81fea30cc670c656b2b46cc3,santa barbara doeste,sp,3,3,117.69999999999999,33.440000000000005,0,5.0,0.2213,0.0,1.0,Mid Volume,Excellent,100.0,Low Risk
01fd077212124329bac32490e8ef80d9,ribeirao preto  sao paulo,sp,39,31,1208.0,575.36,1,4.31,0.3226,0.0323,0.9677,High Volume,Excellent,91.48,Low Risk
7a188843479798ca813108fa7b959286,sao paulo,sp,3,1,149.7,26.160000000000004,0,1.0,0.1488,0.0,1.0,Low Volume,Poor,60.0,High Risk
cb32766839f443db85c82a43c4a6c19e,rio claro,sp,2,2,234.0,31.51,0,3.0,0.1187,0.0,1.0,Low Volume,Fair,80.0,Moderate Risk
7aa538dd6e114e503a2e6154ea352253,catanduva,sp,5,5,1016.6800000000001,101.92,0,4.4,0.0911,0.0,1.0,Mid Volume,Excellent,94.0,Low Risk
e0a3c37054ade6478d923a6efc10f308,camboriu,sc,2,2,219.8,35.18,0,5.0,0.138,0.0,1.0,Low Volume,Excellent,100.0,Low Risk
0d4c8269e7f0401201794deef160edd6,ribeirao preto,sp,4,3,792.64,99.39,0,4.0,0.1114,0.0,1.0,Mid Volume,Good,90.0,Low Risk
3d68c634a99a1ba46dbca3967a69c623,nova trento,sc,2,2,594.0,263.7,0,5.0,0.3075,0.0,1.0,Low Volume,Excellent,100.0,Low Risk
8fbe2ee446b97e128471be4ce983dc0d,sorocaba,sp,3,3,148.5,40.0,1,3.0,0.2122,0.3333,0.6667,Mid Volume,Fair,63.34,Moderate Risk
e0b162a693bc7f9eab00f783a31d60ea,pelotas,rs,1,1,20.0,29.69,0,5.0,0.5975,0.0,1.0,Low Volume,Excellent,100.0,Low Risk
1f867308a0ce13133a4e639ff4de0c02,curitiba,pr,13,7,875.1,209.82,0,4.54,0.1934,0.0,1.0,Mid Volume,Excellent,95.4,Low Risk
06a2c3af7b3aee5d69171b0e14f0ee87,sao luis,ma,405,392,36408.95,12141.29,78,4.0,0.2501,0.199,0.801,High Volume,Good,80.05,Low Risk
2e90cb1677d35cfe24eef47d441b7c87,sao paulo,sp,137,127,13894.710000000001,2887.4500000000003,16,4.04,0.1721,0.126,0.874,High Volume,Good,84.1,Low Risk
9315e491484b1b0081ca166fc164108d,londrina,pr,1,1,29.99,30.41,0,3.0,0.5035,0.0,1.0,Low Volume,Fair,80.0,Moderate Risk
adbc26658d6c7b4b6219f9d934598091,curitiba,pr,92,88,11806.4,1885.85,12,4.05,0.1377,0.1364,0.8636,High Volume,Good,83.68,Low Risk
0ffa40d54288e4f3499b8780dd0f144f,presidente prudente,sp,35,33,2162.8,583.67,4,4.4,0.2125,0.1212,0.8788,High Volume,Excellent,87.94,Low Risk
d05ae8f7a5bd1d2a690a44cd079e4e27,rio de janeiro,rj,81,78,13436.0,1159.43,5,3.79,0.0794,0.0641,0.9359,High Volume,Good,84.7,Low Risk
508808d438fe2ff972ed13bb8f4a82e2,sao paulo,sp,11,10,294.83,122.64,0,4.27,0.2938,0.0,1.0,Mid Volume,Excellent,92.7,Low Risk
28fb0829fd777877cdc350d25cb5bd5b,sao jose do rio pret,sp,4,4,499.6,69.66,0,3.75,0.1224,0.0,1.0,Mid Volume,Good,87.5,Low Risk
c794dab4928dd97beb41d05514441e86,artur nogueira,sp,16,16,1312.3999999999999,232.19,2,4.38,0.1503,0.125,0.875,High Volume,Excellent,87.55,Low Risk
1976a05ecf2996d6ffb7b5430e635fe7,assis,sp,9,8,1796.2,394.46000000000004,2,4.0,0.1801,0.25,0.75,Mid Volume,Good,77.5,Moderate Risk
c70a353f02429c00775a46a75fb787da,sao paulo,sp,6,6,242.0,94.94,0,4.67,0.2818,0.0,1.0,Mid Volume,Excellent,96.7,Low Risk
39d61be7a92eb77b7da367bd4845bc0e,sao paulo,sp,14,7,700.59,209.03,0,4.21,0.2298,0.0,1.0,Mid Volume,Excellent,92.1,Low Risk
c510bc1718f0f2961eaa42a23330681a,indaiatuba,sp,13,13,12251.0,960.87,0,4.0,0.0727,0.0,1.0,Mid Volume,Good,90.0,Low Risk
8cf21434553b02cbd37c0bbd07e041b0,sao jose,sc,2,2,94.98,67.15,0,2.5,0.4142,0.0,1.0,Low Volume,Poor,75.0,Moderate Risk
edd066cd02126d7800f9b66e980e9931,brasilia,df,6,6,987.6999999999999,186.23,1,5.0,0.1586,0.1667,0.8333,Mid Volume,Excellent,91.66,Low Risk
cf281cf8b7affbdfe751b29cc85580e1,eusebio,ce,1,1,64.9,25.33,0,1.0,0.2807,0.0,1.0,Low Volume,Poor,60.0,High Risk
392353362d22cc2c236e1ee81ff19890,blumenau,sc,10,5,288.7,191.97,0,4.6,0.3994,0.0,1.0,Mid Volume,Excellent,96.0,Low Risk
1f7fd2a6fcd5a6fa5d8a4dabc72aaae0,venancio aires,rs,3,3,531.8,100.88,0,5.0,0.1594,0.0,1.0,Mid Volume,Excellent,100.0,Low Risk
c878515173c84a492ebe50d6b493230b,itaipulandia,pr,10,9,1118.84,189.2,2,4.2,0.1446,0.2222,0.7778,Mid Volume,Good,80.89,Low Risk
77714512e8d4dda9c234da8e3faf16e4,guarulhos,sp,6,4,243.39999999999998,105.58,0,4.0,0.3025,0.0,1.0,Mid Volume,Good,90.0,Low Risk
0eaa7e33d73809f1f925f7d07c506cbd,santo andre,sp,15,15,1552.0,194.9,0,4.71,0.1116,0.0,1.0,High Volume,Excellent,97.1,Low Risk
bcf5566870987da7bc811fbc8c5b9fd9,sao paulo,sp,4,1,96.0,31.12,0,1.0,0.2448,0.0,1.0,Low Volume,Poor,60.0,High Risk
3d01d1c414c44b5943a09619ff3853cb,campinas,sp,5,5,402.6,82.33999999999999,0,3.8,0.1698,0.0,1.0,Mid Volume,Good,88.0,Low Risk
2e1c9f22be269ef4643f826c9e650a52,sao paulo,sp,173,167,12687.68,2434.69,10,4.16,0.161,0.0599,0.9401,High Volume,Good,88.6,Low Risk
00fc707aaaad2d31347cf883cd2dfe10,maringa,pr,135,103,12684.9,2285.09,5,3.79,0.1526,0.0485,0.9515,High Volume,Good,85.48,Low Risk
52f6f9f13ba19504c02781132a049e75,curitiba,pr,1,1,199.0,23.13,0,2.0,0.1041,0.0,1.0,Low Volume,Poor,70.0,Moderate Risk
83c8aafbefb034674a70de0eac5b8954,francisco beltrao,pr,2,2,134.9,50.97,0,5.0,0.2742,0.0,1.0,Low Volume,Excellent,100.0,Low Risk
58e4b302b54937e55a678c4d15111da4,colombo,pr,3,3,279.79,49.06,0,2.33,0.1492,0.0,1.0,Mid Volume,Poor,73.3,Moderate Risk
d1c281d3ae149232351cd8c8cc885f0d,ibitinga,sp,240,215,26942.6,5396.46,15,3.79,0.1669,0.0698,0.9302,High Volume,Good,84.41,Low Risk
33c51922b6e3c16b24a8f28e5833c99d,londrina,pr,20,18,6657.87,368.01,1,4.28,0.0524,0.0556,0.9444,High Volume,Excellent,90.02,Low Risk
f80edd2c5aaa505cc4b0a3b219abf4b8,sao paulo,sp,128,119,9108.2,3000.74,8,4.08,0.2478,0.0672,0.9328,High Volume,Good,87.44,Low Risk
0761743cbffb25d7148189e9f1a5f03a,ribeirao preto,sp,7,3,241.2,86.2,0,4.29,0.2633,0.0,1.0,Mid Volume,Excellent,92.9,Low Risk
0b46f784306be7200ca1700aa55d819f,belo horizonte,mg,1,1,19.9,10.96,0,5.0,0.3552,0.0,1.0,Low Volume,Excellent,100.0,Low Risk
7a9c12e235c36247c3c81f50d6ea9cea,sao caetano do sul,sp,5,5,983.9,115.69,0,4.6,0.1052,0.0,1.0,Mid Volume,Excellent,96.0,Low Risk
8629c241b3622ac12cd4118afdc8d394,ribeirao preto,sp,13,13,1167.66,334.36,1,4.08,0.2226,0.0769,0.9231,Mid Volume,Good,86.96,Low Risk
3ade81dab5a172b88e1871c28ae05260,sao jose do rio preto,sp,32,30,5751.6,1551.3899999999999,3,4.06,0.2124,0.1,0.9,High Volume,Good,85.6,Low Risk
562fc2f2c2863ab7e79a9e4388a58a14,campinas,sp,270,260,8814.199999999999,4305.14,8,4.24,0.3282,0.0308,0.9692,High Volume,Excellent,90.86,Low Risk
7dc8c42cc750eeafea6c85712ffee9bf,sao paulo,sp,50,41,6409.68,1035.41,2,4.26,0.1391,0.0488,0.9512,High Volume,Excellent,90.16,Low Risk
247587846358bb1d2e4c6522020b36fe,sao jose do rio preto,sp,1,1,99.0,22.51,0,5.0,0.1853,0.0,1.0,Low Volume,Excellent,100.0,Low Risk
a35ef466c6fd6d052f5d241240d3c5e2,novo hamburgo,rs,3,3,569.9,79.65,0,4.67,0.1226,0.0,1.0,Mid Volume,Excellent,96.7,Low Risk
651530bf5c607240ccdd89a30c9c9712,ipira,ba,1,1,199.9,24.55,0,4.0,0.1094,0.0,1.0,Low Volume,Good,90.0,Low Risk
f1c1ac3f3efc07e659c035008e615e66,sao paulo,sp,14,4,2561.96,302.82,0,3.57,0.1057,0.0,1.0,Mid Volume,Good,85.7,Low Risk
df0f42bc4c2142eacf0eaf2cffd0cfbb,itajai,sc,16,14,1654.0,292.45,0,4.06,0.1502,0.0,1.0,High Volume,Good,90.6,Low Risk
40db9e9aa57f7bb151bcda6b0f9bdbb7,recife,pe,12,12,23168.0,655.99,1,2.36,0.0275,0.0833,0.9167,Mid Volume,Poor,69.44,Moderate Risk
68ca56ce86830f3d31b1b7ec6a54da3e,guaratuba,pr,6,6,719.59,143.37,0,3.83,0.1661,0.0,1.0,Mid Volume,Good,88.3,Low Risk
960945e1a9535cbc0cd6ddd35fbe7ae8,sao paulo,sp,29,28,3381.73,479.8,0,4.66,0.1243,0.0,1.0,High Volume,Excellent,96.6,Low Risk
c00396cbdd2e088fe4281baa5920aef1,campo magro,pr,3,1,832.4100000000001,73.44,0,5.0,0.0811,0.0,1.0,Low Volume,Excellent,100.0,Low Risk
8d92f3ea807b89465643c219455e7369,sao paulo,sp,8,3,121.2,131.57,7,1.0,0.5205,2.3333,-1.3333,Mid Volume,Poor,-56.66,High Risk
c52c644cc0dc85121207a27013efc6af,tiradentes,mg,2,1,397.8,283.16,0,5.0,0.4158,0.0,1.0,Low Volume,Excellent,100.0,Low Risk
7e26c750b4cb9f6766f58265ff9ebe95,belo horizonte,mg,27,23,1344.3,388.88,0,4.41,0.2244,0.0,1.0,High Volume,Excellent,94.1,Low Risk
5a8e7d5003a1f221f9e1d6e411de7c23,campinas,sp,181,139,11171.9,2694.29,8,4.17,0.1943,0.0576,0.9424,High Volume,Good,88.82,Low Risk
6d1b9c9579132c87d2703ec38c30f2c5,curitiba,pr,4,4,299.69,67.7,0,4.5,0.1843,0.0,1.0,Mid Volume,Excellent,95.0,Low Risk
20f0aeea30bc3b8c4420be8ced4226c0,santa barbara doeste,sp,1,1,14.9,14.52,1,3.97,0.4935,1.0,0.0,Low Volume,Good,39.7,High Risk
575df70bde3f9f2b30bf8d2e9910d725,sao jose do rio preto,sp,34,27,5410.05,753.37,1,4.12,0.1222,0.037,0.963,High Volume,Good,89.35,Low Risk
5d3bb11474a06bdc23fb9e89f1164ee0,assis,sp,32,31,3654.6,524.22,1,3.94,0.1254,0.0323,0.9677,High Volume,Good,87.78,Low Risk
c35affa65afd250151285c5917fc1c8a,sao paluo,sp,9,9,5279.91,714.01,1,4.0,0.1191,0.1111,0.8889,Mid Volume,Good,84.44,Low Risk
e59e489e2ea74bd409b798b5daf49de3,maringa,pr,5,3,495.0,86.76,0,2.2,0.1491,0.0,1.0,Mid Volume,Poor,72.0,Moderate Risk
7d948535954aaf8c5d39db007f74372e,guaruja,sp,4,4,194.0,43.8,0,3.75,0.1842,0.0,1.0,Mid Volume,Good,87.5,Low Risk
c7b7db6c8f3c64a7cc1afa634db21d50,sao paulo,sp,1,1,1489.0,22.86,1,1.0,0.0151,1.0,0.0,Low Volume,Poor,10.0,High Risk
1352e06ae67b410cdae0b2a22361167b,rio de janeiro,rj,4,4,696.0,69.22,2,2.33,0.0905,0.5,0.5,Mid Volume,Poor,48.3,High Risk
3bb548e3cb7f70f28e3f11ee9dce0e59,maringa,pr,53,46,7690.02,896.79,0,3.98,0.1044,0.0,1.0,High Volume,Good,89.8,Low Risk
ee2fbacc2fc3794e656cc4d933d59ce7,sao paulo,sp,3,2,464.97,53.73,0,4.33,0.1036,0.0,1.0,Low Volume,Excellent,93.3,Low Risk
522620dcb18a6b31cd7bdf73665113a9,cascavel,pr,180,174,57168.49,4661.32,15,3.9,0.0754,0.0862,0.9138,High Volume,Good,84.69,Low Risk
d32e3909cfb714fb2a6cb092c85b9c5f,jundiai,sp,11,10,2827.9,251.0,2,3.64,0.0815,0.2,0.8,Mid Volume,Good,76.4,Moderate Risk
e5c84227854980f1db19a58958c551d9,fazenda rio grande,pr,4,4,72.81,68.83,0,4.75,0.486,0.0,1.0,Mid Volume,Excellent,97.5,Low Risk
ce7d1888639e6fb06b2749cbfdac1ff7,baependi,mg,84,78,11793.89,3082.65,7,4.11,0.2072,0.0897,0.9103,High Volume,Good,86.62,Low Risk
693660429f9dc4ff704eb3d88dad54d7,santo andre,sp,2,2,124.0,24.119999999999997,0,4.0,0.1628,0.0,1.0,Low Volume,Good,90.0,Low Risk
2cb4700db635baa1c0d4f90ed27b6669,curitiba,pr,2,2,199.8,28.92,0,2.0,0.1264,0.0,1.0,Low Volume,Poor,70.0,Moderate Risk
a4b6b9b992b46e9ef863637af96e04bc,florianopolis,sc,14,7,7147.0,305.36,1,2.57,0.041,0.1429,0.8571,Mid Volume,Fair,68.55,Moderate Risk
ff1e15b778c700abdd4d239b81ac466d,curitiba,pr,7,7,414.3,114.86,0,4.57,0.2171,0.0,1.0,Mid Volume,Excellent,95.7,Low Risk
820c7c9eaf76d2b226b6c242bcf3f34d,sao paulo,sp,1,1,559.0,18.0,0,4.0,0.0312,0.0,1.0,Low Volume,Good,90.0,Low Risk
85d9eb9ddc5d00ca9336a2219c97bb13,belo horizonte,mg,522,509,15415.24,8614.34,11,4.17,0.3585,0.0216,0.9784,High Volume,Good,90.62,Low Risk
a673821011d0cec28146ea42f5ab767f,sao paulo,sp,146,129,13863.69,2626.45,15,3.89,0.1593,0.1163,0.8837,High Volume,Good,83.08,Low Risk
ebe3dabc4955c9b0d695e7bda38bf5c3,ribeirao preto,sp,1,1,55.0,11.89,1,3.0,0.1778,1.0,0.0,Low Volume,Fair,30.0,High Risk
ca7c6bd577e559472af1c699de9e764e,sao bernardo do campo,sp,8,6,148.0,70.82,0,4.0,0.3236,0.0,1.0,Mid Volume,Good,90.0,Low Risk
c8b3445d737de6befde0c88ede534a5e,sao paulo,sp,36,30,3149.04,651.75,1,3.97,0.1715,0.0333,0.9667,High Volume,Good,88.04,Low Risk
eb5b6204dde3a6e03b5f1bb8479f055b,embu guacu,sp,21,19,452.2,275.13,1,3.86,0.3783,0.0526,0.9474,High Volume,Good,85.97,Low Risk
4a5b36211b1f51bf7eaa5c10a57fa483,sao goncalo,rj,1,1,139.19,16.07,0,5.0,0.1035,0.0,1.0,Low Volume,Excellent,100.0,Low Risk
2e1a7d075abe038c1b2743005fe42ff1,sao paulo,sp,23,19,1396.7,353.85,6,3.7,0.2021,0.3158,0.6842,High Volume,Good,71.21,Moderate Risk
973f21788dfab357250f69a8dcb7ddee,claudio,mg,21,10,909.0,536.65,7,2.33,0.3712,0.7,0.3,Mid Volume,Poor,38.3,High Risk
ba89796db68db180bd389de96b2ff3b6,sao paulo,sp,2,2,309.8,43.46,0,5.0,0.123,0.0,1.0,Low Volume,Excellent,100.0,Low Risk
b9ec22de23f18567de0e09d776ca0309,brasilia,df,2,2,341.98,40.49,0,5.0,0.1059,0.0,1.0,Low Volume,Excellent,100.0,Low Risk
79ee721b6f766066a80264402548d359,bauru,sp,2,2,538.0,30.36,0,1.0,0.0534,0.0,1.0,Low Volume,Poor,60.0,High Risk
11bfa66332777660bd0640ee84d47006,ribeirao preto,sp,102,76,3925.87,1682.67,16,3.78,0.3,0.2105,0.7895,High Volume,Good,77.28,Moderate Risk
7d484ca289afaac6bf5fc6a1e96d2226,campo grande,ms,2,2,183.2,65.22,0,4.0,0.2625,0.0,1.0,Low Volume,Good,90.0,Low Risk
5160d23075764e18e07c1f4a87fad743,sao bernardo do campo,sp,39,34,2429.0,486.42,0,4.46,0.1668,0.0,1.0,High Volume,Excellent,94.6,Low Risk
3a1a1fec38dd360f15fc912e821e169d,sao paulo,sp,15,15,2007.38,371.25,4,3.87,0.1561,0.2667,0.7333,High Volume,Good,75.37,Moderate Risk
141440cad9341e553f8401c574a2aa38,pitanga,pr,12,11,1288.2,290.8,0,4.17,0.1842,0.0,1.0,Mid Volume,Good,91.7,Low Risk
05aebce0b5c8f0d41b29b686f2d05fd3,sao paulo,sp,2,2,74.99000000000001,45.89,0,5.0,0.3796,0.0,1.0,Low Volume,Excellent,100.0,Low Risk
dd39ad39b5d3df33037e141c72497ba6,sao paulo,sp,2,2,135.8,29.049999999999997,0,5.0,0.1762,0.0,1.0,Low Volume,Excellent,100.0,Low Risk
695051e2981c8b19e77cafe450d5bdf3,osasco,sp,1,1,169.76,12.69,0,5.0,0.0696,0.0,1.0,Low Volume,Excellent,100.0,Low Risk
dd55f1bb788714a40e7954c3be6df745,sao paulo,sp,37,35,7041.759999999999,659.42,6,3.81,0.0856,0.1714,0.8286,High Volume,Good,79.53,Moderate Risk
ae7ab174effdead6c241e547e4ca13f0,arapongas,pr,7,6,2778.6,795.46,0,3.86,0.2226,0.0,1.0,Mid Volume,Good,88.6,Low Risk
9d7a1d34a5052409006425275ba1c2b4,franca,sp,16,13,1054.82,277.05,1,3.75,0.208,0.0769,0.9231,Mid Volume,Good,83.66,Low Risk
8c351ed7c326c62123318f4f3246e906,praia grande,sp,2,2,114.9,35.76,0,5.0,0.2374,0.0,1.0,Low Volume,Excellent,100.0,Low Risk
dc4a0fc896dc34b0d5bfec8438291c80,ibitinga,sp,249,231,24180.77,4614.32,16,3.78,0.1602,0.0693,0.9307,High Volume,Good,84.34,Low Risk
3a4127e1ba7208ea37044c5092aae170,sao paulo,sp,6,6,2219.6,91.35000000000001,0,3.5,0.0395,0.0,1.0,Mid Volume,Fair,85.0,Low Risk
7c4402417d51474d4d0cda9557340e40,sao caetano do sul,sp,1,1,119.9,27.69,0,5.0,0.1876,0.0,1.0,Low Volume,Excellent,100.0,Low Risk
b9ca8e8baa5d4aa038394a700f63e69f,sao paulo,sp,14,14,1289.77,388.18,1,4.21,0.2313,0.0714,0.9286,High Volume,Excellent,88.53,Low Risk
3968920b9aa752ab98f7d5888c9252f2,bauru,sp,10,8,523.3,157.71,1,4.1,0.2316,0.125,0.875,Mid Volume,Good,84.75,Low Risk
9b522ba7eae9e1d04082f267144583cc,sao paulo,sp,6,4,1507.6,148.05,1,4.5,0.0894,0.25,0.75,Mid Volume,Excellent,82.5,Low Risk
539ed9e19811677513447759be5eccfc,belo horizonte,mg,2,2,32.83,31.09,0,3.0,0.4864,0.0,1.0,Low Volume,Fair,80.0,Moderate Risk
e26901d5ab434ce92fd9b5c256820a4e,maua,sp,221,202,11990.9,2947.98,3,4.06,0.1973,0.0149,0.9851,High Volume,Good,89.85,Low Risk
9d5604a1f112324ad6b2aa552122e0fb,florianopolis,sp,17,13,421.5,340.48,0,3.65,0.4468,0.0,1.0,Mid Volume,Good,86.5,Low Risk
a6fe7de3d16f6149ffe280349a8535a0,franca,sp,52,51,2904.7999999999997,742.62,6,4.0,0.2036,0.1176,0.8824,High Volume,Good,84.12,Low Risk
aac29b1b99776be73c3049939652091d,uberlandia,mg,138,98,6755.91,2709.61,12,3.94,0.2863,0.1224,0.8776,High Volume,Good,83.28,Low Risk
54a1852d1b8f10312c55e906355666ee,santa barbara doeste,sp,204,200,17226.44,3387.96,15,4.34,0.1643,0.075,0.925,High Volume,Excellent,89.65,Low Risk
88ae906ea2acf6971f26c3e8b7cb4357,sao paulo,sp,3,3,246.0,42.01,1,3.33,0.1459,0.3333,0.6667,Mid Volume,Fair,66.64,Moderate Risk
bba8d0c234a52b87b3957037a215d1a4,goiania,go,1,1,120.0,19.53,0,5.0,0.14,0.0,1.0,Low Volume,Excellent,100.0,Low Risk
c826c40d7b19f62a09e2d7c5e7295ee2,guarulhos,sp,373,354,45643.74,5573.48,26,4.04,0.1088,0.0734,0.9266,High Volume,Good,86.73,Low Risk
a425f92c199eb576938df686728acd20,curitiba,pr,19,17,1165.8,308.95,0,4.37,0.2095,0.0,1.0,High Volume,Excellent,93.7,Low Risk
3c3017960b2dbd72711a61f0400aab8f,jaragua do sul,sc,10,10,968.8000000000001,254.09,0,4.0,0.2078,0.0,1.0,Mid Volume,Good,90.0,Low Risk
ab9db4cf53b08b828b64dccaafc2d9f0,paraiso do sul,rs,5,5,277.67,125.76,0,4.2,0.3117,0.0,1.0,Mid Volume,Good,92.0,Low Risk
113e3a788b935f48aad63e1c41dac1bd,aparecida,sp,48,39,847.35,686.6,2,4.4,0.4476,0.0513,0.9487,High Volume,Excellent,91.44,Low Risk
94c49f20a123aeb9360dbf80ff912bf6,sorocaba,sp,3,3,277.75,61.540000000000006,0,3.67,0.1814,0.0,1.0,Mid Volume,Good,86.7,Low Risk
1ca4bdb0cd7fc48e949bac066188ed26,cataguases,mg,4,4,1520.0,443.08,1,4.5,0.2257,0.25,0.75,Mid Volume,Excellent,82.5,Low Risk
d12c926d74ceff0a90a21184466ce161,sao paulo,sp,99,78,3944.18,1248.64,1,4.09,0.2405,0.0128,0.9872,High Volume,Good,90.26,Low Risk
71dc18fd8cbf5fd77f45dd8b427abb34,curitiba,pr,9,4,1080.0,149.4,0,5.0,0.1215,0.0,1.0,Mid Volume,Excellent,100.0,Low Risk
b43d8b707f887a30f4675391098354a0,ipira,sp,4,3,1342.0,184.76,1,2.5,0.121,0.3333,0.6667,Mid Volume,Poor,58.34,High Risk
f235413f677777a0738ff215d0184901,bariri,sp,3,3,1696.7,91.64,0,3.67,0.0512,0.0,1.0,Mid Volume,Good,86.7,Low Risk
985c92cc412091f8529c12d7f23d3fef,sao joao del rei,mg,12,12,1368.5,238.13,0,4.75,0.1482,0.0,1.0,Mid Volume,Excellent,97.5,Low Risk
038b75b729c8a9a04b0d07cba7eabe86,sao jose dos campos,sp,2,2,467.0,90.85,1,3.5,0.1629,0.5,0.5,Low Volume,Fair,60.0,High Risk
a4b8d97cd5d3674eeff96abc99d8ed67,sumare,sp,1,1,214.08,19.3,0,1.0,0.0827,0.0,1.0,Low Volume,Poor,60.0,High Risk
ffad1e7127fb622cb64a900751590acd,americana,sp,15,10,884.3,206.53,0,4.87,0.1893,0.0,1.0,Mid Volume,Excellent,98.7,Low Risk
594f9aaa48e5bf431f011ddc5669b0d5,contagem,mg,38,37,3248.8,887.61,1,4.58,0.2146,0.027,0.973,High Volume,Excellent,94.45,Low Risk
eba88037e1dca898cd02881f67ced679,sao paulo,sp,6,6,838.1,93.47,1,4.33,0.1003,0.1667,0.8333,Mid Volume,Excellent,84.96,Low Risk
01ed254b9ff8407dfb9d99ba1e17d923,mogi das cruzes,sp,5,5,1465.99,67.72,0,5.0,0.0442,0.0,1.0,Mid Volume,Excellent,100.0,Low Risk
f7ccf836d21b2fb1de37564105216cc1,ibitinga,sp,74,70,2787.4,1123.04,5,3.82,0.2872,0.0714,0.9286,High Volume,Good,84.63,Low Risk
7e3f87d16fb353f408d467e74fbd8014,sao paulo,sp,94,92,4754.99,1438.71,6,4.13,0.2323,0.0652,0.9348,High Volume,Good,88.04,Low Risk
9140bd1d9de28b197dce077bdd687438,amparo,sp,8,6,1258.87,184.06,0,4.12,0.1276,0.0,1.0,Mid Volume,Good,91.2,Low Risk
a2b911e9ad40dc7d61c142a4683e2d85,barra mansa,rj,1,1,85.9,34.4,0,5.0,0.286,0.0,1.0,Low Volume,Excellent,100.0,Low Risk
a56e351445e5863fc8960640ba9190c7,itajai,sc,4,3,760.9200000000001,65.06,0,4.25,0.0788,0.0,1.0,Mid Volume,Excellent,92.5,Low Risk
bb135baca94c82fcb731335ad5b04a03,sao paulo,sp,38,18,1049.8,472.88,0,2.66,0.3106,0.0,1.0,High Volume,Fair,76.6,Moderate Risk
a353b1083c9863d756d9404695016d64,cariacica,es,1,1,120.0,17.09,0,5.0,0.1247,0.0,1.0,Low Volume,Excellent,100.0,Low Risk
b56828a9f9027f3c918c04ca720d9e3c,praia grande,sp,3,3,360.0,111.61000000000001,1,2.67,0.2367,0.3333,0.6667,Mid Volume,Fair,60.04,Moderate Risk
6e0908ef4d4efadbc3cc2b74ea477cb0,rio de janeiro,rj,11,8,589.4499999999999,160.82999999999998,1,4.09,0.2144,0.125,0.875,Mid Volume,Good,84.65,Low Risk
5d9f3746e112e696f98ea22c56b3e912,sao paulo,sp,1,1,1322.64,47.77,0,5.0,0.0349,0.0,1.0,Low Volume,Excellent,100.0,Low Risk
c8143b3069f6746a77421b5ce30a450c,abadia de goias,go,1,1,142.47,43.41,0,5.0,0.2335,0.0,1.0,Low Volume,Excellent,100.0,Low Risk
f5f46307a4d15880ca14fab4ad9dfc9b,rio do sul,sc,10,9,1422.94,231.38,1,4.0,0.1399,0.1111,0.8889,Mid Volume,Good,84.44,Low Risk
58c851d1a3c7cd3da329eb59453fed44,rio claro,sp,2,2,268.99,24.270000000000003,0,5.0,0.0828,0.0,1.0,Low Volume,Excellent,100.0,Low Risk
4830e40640734fc1c52cd21127c341d4,sao paulo,sp,219,210,9843.47,3126.55,10,4.1,0.2411,0.0476,0.9524,High Volume,Good,88.62,Low Risk
dbb9b48c841a0e39e21f98e1a6b2ec3e,sao paulo,sp,118,108,7186.85,1581.41,5,4.2,0.1804,0.0463,0.9537,High Volume,Good,89.68,Low Risk
8fb67a334bacec338885b4e9e1708073,toledo,pr,1,1,59.9,38.52,0,5.0,0.3914,0.0,1.0,Low Volume,Excellent,100.0,Low Risk
c6a7539d424a8402232c2228d7a03c5e,sao paulo,sp,15,10,607.5,393.82,1,2.6,0.3933,0.1,0.9,Mid Volume,Fair,71.0,Moderate Risk
72c5da29406b4234927b81855e7b64f6,guarulhos,sp,31,31,11798.69,853.78,1,4.13,0.0675,0.0323,0.9677,High Volume,Good,89.68,Low Risk
e83c76265fc54bf41eac728805e4da77,aracatuba,sp,8,8,237.29999999999998,99.19,1,3.62,0.2948,0.125,0.875,Mid Volume,Good,79.95,Moderate Risk
a72f15980dc3e9bfd1a49ac9b2f3af65,marilia,sp,1,1,89.9,18.73,0,4.0,0.1724,0.0,1.0,Low Volume,Good,90.0,Low Risk
ad738d3fcf42655ed15c4960b7b6c601,novo hamburgo,rs,1,1,65.0,15.89,0,1.0,0.1964,0.0,1.0,Low Volume,Poor,60.0,High Risk
0ed6ce5d87fd9c69eaacaeb778d67235,americana,sp,43,43,2141.42,687.83,6,4.4,0.2431,0.1395,0.8605,High Volume,Excellent,87.02,Low Risk
00d8b143d12632bad99c0ad66ad52825,belo horizonte,mg,1,1,86.0,51.1,0,5.0,0.3727,0.0,1.0,Low Volume,Excellent,100.0,Low Risk
fedf2c1386e137f296b3bbf3b635e69d,sao paulo,sp,5,2,131.74,79.16,0,3.2,0.3753,0.0,1.0,Low Volume,Fair,82.0,Low Risk
8bdd8e3fd58bafa48af76b2c5fd71974,sao paulo,sp,11,11,2324.82,190.73,1,4.55,0.0758,0.0909,0.9091,Mid Volume,Excellent,90.95,Low Risk
4391ea5c5990502176a1dcda44a2373d,porto alegre,rs,5,3,2349.0,135.3,0,4.8,0.0545,0.0,1.0,Mid Volume,Excellent,98.0,Low Risk
38e6dada03429a47197d5d584d793b41,sao paulo,sp,12,7,596.14,206.91,0,3.33,0.2577,0.0,1.0,Mid Volume,Fair,83.3,Low Risk
6973a06f484aacf400ece213dbf3d946,sao jose dos campos,sp,115,95,11011.05,1363.57,16,3.53,0.1102,0.1684,0.8316,High Volume,Good,76.88,Moderate Risk
e83e93b71371817b11d78a63ff156aee,barueri,sp,3,2,286.0,87.38000000000001,0,4.67,0.234,0.0,1.0,Low Volume,Excellent,96.7,Low Risk
9bade61a92bed55a25d2b67b9f4ed739,sao jose dos pinhais,pr,3,2,117.68,57.12,0,2.33,0.3268,0.0,1.0,Low Volume,Poor,73.3,Moderate Risk
6c6cc59a5c00cacc5054ca06d65cc282,santa maria,rs,1,1,1107.0,148.71,0,5.0,0.1184,0.0,1.0,Low Volume,Excellent,100.0,Low Risk
c6381b1321d7d97717a5bb4ed5b77882,sao paulo,sp,3,2,66.0,34.01,0,3.67,0.3401,0.0,1.0,Low Volume,Good,86.7,Low Risk
d29ba1220fb8634fa3a107e54497b8a4,sao carlos,sp,9,9,724.94,182.92000000000002,0,3.22,0.2015,0.0,1.0,Mid Volume,Fair,82.2,Low Risk
226b05fe067266c59c15dae208213d06,curitiba,pr,11,10,1056.9,188.68,0,4.18,0.1515,0.0,1.0,Mid Volume,Good,91.8,Low Risk
578460d8319c51dab351cd9db95eadfe,goiania,go,1,1,235.0,35.45,0,3.0,0.1311,0.0,1.0,Low Volume,Fair,80.0,Moderate Risk
328acb143b4a73aad6bee8e734f5d20d,foz do iguacu,pr,2,2,699.98,34.769999999999996,0,4.0,0.0473,0.0,1.0,Low Volume,Good,90.0,Low Risk
788f22bafdd7ab0e1e79f19db72f16a4,sao paulo,sp,2,2,125.80000000000001,26.240000000000002,0,4.5,0.1726,0.0,1.0,Low Volume,Excellent,95.0,Low Risk
86ff3eaef0267069cc891a2ed9d10a17,palhoca,sc,7,7,409.75,140.61,0,4.71,0.2555,0.0,1.0,Mid Volume,Excellent,97.1,Low Risk
5f7300535881cef3b625fd683cf7d145,canoas,rs,11,10,665.98,170.85,0,4.45,0.2042,0.0,1.0,Mid Volume,Excellent,94.5,Low Risk
0cbcee27c791afa0cdcb08587a2013a8,tres coracoes,mg,41,39,5324.15,817.16,4,3.85,0.1331,0.1026,0.8974,High Volume,Good,83.37,Low Risk
20611af7866c6068fd5ae1f9dbe15c92,porto ferreira,sp,2,2,219.8,114.5,0,4.5,0.3425,0.0,1.0,Low Volume,Excellent,95.0,Low Risk
1fa2d3def6adfa70e58c276bb64fe5bb,sao paulo,sp,1,1,6.9,9.0,0,1.0,0.566,0.0,1.0,Low Volume,Poor,60.0,High Risk
3d2531eccfbde1d7c8db7a3a12fb267a,contagem,mg,10,10,1999.54,213.06,0,4.22,0.0963,0.0,1.0,Mid Volume,Excellent,92.2,Low Risk
fcdd820084f17e9982427971e4e9d47f,ribeirao preto,sp,27,16,4783.99,881.75,2,3.26,0.1556,0.125,0.875,High Volume,Fair,76.35,Moderate Risk
d8dd176509baa37f359644d082bf7f7b,sao caetano do sul,sp,2,2,198.0,31.9,2,1.5,0.1388,1.0,0.0,Low Volume,Poor,15.0,High Risk
cb5ff1b9715e99589f3e0c7a6afab9e3,maringa,pr,4,4,85.0,54.03,0,4.0,0.3886,0.0,1.0,Mid Volume,Good,90.0,Low Risk
9b1f656ca3060f8af17a50d8a024b533,santos,sp,2,2,41.0,47.68,1,5.0,0.5377,0.5,0.5,Low Volume,Excellent,75.0,Moderate Risk
43a5d4a57af536fddc96d08be3afdfcb,varginha,mg,1,1,75.0,24.83,0,1.0,0.2487,0.0,1.0,Low Volume,Poor,60.0,High Risk
b1a81260566c1bac3114a6d124413f27,carazinho,rs,54,51,8684.69,1565.51,0,4.22,0.1527,0.0,1.0,High Volume,Excellent,92.2,Low Risk
080199a181c46c657dc5aa235411be3b,osasco,sp,83,79,14504.2,1040.68,1,4.61,0.0669,0.0127,0.9873,High Volume,Excellent,95.46,Low Risk
cca3071e3e9bb7d12640c9fbe2301306,ibitinga,sp,830,712,64009.89,14371.4,37,3.85,0.1834,0.052,0.948,High Volume,Good,85.9,Low Risk
788e857f317e53de488d393e65a80f45,sao paulo,sp,11,11,1210.0,184.95000000000002,0,4.91,0.1326,0.0,1.0,Mid Volume,Excellent,99.1,Low Risk
d51e0a403fe2e689ece6c73359d96e12,pompeia,sp,26,19,7790.0,673.02,2,4.23,0.0795,0.1053,0.8947,High Volume,Excellent,87.04,Low Risk
b080809eaacb49e5ca07290981472431,belo horizonte,mg,11,11,424.0,143.4,0,4.82,0.2527,0.0,1.0,Mid Volume,Excellent,98.2,Low Risk
7f7b8245c336066a1f9933c359f11d77,mogi mirim,sp,43,38,2094.36,535.87,1,4.56,0.2037,0.0263,0.9737,High Volume,Excellent,94.28,Low Risk
8648b1e89e9b349e32d3741b30ec737e,jacarei,sp,103,95,7442.55,1503.5,9,4.03,0.1681,0.0947,0.9053,High Volume,Good,85.56,Low Risk
d50d79cb34e38265a8649c383dcffd48,sao paulo,sp,70,70,13012.42,1932.26,3,4.25,0.1293,0.0429,0.9571,High Volume,Excellent,90.35,Low Risk
f214d28e8d8e3ef068748498ccc2f813,sao paulo,sp,59,54,2212.41,809.11,4,4.02,0.2678,0.0741,0.9259,High Volume,Good,86.49,Low Risk
717b78b0950b51ed00b1471d858b0edc,alambari,sp,5,5,138.6,81.15,1,4.0,0.3693,0.2,0.8,Mid Volume,Good,80.0,Moderate Risk
aa2640d851ec322526f1295bbeb20092,sao paulo,sp,2,1,159.98,22.36,0,3.0,0.1226,0.0,1.0,Low Volume,Fair,80.0,Moderate Risk
ebd2d60905fb58271facef5596b620d3,lencois paulista,sp,88,84,7941.72,1733.3,3,4.12,0.1792,0.0357,0.9643,High Volume,Good,89.42,Low Risk
efcd8d2104f1a05d028af7bad20d974b,aracatuba,sp,51,47,2424.78,855.41,1,4.18,0.2608,0.0213,0.9787,High Volume,Good,90.74,Low Risk
6562efe88ce0826a4ca4f189f03b4b84,maringa,pr,21,9,1135.8999999999999,300.31,2,4.05,0.2091,0.2222,0.7778,Mid Volume,Good,79.39,Moderate Risk
400f221ab83037c0ea78f1267da9624d,osvaldo cruz,sp,1,1,865.0,20.8,0,3.97,0.0235,0.0,1.0,Low Volume,Good,89.7,Low Risk
530ec6109d11eaaf87999465c6afee01,cascavel,pr,104,97,12983.810000000001,2656.4,1,4.22,0.1698,0.0103,0.9897,High Volume,Excellent,91.68,Low Risk
a5259c149128e82c9d6d46e0c1c812bb,ji parana,ro,8,8,1182.26,438.87,0,3.88,0.2707,0.0,1.0,Mid Volume,Good,88.8,Low Risk
f543ba3c973276f519d89d59bd46cead,sao jose do rio preto,sp,2,2,258.0,164.04000000000002,0,2.0,0.3887,0.0,1.0,Low Volume,Poor,70.0,Moderate Risk
89f69225956f951295ca4c7fb1266553,vassouras,rj,12,11,1041.3,277.41,0,4.33,0.2104,0.0,1.0,Mid Volume,Excellent,93.3,Low Risk
8b11118053756a9a2932f447e11fc1b5,igaracu do tiete,sp,1,1,79.99,11.17,0,3.0,0.1225,0.0,1.0,Low Volume,Fair,80.0,Moderate Risk
6bb62a4912377c7bfe7cb17b406bc7e6,jundiai,sp,6,4,739.52,105.87,0,4.5,0.1252,0.0,1.0,Mid Volume,Excellent,95.0,Low Risk
f9d010e39375d9c91dce3f40b73a2f84,lorena,sp,5,4,1212.0,138.14,2,3.0,0.1023,0.5,0.5,Mid Volume,Fair,55.0,High Risk
052577151711aec5c744fe12e66db3e1,rodeio,sc,4,4,2748.0,222.42,0,2.25,0.0749,0.0,1.0,Mid Volume,Poor,72.5,Moderate Risk
0adac9fbd9a2b63cccaac4f8756c1ca8,louveira,sp,142,110,15960.95,2499.27,6,3.89,0.1354,0.0545,0.9455,High Volume,Good,86.18,Low Risk
269cff2d3c8d205c11f37a52402ea93b,catanduva,sp,5,4,1281.59,133.41,0,4.4,0.0943,0.0,1.0,Mid Volume,Excellent,94.0,Low Risk
402916f742e5c740cc751493d9cf5053,guanhaes,mg,10,9,1252.0,226.43,0,4.7,0.1532,0.0,1.0,Mid Volume,Excellent,97.0,Low Risk
443d880f15cbd3572885e1d44bf2c478,marilia,sp,2,1,94.8,30.2,0,2.0,0.2416,0.0,1.0,Low Volume,Poor,70.0,Moderate Risk
6d22a1fcebb6dd08c9cd90b92a93e8d0,joinville,sc,13,12,723.7,222.73,0,4.31,0.2353,0.0,1.0,Mid Volume,Excellent,93.1,Low Risk
04aba03279157f6d4e0fe8ccaf21963c,santo antonio de padua,rj,16,16,2575.9,346.43,1,4.31,0.1185,0.0625,0.9375,High Volume,Excellent,89.98,Low Risk
b39d7fe263ef469605dbb32608aee0af,ibitinga,sp,49,44,5193.1,1062.67,2,3.75,0.1699,0.0455,0.9545,High Volume,Good,85.22,Low Risk
ca77545ca4d2dfd1431bf61334e2fa3c,maringa,pr,10,6,760.0,213.71,0,4.8,0.2195,0.0,1.0,Mid Volume,Excellent,98.0,Low Risk
36890be00bbfc1cdb9a4a38a6af05a69,osasco,sp,13,13,1361.3,239.57999999999998,2,4.23,0.1497,0.1538,0.8462,Mid Volume,Excellent,84.61,Low Risk
7b0df942f46435babab05d49b744b2c4,braganca paulista,sp,32,32,22600.63,672.15,3,4.39,0.0289,0.0938,0.9062,High Volume,Excellent,89.21,Low Risk
f26d70155c2b6326fcfa1780c8c684e4,presidente getulio,sc,1,1,202.89,16.17,0,5.0,0.0738,0.0,1.0,Low Volume,Excellent,100.0,Low Risk
42fb44130ac3134cde8e35cf8ec7df25,pinhalzinho,sp,3,3,62.699999999999996,36.44,0,3.67,0.3676,0.0,1.0,Mid Volume,Good,86.7,Low Risk
dd9661d3cda1e6feb237f0c4d8b26f2e,campos novos,sc,1,1,174.0,16.98,0,5.0,0.0889,0.0,1.0,Low Volume,Excellent,100.0,Low Risk
f27e33c6d29b5138fa9967bcd445b6d5,sao paulo,sp,98,93,8888.3,1593.95,8,4.09,0.1521,0.086,0.914,High Volume,Good,86.6,Low Risk
55d3daac7c404d59e51c2aa2f4dc5a23,sao paulo,sp,28,21,4480.6,1309.88,0,3.93,0.2262,0.0,1.0,High Volume,Good,89.3,Low Risk
659e8466eb3ff1b0e8740d74fb7bbedd,eunapolis,ba,14,11,1486.8,393.2,0,4.5,0.2091,0.0,1.0,Mid Volume,Excellent,95.0,Low Risk
1c40343cc5d18c2d8248ac2f3366de34,limeira,sp,22,21,2461.41,378.01,2,4.55,0.1331,0.0952,0.9048,High Volume,Excellent,90.74,Low Risk
e3a386fc36e22064434e1fa256f6a9fa,engenheiro coelho,sp,17,16,793.9,253.25,2,4.24,0.2418,0.125,0.875,High Volume,Excellent,86.15,Low Risk
c9aafcd0621b2207c10e32c649cada4d,sao paulo,sp,52,44,2997.25,888.65,3,4.02,0.2287,0.0682,0.9318,High Volume,Good,86.79,Low Risk
72431a818f97fe6ab9c81eee3e297e54,rio das pedras,sp,1,1,229.9,19.49,0,5.0,0.0782,0.0,1.0,Low Volume,Excellent,100.0,Low Risk
184a67a8f9f63234d3a92340bbdb727f,joinville,sc,11,8,268.66,208.34,0,3.64,0.4368,0.0,1.0,Mid Volume,Good,86.4,Low Risk
9fe7c6641c79970ab48185498f547c09,sao paulo,sp,1,1,130.0,34.71,0,5.0,0.2107,0.0,1.0,Low Volume,Excellent,100.0,Low Risk
08ad4ac1388e4420ca531c3edfc46198,itapevi,sp,7,6,221.61999999999998,89.05,0,2.71,0.2866,0.0,1.0,Mid Volume,Fair,77.1,Moderate Risk
6fc26fe110feebd80a433e1f012a84f9,fernandopolis,sp,72,35,4150.87,977.19,5,4.01,0.1906,0.1429,0.8571,High Volume,Good,82.95,Low Risk
2f4b9d112bfa44a214bc6cef085d17c8,afonso claudio,es,6,5,293.99,119.27000000000001,0,4.33,0.2886,0.0,1.0,Mid Volume,Excellent,93.3,Low Risk
ab27bbbad5239bc31a34709275a70db4,tatui,sp,11,3,382.9,102.15,0,5.0,0.2106,0.0,1.0,Mid Volume,Excellent,100.0,Low Risk
c37b2059d4f90d4feead554e5246565e,sao paulo,sp,16,12,839.3,221.98,7,3.75,0.2092,0.5833,0.4167,Mid Volume,Good,58.34,High Risk
f43827dd686be3a4a80e00aa299990fb,sao jose do rio preto,sp,2,1,95.54,30.2,0,2.0,0.2402,0.0,1.0,Low Volume,Poor,70.0,Moderate Risk
e601b04acf48b4576e73ddca9481f0dc,sao paulo,sp,16,15,491.94,211.0,0,3.88,0.3002,0.0,1.0,High Volume,Good,88.8,Low Risk
98dac6635aee4995d501a3972e047414,sao paulo,sp,195,91,4235.85,2439.52,5,3.88,0.3655,0.0549,0.9451,High Volume,Good,86.06,Low Risk
3d39fbf22a665714baf62fae36029e23,campinas,sp,8,8,2504.2,130.63,0,4.75,0.0496,0.0,1.0,Mid Volume,Excellent,97.5,Low Risk
a49928bcdf77c55c6d6e05e09a9b4ca5,sao paulo,sp,106,98,8816.7,1757.55,22,2.95,0.1662,0.2245,0.7755,High Volume,Fair,68.28,Moderate Risk
b12cfd255810394b60caef18ae163547,cascavel,pr,2,2,560.0,166.14999999999998,0,4.5,0.2288,0.0,1.0,Low Volume,Excellent,95.0,Low Risk
a1bea7061f61f6fdd9a85a6325ba1033,carapicuiba  sao paulo,sp,9,9,810.95,99.93,1,4.44,0.1097,0.1111,0.8889,Mid Volume,Excellent,88.84,Low Risk
3c88ed2e76a2247933a15daa7161eb1c,cosmopolis,sp,1,1,155.0,151.2,0,5.0,0.4938,0.0,1.0,Low Volume,Excellent,100.0,Low Risk
51ed72984a04e5dd35c2b27e77179038,sao jose do rio preto,sp,7,7,1294.3,198.93,1,3.57,0.1332,0.1429,0.8571,Mid Volume,Good,78.55,Moderate Risk
3ac588cd562971392504a9e17130c40b,limeira,sp,1,1,11.9,7.39,0,5.0,0.3831,0.0,1.0,Low Volume,Excellent,100.0,Low Risk
606ce7768feac12c5e8bd58db8b08f0f,campinas,sp,5,5,2916.6,102.26,0,4.8,0.0339,0.0,1.0,Mid Volume,Excellent,98.0,Low Risk
6879c4d287a8dd06b11f54ea8f78e4da,osasco,sp,6,6,527.67,149.46,0,4.33,0.2207,0.0,1.0,Mid Volume,Excellent,93.3,Low Risk
ccbd753e6863fe7314dc6c0ca5a074e7,blumenau,sc,1,1,495.0,101.56,0,4.0,0.1702,0.0,1.0,Low Volume,Good,90.0,Low Risk
0d85bbda9889ce1f7e63778d24f346eb,uberlandia,mg,58,51,4845.2,1624.5,11,4.21,0.2511,0.2157,0.7843,High Volume,Excellent,81.32,Low Risk
4c61e37f664c3c88aff092aa5ac779d7,niteroi,rj,8,7,788.3100000000001,119.86,2,4.0,0.132,0.2857,0.7143,Mid Volume,Good,75.72,Moderate Risk
b44dbfbf62e52125f3c15d230569ea91,sao paulo,sp,8,4,609.37,89.69000000000001,0,4.38,0.1283,0.0,1.0,Mid Volume,Excellent,93.8,Low Risk
d624126b9206f595fb3fbb6ba03b28a8,curitiba,pr,28,23,7198.8,569.7,1,4.33,0.0733,0.0435,0.9565,High Volume,Excellent,91.12,Low Risk
26d8a1c7c75d513045798992ead43aa2,apucarana,pr,38,36,8244.12,701.66,3,4.24,0.0784,0.0833,0.9167,High Volume,Excellent,88.24,Low Risk
e6a69c4a27dfdd98ffe5aa757ad744bc,sao paulo,sp,29,24,2076.2,442.74,0,3.62,0.1758,0.0,1.0,High Volume,Good,86.2,Low Risk
6bd69102ab48df500790a8cecfc285c2,sao paulo,sp,5,5,8070.0,289.02,1,3.0,0.0346,0.2,0.8,Mid Volume,Fair,70.0,Moderate Risk
f181738b150df1f37cb0bd72e705b193,carapicuiba,sp,37,36,5529.7,1103.05,3,4.49,0.1663,0.0833,0.9167,High Volume,Excellent,90.74,Low Risk
4305fe92735c8a43d154ff6dd2b8d927,coronel fabriciano,mg,21,19,2885.9,428.35,0,3.9,0.1292,0.0,1.0,High Volume,Good,89.0,Low Risk
4f1f1c8666cdb6442f775c4e8caed465,belo horizonte,mg,2,2,944.98,125.41,0,5.0,0.1172,0.0,1.0,Low Volume,Excellent,100.0,Low Risk
7dea6f73af847b42cc3985bd620f994d,cascavel,pr,2,2,324.0,56.17,0,4.0,0.1477,0.0,1.0,Low Volume,Good,90.0,Low Risk
a0a14e50070f3225b3eabba5b85da517,curitiba,pr,4,4,176.2,72.44,0,4.5,0.2913,0.0,1.0,Mid Volume,Excellent,95.0,Low Risk
bd4889b5e9133b35b66e42a8665cea5c,sao paulo,sp,42,36,6271.9,984.64,0,4.46,0.1357,0.0,1.0,High Volume,Excellent,94.6,Low Risk
0b3f27369a4d8df98f7eb91077e438ac,aruja,sp,2,2,146.51,24.88,0,4.0,0.1452,0.0,1.0,Low Volume,Good,90.0,Low Risk
d5c530f4884a75ae0dba9c148718d278,centro,mg,9,6,280.88,164.05,1,2.67,0.3687,0.1667,0.8333,Mid Volume,Fair,68.37,Moderate Risk
5ab05b6d86d417796c69ffd6774ec832,assis,sp,12,10,1886.1000000000001,256.75,1,3.67,0.1198,0.1,0.9,Mid Volume,Good,81.7,Low Risk
d4d99b60c4c94cd35acd502cec65dc8d,sao paulo,sp,1,1,72.9,14.39,0,3.0,0.1649,0.0,1.0,Low Volume,Fair,80.0,Moderate Risk
9de4643a8dbde634fe55621059d92273,joinville,sc,81,72,17560.34,1722.07,3,4.53,0.0893,0.0417,0.9583,High Volume,Excellent,93.22,Low Risk
3be634553519fb6536a03e1358e9fdc7,sao paulo,sp,99,83,5370.95,1855.7,6,3.93,0.2568,0.0723,0.9277,High Volume,Good,85.68,Low Risk
b906dd0e57f282c7089171b6ed07982e,parana,pr,2,2,175.0,35.75,0,4.0,0.1696,0.0,1.0,Low Volume,Good,90.0,Low Risk
ed46f1eb4a638113deb2a1137b5f22e9,indaial,sc,4,4,3470.0,216.68,0,4.0,0.0588,0.0,1.0,Mid Volume,Good,90.0,Low Risk
c8025364abeecb115431bf95c11a747f,porto alegre,rs,2,2,928.0,43.28,0,4.5,0.0446,0.0,1.0,Low Volume,Excellent,95.0,Low Risk
04308b1ee57b6625f47df1d56f00eedf,bombinhas,sc,94,94,60130.6,3054.39,7,3.88,0.0483,0.0745,0.9255,High Volume,Good,85.08,Low Risk
457fe919b032a3f7dadba6fb92cf7855,paulinia,sp,12,9,1104.89,141.22,0,4.83,0.1133,0.0,1.0,Mid Volume,Excellent,98.3,Low Risk
f3055483058c84d75ca2a3314fb4deef,salvador,ba,1,1,67.5,35.79,0,1.0,0.3465,0.0,1.0,Low Volume,Poor,60.0,High Risk
0ac4201fda2c68ebc0e47cb9423cf3c9,sao paulo,sp,14,13,1676.88,233.99,1,4.29,0.1225,0.0769,0.9231,Mid Volume,Excellent,89.06,Low Risk
a2b5b6105ea5942300631d2e76f4ffe0,osasco,sp,16,16,3286.6899999999996,722.65,1,4.75,0.1802,0.0625,0.9375,High Volume,Excellent,94.38,Low Risk
23d7c96d4a1160db1c726b248601b25a,capivari,sp,55,53,11766.94,1379.58,5,3.82,0.1049,0.0943,0.9057,High Volume,Good,83.48,Low Risk
e883aa812c37a7413226856f4579fe91,itapevi,sp,29,26,4097.1,457.36,1,3.9,0.1004,0.0385,0.9615,High Volume,Good,87.08,Low Risk
86bb7c4b535e49a541baf3266b1c95b1,franca,sp,16,16,8162.4,324.82,3,3.2,0.0383,0.1875,0.8125,High Volume,Fair,72.62,Moderate Risk
cb810bd318f51b3dc3c753944d61a1fa,niteroi,rj,1,1,1750.0,39.02,0,4.0,0.0218,0.0,1.0,Low Volume,Good,90.0,Low Risk
c0563dd588b775f2e37747ef6ad6c92c,santo andre,sp,28,28,3697.2000000000003,397.47999999999996,3,4.36,0.0971,0.1071,0.8929,High Volume,Excellent,88.24,Low Risk
820cc752a266cdc6c1a1e61dd4583330,maringa,pr,15,15,2802.7999999999997,275.97,1,4.13,0.0896,0.0667,0.9333,High Volume,Good,87.96,Low Risk
e5475dcab1e07b63d7f6e902d8f5eda8,diadema,sp,19,19,2192.0,251.22,1,4.11,0.1028,0.0526,0.9474,High Volume,Good,88.47,Low Risk
333c4210e76a1aa2ab817b99437e3ff1,vargem grande do sul,sp,2,2,335.0,67.43,0,5.0,0.1676,0.0,1.0,Low Volume,Excellent,100.0,Low Risk
aded58c8142dedc5494a81f948431fab,rio de janeiro,rj,5,4,289.5,89.98,0,3.2,0.2371,0.0,1.0,Mid Volume,Fair,82.0,Low Risk
33a6f4b1e7cdc205511e76ba1b6e0186,guarulhos,sp,126,105,10295.01,1888.9,2,4.36,0.155,0.019,0.981,High Volume,Excellent,92.65,Low Risk
91f848e9f4be368f4318775aac733370,sao paulo,sp,73,63,5932.599999999999,1235.56,1,4.27,0.1724,0.0159,0.9841,High Volume,Excellent,91.9,Low Risk
7a67c85e85bb2ce8582c35f2203ad736,sao paulo,sp,1171,1160,141745.53,20902.85,60,4.23,0.1285,0.0517,0.9483,High Volume,Excellent,89.72,Low Risk
55029529919c0123526150bd26ca8f20,contagem,mg,7,7,453.95,134.88,0,4.71,0.2291,0.0,1.0,Mid Volume,Excellent,97.1,Low Risk
b372ee768ed69e46ca8cdbd267aa7a38,sao jose do rio preto,sp,69,63,12630.0,1183.84,0,4.4,0.0857,0.0,1.0,High Volume,Excellent,94.0,Low Risk
d20b021d3efdf267a402c402a48ea64b,ibitinga,sp,106,90,4140.17,1575.0,17,3.64,0.2756,0.1889,0.8111,High Volume,Good,76.96,Moderate Risk
cf6f6bc4df3999b9c6440f124fb2f687,sao paulo,sp,1,1,3.5,8.72,0,5.0,0.7136,0.0,1.0,Low Volume,Excellent,100.0,Low Risk
a3b42d266fa8afc874b909422ce88582,orlandia,sp,6,1,839.4000000000001,81.84,0,5.0,0.0888,0.0,1.0,Low Volume,Excellent,100.0,Low Risk
d63c73efd41eb002280e7ec831424edb,piracicaba,sp,2,2,5598.0,168.58999999999997,0,4.0,0.0292,0.0,1.0,Low Volume,Good,90.0,Low Risk
dc7192adf8ba09569261f4a8d576afe0,itapeva,sp,8,7,917.0,161.43,0,3.62,0.1497,0.0,1.0,Mid Volume,Good,86.2,Low Risk
0ea22c1cfbdc755f86b9b54b39c16043,sete lagoas,mg,269,237,10711.7,4363.61,2,4.32,0.2895,0.0084,0.9916,High Volume,Excellent,92.78,Low Risk
be8e909810184b9b19e886129149d8e5,piracicaba,sp,15,15,629.85,216.23,2,3.73,0.2556,0.1333,0.8667,High Volume,Good,80.63,Low Risk
269c5fc9fcadee614364c3620c30a1f9,guarulhos,sp,6,3,209.6,45.12,0,5.0,0.1771,0.0,1.0,Mid Volume,Excellent,100.0,Low Risk
bbaff50f3b708fda865918715276cd87,atibaia,sp,16,12,449.7,202.07,2,4.81,0.31,0.1667,0.8333,Mid Volume,Excellent,89.76,Low Risk
3b18f9856c6eb2413eafedb58e9eecd9,santo andre,sp,1,1,315.0,20.09,0,5.0,0.06,0.0,1.0,Low Volume,Excellent,100.0,Low Risk
db2956745b3a8e9f3785c99f34b5d25e,sao sebastiao,sp,48,47,8599.0,975.27,4,3.73,0.1019,0.0851,0.9149,High Volume,Good,83.04,Low Risk
8fb791022c1fc8909664f48ab7dc636d,sao paulo,sp,5,5,8119.95,363.4,0,4.2,0.0428,0.0,1.0,Mid Volume,Good,92.0,Low Risk
232a6014e7b10cba61c6c2b2ea6bb4b0,cafelandia,sp,36,33,3919.87,1213.4,1,4.09,0.2364,0.0303,0.9697,High Volume,Good,89.38,Low Risk
6614814a00d344b846ae209f95ee7e3f,macatuba,sp,1,1,13.0,12.69,0,1.0,0.494,0.0,1.0,Low Volume,Poor,60.0,High Risk
59cd88080b93f3c18508673122d26169,praia grande,sp,12,10,392.33,175.38,2,4.75,0.3089,0.2,0.8,Mid Volume,Excellent,87.5,Low Risk
fffd5413c0700ac820c7069d66d98c89,amparo,sp,61,60,9062.3,2833.74,7,3.87,0.2382,0.1167,0.8833,High Volume,Good,82.86,Low Risk
712e6ed8aa4aa1fa65dab41fed5737e4,videira,sc,87,79,39815.0,6889.13,17,3.45,0.1475,0.2152,0.7848,High Volume,Fair,73.74,Moderate Risk
b5abf4f36adc043117b4fca82c22984c,brasilia,df,12,11,1247.8,283.99,3,2.42,0.1854,0.2727,0.7273,Mid Volume,Poor,60.56,Moderate Risk
6dd7dce75cd55c1ce255dc38d9f0cd46,palhoca,sc,1,1,75.0,21.33,0,4.0,0.2214,0.0,1.0,Low Volume,Good,90.0,Low Risk
bbe87dce25ba8b38bb61cc7210a3f10b,sao joao da boa vista,sp,2,2,287.0,68.39,0,5.0,0.1924,0.0,1.0,Low Volume,Excellent,100.0,Low Risk
99a25c39b28a74d1151c35c18d178292,sao paulo,sp,6,1,173.94,44.76,0,5.0,0.2047,0.0,1.0,Low Volume,Excellent,100.0,Low Risk
05730013efda596306417c3b09302475,criciuma,sc,4,4,952.0,216.67,0,5.0,0.1854,0.0,1.0,Mid Volume,Excellent,100.0,Low Risk
0b35c634521043bf4b47e21547b99ab5,teixeira soares,pr,78,51,13533.65,1475.09,9,3.49,0.0983,0.1765,0.8235,High Volume,Fair,76.08,Moderate Risk
c35672b10ad50968f567ea3f4b91e877,mesquita,rj,22,18,1150.57,364.78,1,4.45,0.2407,0.0556,0.9444,High Volume,Excellent,91.72,Low Risk
f5403d3f50089112c4eed37928b7f622,fernandopolis,sp,2,2,190.8,32.4,0,1.0,0.1452,0.0,1.0,Low Volume,Poor,60.0,High Risk
f435898e493ba0356019a0b1cb8b55b1,curitiba,pr,12,10,649.76,230.92000000000002,0,4.33,0.2622,0.0,1.0,Mid Volume,Excellent,93.3,Low Risk
7adbd3210a7b3cc2235e225eef33574d,sao paulo,sp,3,3,131.9,72.96,0,4.67,0.3561,0.0,1.0,Mid Volume,Excellent,96.7,Low Risk
d8cf3b6a2151949f930d0252b180ec42,mandaguacu,pr,19,6,623.7,406.48,0,3.0,0.3946,0.0,1.0,Mid Volume,Fair,80.0,Moderate Risk
4ce8b55b4bfa4659184e7becc1fba3f2,fazenda rio grande,pr,2,2,199.0,59.870000000000005,0,3.0,0.2313,0.0,1.0,Low Volume,Fair,80.0,Moderate Risk
5d043cd5512d4bd2f88e5ccdd5736c38,sao paulo,sp,1,1,650.0,64.91,0,2.0,0.0908,0.0,1.0,Low Volume,Poor,70.0,Moderate Risk
7a073a40a9d3f1fee8bc45670ea1e909,londrina,pr,1,1,95.0,17.78,0,1.0,0.1577,0.0,1.0,Low Volume,Poor,60.0,High Risk
edb1ef5e36e0c8cd84eb3c9b003e486d,teresopolis,rj,175,166,79284.55,3905.1,12,4.43,0.0469,0.0723,0.9277,High Volume,Excellent,90.68,Low Risk
761681a821d8275bc79f552116d06869,sao paulo,sp,3,3,354.92,159.98000000000002,0,5.0,0.3107,0.0,1.0,Mid Volume,Excellent,100.0,Low Risk
3361277dc30b7cccdb0c286b24219756,maringa,pr,42,29,3905.05,635.85,5,4.21,0.14,0.1724,0.8276,High Volume,Excellent,83.48,Low Risk
519a7aa428f18d125a283cf8c014fdd6,rio do oeste,sc,3,3,79.69999999999999,73.1,0,4.0,0.4784,0.0,1.0,Mid Volume,Good,90.0,Low Risk
3c7c4a49ec3c6550809089c6a2ca9370,sao paulo,sp,160,141,4033.6400000000003,1824.66,9,3.71,0.3115,0.0638,0.9362,High Volume,Good,83.91,Low Risk
53b0300ca793f9834cd69c0678d35ee8,indaiatuba,sp,10,5,1662.15,137.31,0,5.0,0.0763,0.0,1.0,Mid Volume,Excellent,100.0,Low Risk
822bad9bc42b51213ba522fe87b7ab5d,balneario camboriu,sc,18,18,5160.0,527.34,5,4.11,0.0927,0.2778,0.7222,High Volume,Good,77.21,Moderate Risk
48162d548f5b1b11b9d29d1e01f75a61,piracicaba,sp,91,68,20510.14,2082.03,1,3.76,0.0922,0.0147,0.9853,High Volume,Good,86.86,Low Risk
88ef59b51bdaa941d10a853429f2b6ce,guaratuba,pr,2,2,252.9,41.8,0,2.0,0.1418,0.0,1.0,Low Volume,Poor,70.0,Moderate Risk
1992f8fb6b19fcccd97ca819811e7267,sao paulo,sp,1,1,28.8,11.22,0,1.0,0.2804,0.0,1.0,Low Volume,Poor,60.0,High Risk
3fd1e727ba94cfe122d165e176ce7967,araraquara,sp,38,37,2805.2000000000003,589.22,7,3.82,0.1736,0.1892,0.8108,High Volume,Good,78.74,Moderate Risk
ea4e9ce63a2134743b4a92777437fcdd,palhoca,sc,4,3,316.6,65.7,0,4.75,0.1719,0.0,1.0,Mid Volume,Excellent,97.5,Low Risk
45a3d05fb00435e52a28859dd03703b3,guarulhos,sp,1,1,1299.0,24.79,0,5.0,0.0187,0.0,1.0,Low Volume,Excellent,100.0,Low Risk
c3fe93ba3085f92855c97e57f38c8c05,curitiba,pr,7,7,245.0,113.97,0,5.0,0.3175,0.0,1.0,Mid Volume,Excellent,100.0,Low Risk
9646c3513289980f17226a2fc4720dbd,sao jose dos campos,sp,78,71,3039.2999999999997,1208.02,6,4.26,0.2844,0.0845,0.9155,High Volume,Excellent,88.38,Low Risk
52a52b9f656520e99716f5bc40f661c8,sao carlos,sp,8,7,783.1,148.12,0,4.12,0.1591,0.0,1.0,Mid Volume,Good,91.2,Low Risk
36a968b544695394e4e9d7572688598f,santos,sp,162,154,9482.87,2146.0,5,3.63,0.1845,0.0325,0.9675,High Volume,Good,84.68,Low Risk
4b5f66b7adcf57f1ecc0d3c07dd6b177,vendascreditpartscombr,pr,38,23,6381.78,734.18,1,4.08,0.1032,0.0435,0.9565,High Volume,Good,88.62,Low Risk
ec21206b7894c503788a684a7bc822a6,armacao dos buzios,rj,3,3,247.8,48.61,0,2.67,0.164,0.0,1.0,Mid Volume,Fair,76.7,Moderate Risk
b1aaae6b66ad3c40f54b389d7ea4bee0,sao paulo,sp,17,15,1176.5,392.74,0,4.47,0.2503,0.0,1.0,High Volume,Excellent,94.7,Low Risk
89ad3263c0931c47f976d7c5778e60f6,sao paulo,sp,6,6,568.2,131.54,0,4.17,0.188,0.0,1.0,Mid Volume,Good,91.7,Low Risk
af4a0e4cfe1d9c26b6712b1be25a72e5,mateus leme,mg,26,21,8757.98,593.62,1,3.5,0.0635,0.0476,0.9524,High Volume,Fair,82.62,Low Risk
6f1a1263039c76e68f40a8e536b1da6a,sao paulop,sp,7,4,256.39,100.45,1,2.14,0.2815,0.25,0.75,Mid Volume,Poor,58.9,High Risk
5f67c6082caacb26e431a7b17940cece,maringa,pr,14,13,1662.6,208.43,3,3.57,0.1114,0.2308,0.7692,Mid Volume,Good,74.16,Moderate Risk
5721089ba9214e80074f27d5a03fc0eb,sao paulo,sp,7,5,245.92999999999998,66.64,0,5.0,0.2132,0.0,1.0,Mid Volume,Excellent,100.0,Low Risk
1782ce2db72c3dda627d5e7c898104e1,taboao da serra,sp,10,9,2010.8,207.37,1,4.3,0.0935,0.1111,0.8889,Mid Volume,Excellent,87.44,Low Risk
8160255418d5aaa7dbdc9f4c64ebda44,ibitinga,sp,431,385,47017.69,7853.81,64,3.83,0.1431,0.1662,0.8338,High Volume,Good,79.99,Moderate Risk
cee48807215b30a12ca2ca10ffb5f250,guaruja,sp,40,39,7212.2300000000005,913.29,5,3.7,0.1124,0.1282,0.8718,High Volume,Good,80.59,Low Risk
8e670472e453ba34a379331513d6aab1,juiz de fora,mg,1,1,975.0,108.96,1,1.0,0.1005,1.0,0.0,Low Volume,Poor,10.0,High Risk
633ecdf879b94b5337cca303328e4a25,sao paulo,sp,6,6,1037.6000000000001,87.89,4,1.8,0.0781,0.6667,0.3333,Mid Volume,Poor,34.66,High Risk
05a940b4ecae36cadfd8e93bd9c43257,goiania,go,10,10,952.0,196.94,0,3.9,0.1714,0.0,1.0,Mid Volume,Good,89.0,Low Risk
da7039f29f90ce5b4846ffc0fcc93beb,santo andre,sp,18,17,1259.1,244.45000000000002,1,4.56,0.1626,0.0588,0.9412,High Volume,Excellent,92.66,Low Risk
4c03b9dd4c11ee2cb35c96c49efc9420,campo limpo paulista,sp,48,48,6458.6,843.73,1,4.11,0.1155,0.0208,0.9792,High Volume,Good,90.06,Low Risk
a5a1bfcf728ab0e19182959cf0771ee4,socorro,sp,24,21,1812.96,347.89,1,4.29,0.161,0.0476,0.9524,High Volume,Excellent,90.52,Low Risk
431050a06a317f2b38168dec3dcd2b46,sao paulo,sp,12,12,1487.8,233.15,0,4.25,0.1355,0.0,1.0,Mid Volume,Excellent,92.5,Low Risk
40ec8ab6cdafbcc4f544da38c67da39a,francisco beltrao,pr,2,2,117.8,39.2,0,5.0,0.2497,0.0,1.0,Low Volume,Excellent,100.0,Low Risk
ffff564a4f9085cd26170f4732393726,campinas,sp,20,20,1426.3,344.56,0,2.1,0.1946,0.0,1.0,High Volume,Poor,71.0,Moderate Risk
bede56095ba33c42038fb85f707b8a42,valinhos,sp,2,2,3973.9,210.87,0,4.5,0.0504,0.0,1.0,Low Volume,Excellent,95.0,Low Risk
bbad7e518d7af88a0897397ffdca1979,sao paulo,sp,85,69,4462.22,1338.2,19,3.04,0.2307,0.2754,0.7246,High Volume,Fair,66.63,Moderate Risk
a806a4bb063ea7ca6d374eafa50a6058,serra,es,6,5,294.4,110.87,0,3.83,0.2736,0.0,1.0,Mid Volume,Good,88.3,Low Risk
1b1ae47a313a825a7ccceb8e2e30fa9d,bocaiuva do sul,pr,11,11,2243.9,246.5,0,3.9,0.099,0.0,1.0,Mid Volume,Good,89.0,Low Risk
d9e7e7778b32987280a6f2cb9a39c57d,sao paulo,sp,13,11,722.5,263.89,2,3.15,0.2675,0.1818,0.8182,Mid Volume,Fair,72.41,Moderate Risk
99a54764c341d5dc80b4a8fac4eba3fb,sao paulo,sp,67,45,3708.7599999999998,1317.5,11,3.47,0.2621,0.2444,0.7556,High Volume,Fair,72.48,Moderate Risk
939f6e231201f26803cb5c3a3d2940b3,bauru,sp,4,3,130.6,95.02000000000001,0,4.75,0.4212,0.0,1.0,Mid Volume,Excellent,97.5,Low Risk
282f23a9769b2690c5dda22e316f9941,belo horizonte,mg,110,99,6505.08,1881.88,4,4.3,0.2244,0.0404,0.9596,High Volume,Excellent,90.98,Low Risk
427165bf50f8ca07efc7bdc2bfcf1688,americana,sp,5,5,1603.5,89.4,3,3.2,0.0528,0.6,0.4,Mid Volume,Fair,52.0,High Risk
d03698c2efd04a549382afa6623e27fb,ilheus,ba,21,18,8865.47,779.15,1,4.52,0.0808,0.0556,0.9444,High Volume,Excellent,92.42,Low Risk
e21a1e8be4715b0fcfd5385643bc49c4,jaguaruna,sc,24,21,703.5999999999999,472.28999999999996,0,3.67,0.4016,0.0,1.0,High Volume,Good,86.7,Low Risk
1e26c56af8d48424e1df0140a2401f83,jaguariuna,sp,2,2,258.9,33.49,0,5.0,0.1145,0.0,1.0,Low Volume,Excellent,100.0,Low Risk
8f119a0aee85c0c8fc534629734e94fd,barueri,sp,83,77,3733.68,1092.77,4,4.22,0.2264,0.0519,0.9481,High Volume,Excellent,89.6,Low Risk
fdaaf5bfda82b7b80535610c831b8d09,sao jose do rio preto,sp,15,10,2588.9,259.42,3,3.93,0.0911,0.3,0.7,Mid Volume,Good,74.3,Moderate Risk
b274baf5bbd142410eb2958cf685d684,montenegro,rs,7,7,585.9,148.67000000000002,0,4.29,0.2024,0.0,1.0,Mid Volume,Excellent,92.9,Low Risk
bcc9dd23e2a8bd8267cf92b19304a1b9,ibitinga,sp,3,3,202.79000000000002,43.43,2,2.33,0.1764,0.6667,0.3333,Mid Volume,Poor,39.97,High Risk
751e274377499a8503fd6243ad9c56f6,campinas,sp,2,1,218.0,17.84,0,5.0,0.0756,0.0,1.0,Low Volume,Excellent,100.0,Low Risk
1fddcb7b326905d3ad5efe82187db347,sao paulo,sp,1,1,92.0,13.22,0,1.0,0.1256,0.0,1.0,Low Volume,Poor,60.0,High Risk
b1fc4f64df5a0e8b6913ab38803c57a9,sao goncalo,rj,121,107,7994.74,2146.25,14,3.78,0.2116,0.1308,0.8692,High Volume,Good,81.26,Low Risk
4eb61f060e7dcc1d5a80d806c35cc541,sao paulo,sp,8,8,1313.0,153.12,0,3.88,0.1044,0.0,1.0,Mid Volume,Good,88.8,Low Risk
1d0646a72178a6fb37ee8082140e06ec,joinville,sc,2,2,61.0,36.62,0,5.0,0.3751,0.0,1.0,Low Volume,Excellent,100.0,Low Risk
0ebd97a106433a45a4aebe57c1799778,contagem,mg,32,31,3046.8,614.88,0,4.5,0.1679,0.0,1.0,High Volume,Excellent,95.0,Low Risk
63bc58679c44e8a998792119fd7ad23e,sao paulo,sp,1,1,19.9,14.11,0,1.0,0.4149,0.0,1.0,Low Volume,Poor,60.0,High Risk
101921376b577a4540dc30e9009133ca,rio claro,sp,1,1,373.0,21.49,0,2.0,0.0545,0.0,1.0,Low Volume,Poor,70.0,Moderate Risk
f0ec78809fe0bc3edb11c9fe5b97b059,sao paulo,sp,2,2,62.599999999999994,23.659999999999997,0,4.0,0.2743,0.0,1.0,Low Volume,Good,90.0,Low Risk
6219ba2359cfb97f2e38fd4c321eb309,sao paulo,sp,6,6,487.5,103.05,3,3.4,0.1745,0.5,0.5,Mid Volume,Fair,59.0,High Risk
a7f13822ceb966b076af67121f87b063,itaquaquecetuba,sp,86,75,12477.64,3117.48,3,3.44,0.1999,0.04,0.96,High Volume,Fair,82.4,Low Risk
4e8dacf3d38f281ae26c3e0321d92d88,sao paulo,sp,15,10,2644.95,216.16,2,2.47,0.0756,0.2,0.8,Mid Volume,Poor,64.7,Moderate Risk
78a4d36f65a019172c6154468831a69f,bauru,sp,7,7,1545.5,223.4,1,4.29,0.1263,0.1429,0.8571,Mid Volume,Excellent,85.76,Low Risk
c64a2aec32cc408a8a4c6d7c46017f91,imbe,rs,9,9,3221.5,406.67,0,3.89,0.1121,0.0,1.0,Mid Volume,Good,88.9,Low Risk
cb162c8eef257253782d245c08d9097c,barueri,sp,1,1,34.99,14.13,0,5.0,0.2877,0.0,1.0,Low Volume,Excellent,100.0,Low Risk
fc6295add6f51a0936407ead70c1001d,sao paulo,sp,4,1,160.0,70.52,0,1.0,0.3059,0.0,1.0,Low Volume,Poor,60.0,High Risk
f0e103c63864d5405b958d984b6e94c9,osasco,sp,11,11,951.7,149.71,0,4.73,0.1359,0.0,1.0,Mid Volume,Excellent,97.3,Low Risk
5def4c3732941a971cba8fdee992ede1,sao paulo,sp,6,5,134.8,66.24,0,4.5,0.3295,0.0,1.0,Mid Volume,Excellent,95.0,Low Risk
80e6699fe29150b372a0c8a1ebf7dcc8,pinhais,pr,100,98,11441.56,2713.34,3,4.29,0.1917,0.0306,0.9694,High Volume,Excellent,91.37,Low Risk
42ef3192a9ff87a22d1867b74b3ee205,santo andre,sp,23,23,1354.0900000000001,301.88,0,4.65,0.1823,0.0,1.0,High Volume,Excellent,96.5,Low Risk
a2deecd5398f5df4987110c80a1972a3,sao paulo,sp,16,16,827.4300000000001,292.1,0,3.66,0.2609,0.0,1.0,High Volume,Good,86.6,Low Risk
9853a239ab7b7ebbdc3a21248d5b8e1f,campo largo,pr,5,5,381.0,90.00999999999999,1,3.8,0.1911,0.2,0.8,Mid Volume,Good,78.0,Moderate Risk
f8e2c1b59cd4225a3e4fd0d013a76b93,ribeirao preto,sp,3,2,219.8,44.63,0,5.0,0.1688,0.0,1.0,Low Volume,Excellent,100.0,Low Risk
9c3c24eca51c52b91c1de727d2a2ae06,caxias do sul,rs,6,6,307.5,113.66,0,4.5,0.2699,0.0,1.0,Mid Volume,Excellent,95.0,Low Risk
f524ad65d7e0f1daab730ef2d2e86196,soledade,rs,2,1,578.0,31.5,2,1.0,0.0517,2.0,-1.0,Low Volume,Poor,-40.0,High Risk
aae5953b9edddf14749c0d65d60eb4b9,belo horizonte,mg,2,2,173.0,29.9,0,5.0,0.1474,0.0,1.0,Low Volume,Excellent,100.0,Low Risk
c003204e1ab016dfa150abc119207b24,cajamar,sp,202,197,25108.09,4742.8,10,4.42,0.1589,0.0508,0.9492,High Volume,Excellent,91.66,Low Risk
5656537e588803a555b8eb41f07a944b,brasilia,df,188,174,8065.93,3377.0299999999997,11,3.8,0.2951,0.0632,0.9368,High Volume,Good,84.84,Low Risk
503c1de08ae81a2d86f17951b204db55,sao paulo,sp,22,22,4906.99,414.90999999999997,1,4.41,0.078,0.0455,0.9545,High Volume,Excellent,91.82,Low Risk
b8bc237ba3788b23da09c0f1f3a3288c,itajai,sc,47,45,13685.710000000001,1935.45,1,4.35,0.1239,0.0222,0.9778,High Volume,Excellent,92.39,Low Risk
7816cd9c5b1238e320545f5bf7eb80e8,araraquara,sp,1,1,489.0,22.76,0,4.0,0.0445,0.0,1.0,Low Volume,Good,90.0,Low Risk
213fafb0ca06fb3d5886579c2565791b,sete lagoas,mg,3,3,189.70000000000002,27.16,0,2.33,0.1252,0.0,1.0,Mid Volume,Poor,73.3,Moderate Risk
404e1ba01358af4cd63f679b2c4d1fa1,juiz de fora,mg,12,8,373.9,177.82999999999998,0,5.0,0.3223,0.0,1.0,Mid Volume,Excellent,100.0,Low Risk
186cdd1b2df32caa72cfb410bba768d3,rio negrinho,sc,6,6,1341.45,268.28000000000003,0,5.0,0.1667,0.0,1.0,Mid Volume,Excellent,100.0,Low Risk
de23c3b98a88888289c6f5cc1209054a,sao paulo,sp,181,164,26399.670000000002,2682.14,12,4.28,0.0922,0.0732,0.9268,High Volume,Excellent,89.14,Low Risk
fe49ee029e61e789a1f3a5525f57ba8d,osasco,sp,17,17,2527.5899999999997,224.85,1,4.06,0.0817,0.0588,0.9412,High Volume,Good,87.66,Low Risk
902c99f1ac505c0d18778b61bcd636f7,mogi guacu,sp,4,4,157.96,100.16,0,4.0,0.388,0.0,1.0,Mid Volume,Good,90.0,Low Risk
94ca168e8bcb407ab85c5da308863027,clementina,sp,5,5,224.3,87.36,0,5.0,0.2803,0.0,1.0,Mid Volume,Excellent,100.0,Low Risk
82921991ff5b557b045605b8bbf08d49,sao paulo,sp,1,1,18.9,18.23,0,5.0,0.491,0.0,1.0,Low Volume,Excellent,100.0,Low Risk
77128dec4bec4878c37ab7d6169d6f26,sao paulo,sp,1,1,6.5,8.72,0,5.0,0.5729,0.0,1.0,Low Volume,Excellent,100.0,Low Risk
4bf658053d453036c70976bccb2c31b2,sao jose do rio preto,sp,2,2,1742.99,81.57,0,4.5,0.0447,0.0,1.0,Low Volume,Excellent,95.0,Low Risk
e8a85b5f3df47be0984c55fd4064dbb4,brasilia,df,14,8,743.0,222.99,2,4.71,0.2308,0.25,0.75,Mid Volume,Excellent,84.6,Low Risk
28f10b1c5e5abb9d4857745bede6147c,sao paulo,sp,28,28,835.0,350.42,4,4.0,0.2956,0.1429,0.8571,High Volume,Good,82.85,Low Risk
48bad451945f5227341793478d6353ea,sao paulo,sp,3,3,307.0,77.49000000000001,1,4.0,0.2015,0.3333,0.6667,Mid Volume,Good,73.34,Moderate Risk
2a61c271b1ac763450d846849783e922,santo andre,sp,23,18,1516.76,496.37,4,3.65,0.2466,0.2222,0.7778,High Volume,Good,75.39,Moderate Risk
ba6ce6de456f6c11d08c17701ba5c26f,sorocaba,sp,7,6,744.35,130.16,0,3.71,0.1488,0.0,1.0,Mid Volume,Good,87.1,Low Risk
5dceca129747e92ff8ef7a997dc4f8ca,santa barbara doeste,sp,346,325,112155.53,13661.39,18,3.99,0.1086,0.0554,0.9446,High Volume,Good,87.13,Low Risk
e1dc0754bada9ee4cfe9713f22f61292,duque de caxias,rj,12,12,885.0,264.78,0,3.83,0.2303,0.0,1.0,Mid Volume,Good,88.3,Low Risk
39a5005f2605cbdb4f9ac14485cabfd1,barretos,sp,8,3,501.07,232.59,0,5.0,0.317,0.0,1.0,Mid Volume,Excellent,100.0,Low Risk
2bf28e311bba65237358230cabac3f15,londrina,pr,8,7,294.0,183.88,2,3.88,0.3848,0.2857,0.7143,Mid Volume,Good,74.52,Moderate Risk
0e44d110fa6a54e121cb2c095a77762f,francisco morato,sp,6,6,223.32,70.06,1,4.33,0.2388,0.1667,0.8333,Mid Volume,Excellent,84.96,Low Risk
3d871de0142ce09b7081e2b9d1733cb1,campo limpo paulista,sp,1147,1080,94914.2,22433.51,62,4.11,0.1912,0.0574,0.9426,High Volume,Good,88.23,Low Risk
bf0d50a6410d487dc97d2baac0a8c0be,piracicaba,sp,1,1,27.9,9.26,0,2.0,0.2492,0.0,1.0,Low Volume,Poor,70.0,Moderate Risk
51e4e89242cbb846c2deff3dc015650e,rio grande,rs,16,16,822.58,353.17,0,4.62,0.3004,0.0,1.0,High Volume,Excellent,96.2,Low Risk
86ccac0b835037332a596a33b6949ee1,blumenau,sc,210,180,16619.93,3968.67,4,4.0,0.1928,0.0222,0.9778,High Volume,Good,88.89,Low Risk
c97aa4ee7420f937da13b7f9e2228b99,novo hamburgo,rs,1,1,29.9,6.66,0,1.0,0.1822,0.0,1.0,Low Volume,Poor,60.0,High Risk
aac51c486b672a9850d59f3e84b1cf88,sao paulo,sp,13,10,728.28,131.29,0,4.77,0.1527,0.0,1.0,Mid Volume,Excellent,97.7,Low Risk
3340ef1913fb70d28420f6ceb685c339,maringa,pr,42,32,6731.15,750.4,1,4.33,0.1003,0.0312,0.9688,High Volume,Excellent,91.74,Low Risk
76de363de16dacc923eec8daf91df504,xaxim,sc,2,2,360.0,50.42,0,2.5,0.1228,0.0,1.0,Low Volume,Poor,75.0,Moderate Risk
58b98ccb79873e04eac4357cacc590d9,campinas,sp,1,1,23.0,8.91,0,1.0,0.2792,0.0,1.0,Low Volume,Poor,60.0,High Risk
fc99f99385ae90f66f01733856fb88c9,boituva,sp,1,1,89.9,21.12,0,1.0,0.1902,0.0,1.0,Low Volume,Poor,60.0,High Risk
b74d1c09cb380e1d03a6f859c6f4224b,rio de janeiro,rj,39,31,2221.6,831.6,6,4.21,0.2724,0.1935,0.8065,High Volume,Excellent,82.43,Low Risk
1bb2bdb95f4841f1bba2c0d2cd83d3c9,sao paulo,sp,85,81,5002.71,1146.56,5,4.58,0.1865,0.0617,0.9383,High Volume,Excellent,92.72,Low Risk
670c26e0f1bf8d0576271d5cfaec6d2b,maringa,pr,87,78,6341.6,1694.03,4,4.31,0.2108,0.0513,0.9487,High Volume,Excellent,90.54,Low Risk
c32fc744b9160ac853450488e3cfea93,ribeirao preto,sp,3,3,185.70000000000002,37.82,0,2.33,0.1692,0.0,1.0,Mid Volume,Poor,73.3,Moderate Risk
59de1d4c8c057c2a53acd4ca66531af2,curitiba,pr,1,1,135.0,21.75,0,5.0,0.1388,0.0,1.0,Low Volume,Excellent,100.0,Low Risk
e64882b4ef12aee8d0faca4db5b681f4,goiania,go,2,1,230.0,43.22,0,4.0,0.1582,0.0,1.0,Low Volume,Good,90.0,Low Risk
1b65c144b17e607c0f37f10bb7dfec8d,rio do sul,sc,5,5,1109.5,144.85,0,2.0,0.1155,0.0,1.0,Mid Volume,Poor,70.0,Moderate Risk
15ac3c501e2599e4917316fde5c5669a,sao paulo,sp,1,1,144.2,51.61,0,1.0,0.2636,0.0,1.0,Low Volume,Poor,60.0,High Risk
f4aba7c0bca51484c30ab7bdc34bcdd1,sao paulo,sp,117,110,3009.79,1547.71,7,3.9,0.3396,0.0636,0.9364,High Volume,Good,85.82,Low Risk
e0878efa0e0b7e5313ac0b43bc04c081,curitiba,pr,29,27,5065.299999999999,529.61,4,3.45,0.0947,0.1481,0.8519,High Volume,Fair,77.1,Moderate Risk
03a2a6dcbe45d639c4dc2a0d24769c40,maua,sp,9,9,1078.41,172.25,1,4.11,0.1377,0.1111,0.8889,Mid Volume,Good,85.54,Low Risk
327b89b872c14d1c0be7235ef4871685,manaus,am,3,3,1177.0,81.8,1,2.33,0.065,0.3333,0.6667,Mid Volume,Poor,56.64,High Risk
e9d99831abad74458942f21e16f33f92,sao paulo,sp,149,130,4922.4800000000005,1993.58,14,3.91,0.2883,0.1077,0.8923,High Volume,Good,83.72,Low Risk
a45765f8afb1e594b22bf9e974b46765,sao paulo,sp,1,1,79.99,8.93,0,4.0,0.1004,0.0,1.0,Low Volume,Good,90.0,Low Risk
dc8798cbf453b7e0f98745e396cc5616,sao paulo,sp,51,41,2056.3,624.4,3,3.15,0.2329,0.0732,0.9268,High Volume,Fair,77.84,Moderate Risk
d9cd369bffa979d1634f8e1318bf2f1b,bady bassitt,sp,3,3,678.0,66.81,0,5.0,0.0897,0.0,1.0,Mid Volume,Excellent,100.0,Low Risk
240b9776d844d37535668549a396af32,niteroi,rj,36,36,13592.08,860.57,1,4.28,0.0595,0.0278,0.9722,High Volume,Excellent,91.41,Low Risk
70f7e8018e3d46c748c92f026aa2585a,sao paulo,sp,2,1,239.8,37.88,0,5.0,0.1364,0.0,1.0,Low Volume,Excellent,100.0,Low Risk
d1e2fe627180431ffda076abb303c56f,rio de janeiro,rj,1,1,289.0,9.05,0,1.0,0.0304,0.0,1.0,Low Volume,Poor,60.0,High Risk
3f2af2670e104d1bcb54022274daeac5,terra boa,pr,7,6,973.6,360.58,1,3.57,0.2703,0.1667,0.8333,Mid Volume,Good,77.36,Moderate Risk
bb3dca718920a4d7ec3cc9ffb025108b,sao paulo,sp,3,2,108.0,93.7,0,2.33,0.4646,0.0,1.0,Low Volume,Poor,73.3,Moderate Risk
babcc0ab201e4c60188427cae51a5b8b,porto ferreira,sp,1,1,79.0,14.13,0,5.0,0.1517,0.0,1.0,Low Volume,Excellent,100.0,Low Risk
eed78ac17f7f795a19a709745f00cd4e,botucatu,sp,56,22,4349.5,846.34,0,3.41,0.1629,0.0,1.0,High Volume,Fair,84.1,Low Risk
a2e874074c877c5a05abae80ad6e488f,sao jose do rio preto,sp,46,44,8071.9800000000005,1202.82,2,3.91,0.1297,0.0455,0.9545,High Volume,Good,86.82,Low Risk
abcd2cb37d46c2c8fb1bf071c859fc5b,cuiaba,mt,52,45,4880.22,1320.4,2,4.25,0.2129,0.0444,0.9556,High Volume,Excellent,90.28,Low Risk
1703bc09972dab9782e7a9194943b69f,minas gerais,mg,1,1,249.9,106.21,0,5.0,0.2983,0.0,1.0,Low Volume,Excellent,100.0,Low Risk
365e445f796710c3431557e85caa25db,sao paulo,sp,5,4,1115.0,79.3,0,4.4,0.0664,0.0,1.0,Mid Volume,Excellent,94.0,Low Risk
0bb738e4d789e63e2267697c42d35a2d,sao roque,sp,31,30,2388.3,642.34,1,4.58,0.2119,0.0333,0.9667,High Volume,Excellent,94.14,Low Risk
3d290fe363c60a77498c1126fd3fb8d3,itapevi,sp,3,3,198.98,35.06,0,4.33,0.1498,0.0,1.0,Mid Volume,Excellent,93.3,Low Risk
325f3178fb58e2a9778334621eecdbf9,taboao da serra,sp,46,36,981.6999999999999,451.67,0,4.46,0.3151,0.0,1.0,High Volume,Excellent,94.6,Low Risk
8c16d1f32a54d92897cc437244442e1b,blumenau,sc,118,108,5642.6,2112.07,2,4.33,0.2724,0.0185,0.9815,High Volume,Excellent,92.38,Low Risk
f5a590cf36251cf1162ea35bef76fe84,sao bernardo do campo,sp,122,117,53201.78,4239.16,8,4.24,0.0738,0.0684,0.9316,High Volume,Excellent,88.98,Low Risk
61f159ef6da2d441951d2c0efa719362,serra,es,3,3,154.97,61.01,0,1.0,0.2825,0.0,1.0,Mid Volume,Poor,60.0,High Risk
1e8b33f18b4f7598d87f5cbee2282cc2,sao paulo,sp,140,123,17309.06,2702.24,4,4.28,0.135,0.0325,0.9675,High Volume,Excellent,91.18,Low Risk
59cea8e446d3834393058e7e0666b6fb,maringa,pr,10,10,696.6,204.54,0,4.6,0.227,0.0,1.0,Mid Volume,Excellent,96.0,Low Risk
8c5e007d7bd5693fa1386ffefbc99f6c,indaiatuba,sp,24,9,1029.11,378.3,0,4.17,0.2688,0.0,1.0,Mid Volume,Good,91.7,Low Risk
1da3aeb70d7989d1e6d9b0e887f97c23,sao paulo,sp,328,265,8823.52,4231.84,13,4.08,0.3241,0.0491,0.9509,High Volume,Good,88.34,Low Risk
5b67882648febfb6e1225e6ad7164f6b,umuarama,pr,30,27,6813.4800000000005,618.94,1,4.03,0.0833,0.037,0.963,High Volume,Good,88.45,Low Risk
53e4c6e0f4312d4d2107a8c9cddf45cd,pedreira,sp,522,473,30148.95,9887.24,24,4.04,0.247,0.0507,0.9493,High Volume,Good,87.86,Low Risk
039e6ad9dae79614493083e241147386,sao paulo,sp,5,5,12925.0,348.42,1,4.0,0.0262,0.2,0.8,Mid Volume,Good,80.0,Moderate Risk
d65f31d2413268e671989503f6cf9993,artur nogueira,sp,3,2,488.8,71.15,0,1.0,0.1271,0.0,1.0,Low Volume,Poor,60.0,High Risk
cad10cc982ab6a391570c211b995c17c,avare,sp,1,1,47.4,12.79,0,5.0,0.2125,0.0,1.0,Low Volume,Excellent,100.0,Low Risk
527801b552d0077ffd170872eb49683b,garca,sp,92,90,17942.8,2062.56,9,4.48,0.1031,0.1,0.9,High Volume,Excellent,89.8,Low Risk
be67f78487e2cecb0d55bc769709e4f5,ibirite,mg,1,1,102.0,23.64,0,5.0,0.1882,0.0,1.0,Low Volume,Excellent,100.0,Low Risk
8ca1551acf9832a4cf467bbbac15851f,campo largo,pr,12,11,2176.4,266.54,2,3.67,0.1091,0.1818,0.8182,Mid Volume,Good,77.61,Moderate Risk
2ea0861cc19e94cad86438c984c52da4,sao paulo,sp,6,6,165.6,62.449999999999996,0,3.33,0.2738,0.0,1.0,Mid Volume,Fair,83.3,Low Risk
7202e2ba20579a9bd1acb29e61fe71f6,franca,sp,55,53,12750.5,1165.66,2,3.83,0.0838,0.0377,0.9623,High Volume,Good,86.42,Low Risk
0509040ea3fe50071181bbc359eb7738,belo horizonte,mg,98,89,3737.95,1445.1499999999999,4,4.5,0.2788,0.0449,0.9551,High Volume,Excellent,92.76,Low Risk
20fd2d2080ed85fa67fad3fcbb2c1813,colombo,pr,1,1,85.9,19.57,0,1.0,0.1856,0.0,1.0,Low Volume,Poor,60.0,High Risk
2039c5e51785b5dde7cf93ccb3b7be2c,guaira,sp,1,1,159.9,13.78,0,5.0,0.0793,0.0,1.0,Low Volume,Excellent,100.0,Low Risk
62de60d81c55c29d76a6bce418b31cef,ibitinga,sp,1,1,103.0,23.87,0,4.0,0.1881,0.0,1.0,Low Volume,Good,90.0,Low Risk
eaf6d55068dea77334e8477d3878d89e,sao paulo,sp,3,3,51.0,33.01,0,5.0,0.3929,0.0,1.0,Mid Volume,Excellent,100.0,Low Risk
e89c4adbe7b1d0819dbb636e16461cf1,indaiatuba,sp,25,24,3181.3,454.85,3,3.88,0.1251,0.125,0.875,High Volume,Good,82.55,Low Risk
2e2f44824ab87a0cb961f68bf4073e7f,curitiba,pr,1,1,48.0,17.93,0,2.0,0.272,0.0,1.0,Low Volume,Poor,70.0,Moderate Risk
85ecf03781da592876b7844acc1b729f,sao paulo,sp,2,2,251.0,43.9,1,4.5,0.1489,0.5,0.5,Low Volume,Excellent,70.0,Moderate Risk
5c853bb56f70f4d14218944bae111d7a,cotia,sp,24,23,263.13,251.06,0,4.04,0.4883,0.0,1.0,High Volume,Good,90.4,Low Risk
bba74270a87732727b5a3b4fd9ac1c39,betim,mg,41,36,6001.59,758.85,0,3.8,0.1122,0.0,1.0,High Volume,Good,88.0,Low Risk
e8ff5a6ceb895583033fc2a0f314e3c2,blumenau,sc,1,1,139.89,19.08,0,5.0,0.12,0.0,1.0,Low Volume,Excellent,100.0,Low Risk
835f0f7810c76831d6c7d24c7a646d4d,sao paulo,sp,50,44,5130.0,964.03,13,3.3,0.1582,0.2955,0.7045,High Volume,Fair,68.22,Moderate Risk
702835e4b785b67a084280efca355756,juiz de fora,mg,1,1,7.6,10.96,0,5.0,0.5905,0.0,1.0,Low Volume,Excellent,100.0,Low Risk
4ea2f12dbe91deeacd2c1e74f069a6e6,sao paulo,sp,6,4,210.2,70.07,0,4.83,0.25,0.0,1.0,Mid Volume,Excellent,98.3,Low Risk
a066df7361163e7ddc5d7452dd17448b,franca,sp,17,15,1078.3,266.32,4,4.47,0.1981,0.2667,0.7333,High Volume,Excellent,81.36,Low Risk
bc8c8d665ec4664d286be0d521722b19,sao paulo,sp,1,1,22.5,8.32,1,2.0,0.27,1.0,0.0,Low Volume,Poor,20.0,High Risk
5e106d93b717c2682b9383da480364a1,santa terezinha de itaipu,pr,1,1,445.9,21.71,0,5.0,0.0464,0.0,1.0,Low Volume,Excellent,100.0,Low Risk
bd4431c1a8dfa744b59e1e2a8bc99b9e,rio de janeiro,rj,7,7,809.5,204.09,0,4.57,0.2014,0.0,1.0,Mid Volume,Excellent,95.7,Low Risk
bd4ff04377f974574f7f0bf9d6ce7dde,santa maria da serra,sp,4,4,164.96,50.14,1,3.5,0.2331,0.25,0.75,Mid Volume,Fair,72.5,Moderate Risk
3076499bbc033a927bf4a8a41bcf7fd4,auriflama,sp,9,7,359.33,124.3,0,4.44,0.257,0.0,1.0,Mid Volume,Excellent,94.4,Low Risk
010da0602d7774602cd1b3f5fb7b709e,sao bernardo do campo,sp,5,1,849.5,230.25,0,1.0,0.2132,0.0,1.0,Low Volume,Poor,60.0,High Risk
4d6fb82c629c7a5028bfd973c07b05e0,belo horizonte,mg,2,2,278.0,49.43,0,2.0,0.151,0.0,1.0,Low Volume,Poor,70.0,Moderate Risk
5d505d2298ad549e4e4e835562fa0c1e,birigui,sp,2,2,249.8,28.339999999999996,0,5.0,0.1019,0.0,1.0,Low Volume,Excellent,100.0,Low Risk
5aaa890629f83706d8d9bfecd8377c1c,petropolis,rj,1,1,48.9,17.92,0,1.0,0.2682,0.0,1.0,Low Volume,Poor,60.0,High Risk
ad14615bdd492b01b0d97922e87cb87f,tubarao,sc,1,1,8.25,10.96,0,5.0,0.5705,0.0,1.0,Low Volume,Excellent,100.0,Low Risk
7df1fc11cc5cbc518b39faa60cf5d67c,campo grande,ms,5,5,1037.6,134.36,0,4.2,0.1146,0.0,1.0,Mid Volume,Good,92.0,Low Risk
238fac594e170b59c6d228f5a4f4f1d9,dois corregos,sp,30,29,3126.0,1419.52,4,3.97,0.3123,0.1379,0.8621,High Volume,Good,82.8,Low Risk
29c322e3f09f886f8bacbe91dfbd979e,santa maria,rs,2,1,48.98,56.59,0,5.0,0.536,0.0,1.0,Low Volume,Excellent,100.0,Low Risk
134a288e7de827ec5ec62e3ec9c3a295,sao paulo,sp,9,9,877.45,126.55,0,4.78,0.126,0.0,1.0,Mid Volume,Excellent,97.8,Low Risk
33fd411ed63a7c2f9005e3f065d9f85d,condor,rs,1,1,24.9,18.23,0,4.0,0.4227,0.0,1.0,Low Volume,Good,90.0,Low Risk
edb58a1390adf273840030a3d6253829,piracicaba,sp,1,1,39.9,18.38,0,5.0,0.3154,0.0,1.0,Low Volume,Excellent,100.0,Low Risk
1e8c6a4c538f286aee9573239740a4b4,itatiba,sp,5,5,359.7,87.12,0,3.8,0.195,0.0,1.0,Mid Volume,Good,88.0,Low Risk
07de60b03d150fb3ea09eab5da5e4c8b,ibitinga,sp,9,9,719.1,169.9,1,4.33,0.1911,0.1111,0.8889,Mid Volume,Excellent,87.74,Low Risk
f1ce5fdecd64935c28b9ff932751d0dc,santana de parnaiba,sp,2,2,158.0,22.53,0,4.5,0.1248,0.0,1.0,Low Volume,Excellent,95.0,Low Risk
ede2977fbaf3738583170735ca403f6c,curitiba,pr,1,1,289.9,37.35,0,5.0,0.1141,0.0,1.0,Low Volume,Excellent,100.0,Low Risk
03bd479e1d9484cdb14104d3023f7321,uberlandia,mg,3,3,359.70000000000005,57.72,0,4.33,0.1383,0.0,1.0,Mid Volume,Excellent,93.3,Low Risk
31e60bf8d103ce47932a85f5562deb16,goiania,go,1,1,181.0,58.04,0,5.0,0.2428,0.0,1.0,Low Volume,Excellent,100.0,Low Risk
83645b1645cdee8953ee54c29ceed564,santa terezinha de itaipu,pr,14,14,978.9,266.2,0,4.43,0.2138,0.0,1.0,High Volume,Excellent,94.3,Low Risk
bdae679a9b282249bc23b9b69dae9a99,brasilia,df,12,6,663.15,188.82999999999998,0,3.5,0.2216,0.0,1.0,Mid Volume,Fair,85.0,Low Risk
5cf13accae3222c70a9cac40818ae839,patos de minas,mg,156,149,14383.2,3019.27,3,4.44,0.1735,0.0201,0.9799,High Volume,Excellent,93.4,Low Risk
a247197e2e9c19a6a53a6888cb8b660f,sao jose do rio preto,sp,2,2,798.0,143.07,0,1.0,0.152,0.0,1.0,Low Volume,Poor,60.0,High Risk
249f0e9905a6e06ad6c6bea7547ab9f6,rio de janeiro,rj,3,3,347.95,39.04,0,3.67,0.1009,0.0,1.0,Mid Volume,Good,86.7,Low Risk
96804ea39d96eb908e7c3afdb671bb9e,ibia,mg,40,38,3610.7000000000003,755.06,1,3.9,0.173,0.0263,0.9737,High Volume,Good,87.68,Low Risk
cd233f8bfa30ebfd651f47ee7d054951,birigui,sp,1,1,79.9,18.66,0,5.0,0.1893,0.0,1.0,Low Volume,Excellent,100.0,Low Risk
3986c0b54f6b748b75e7bd4e092aa3e5,curitiba,pr,1,1,24.99,15.28,0,5.0,0.3794,0.0,1.0,Low Volume,Excellent,100.0,Low Risk
5563732abe64c3036cb97ad924128dd1,guarulhos,sp,3,2,404.0,37.6,0,4.67,0.0851,0.0,1.0,Low Volume,Excellent,96.7,Low Risk
51f108f62cb87d61918159902c8f8583,cascavel,pr,3,3,303.73,75.03,0,4.33,0.1981,0.0,1.0,Mid Volume,Excellent,93.3,Low Risk
134b867a0f7f8bbe6abf10f91874891e,valinhos,sp,1,1,789.89,132.95,0,4.0,0.1441,0.0,1.0,Low Volume,Good,90.0,Low Risk
57c764b4a836300be881e2ff86e449f9,ribeirao preto,sp,30,29,1211.0,470.11,4,4.17,0.2796,0.1379,0.8621,High Volume,Good,84.8,Low Risk
2fa13c8bd5705d279f7ed5cc9ec61c68,sao paulo,sp,4,2,87.4,61.3,0,5.0,0.4122,0.0,1.0,Low Volume,Excellent,100.0,Low Risk
e627629ba868740e287800f1a9be81c2,sao paulo,sp,13,13,504.5,139.05,0,4.46,0.2161,0.0,1.0,Mid Volume,Excellent,94.6,Low Risk
c72de06d72748d1a0dfb2125be43ba63,guanambi,ba,22,21,17522.0,1211.18,0,4.45,0.0647,0.0,1.0,High Volume,Excellent,94.5,Low Risk
8d79c8a04e42d722a75097ce5cbcf2ef,caucaia,ce,28,27,2777.7200000000003,757.4399999999999,2,4.46,0.2143,0.0741,0.9259,High Volume,Excellent,90.9,Low Risk
8060d731897e33b5c5ae575ce1e209e1,blumenau,sp,5,5,199.5,91.45,0,4.8,0.3143,0.0,1.0,Mid Volume,Excellent,98.0,Low Risk
4c4d546adf3c3868fe19c9ec6e9ffda9,maringa,pr,3,2,111.69999999999999,45.39,0,3.67,0.2889,0.0,1.0,Low Volume,Good,86.7,Low Risk
5a9c0859cb00fd8aa4db443837f0a700,treze tilias,sc,2,2,208.0,47.59,0,4.5,0.1862,0.0,1.0,Low Volume,Excellent,95.0,Low Risk
cecd97bc34ed8330bd4cd15713eda670,cordilheira alta,sc,1,1,57.99,18.51,0,1.0,0.242,0.0,1.0,Low Volume,Poor,60.0,High Risk
9c3a1c416c765687bc79a04113269929,carmo da mata,mg,1,1,74.9,58.9,0,1.0,0.4402,0.0,1.0,Low Volume,Poor,60.0,High Risk
8ae520247981aa06bc94abddf5f46d34,navegantes,sc,65,65,16320.99,1445.35,0,4.45,0.0814,0.0,1.0,High Volume,Excellent,94.5,Low Risk
ac3508719a1d8f5b7614b798f70af136,canoas,rs,104,103,12775.84,3016.39,2,4.57,0.191,0.0194,0.9806,High Volume,Excellent,94.73,Low Risk
15cd6eefe58588619aaed41dfa6621b1,ouro preto,mg,18,16,1622.74,566.12,1,4.33,0.2586,0.0625,0.9375,High Volume,Excellent,90.18,Low Risk
4a3ca9315b744ce9f8e9374361493884,ibitinga,sp,1987,1806,200472.92,35067.04,189,3.8,0.1489,0.1047,0.8953,High Volume,Good,82.76,Low Risk
478bfe564db21eeb44386606aa30b650,pedro leopoldo,mg,3,3,182.70000000000002,48.1,0,4.67,0.2084,0.0,1.0,Mid Volume,Excellent,96.7,Low Risk
6d988d6174a2c27441597174f8905515,maringa,pr,23,19,371.73,365.47,2,4.26,0.4958,0.1053,0.8947,High Volume,Excellent,87.34,Low Risk
ed49da7cadefc454d6a67de249eab240,sao paulo,sp,2,2,43.0,22.83,0,3.0,0.3468,0.0,1.0,Low Volume,Fair,80.0,Moderate Risk
6f892e20a171e98efe17fdb971ff319b,sao paulo,sp,53,44,6438.700000000001,904.16,4,3.73,0.1231,0.0909,0.9091,High Volume,Good,82.76,Low Risk
4bfc7a4a1cf8d4d2121c27422d9e50b5,sao paulo,sp,40,26,8124.4,1067.19,1,4.22,0.1161,0.0385,0.9615,High Volume,Excellent,90.28,Low Risk
acadd4d36859671cb635527c6c977533,santa rosa de viterbo,sp,12,12,2381.0,265.94,1,4.25,0.1005,0.0833,0.9167,Mid Volume,Excellent,88.34,Low Risk
034b9387752bfa309f350a70cd45ffa3,blumenau,sc,8,8,96.0,144.26,0,4.5,0.6004,0.0,1.0,Mid Volume,Excellent,95.0,Low Risk
a1ed30492b3b798bc121845bc4aa7366,sao paulo,sp,2,1,41.8,23.7,0,3.0,0.3618,0.0,1.0,Low Volume,Fair,80.0,Moderate Risk
abbf6046bbdf1028606a5bc7f00c99e7,xanxere,sc,7,7,2217.15,175.99,0,4.14,0.0735,0.0,1.0,Mid Volume,Good,91.4,Low Risk
901b460cdce0c64e471230d7f2f9f3a3,porto alegre,rs,5,5,1904.0,108.56,0,4.4,0.0539,0.0,1.0,Mid Volume,Excellent,94.0,Low Risk
81ed90f07c0bacb7594940ba2ef676aa,divinopolis,mg,2,2,223.9,33.56,0,4.5,0.1304,0.0,1.0,Low Volume,Excellent,95.0,Low Risk
11eac105f3f90a9b87b19c89d91e24f3,sao paulo,sp,5,5,802.89,124.94,0,3.6,0.1347,0.0,1.0,Mid Volume,Good,86.0,Low Risk
0725b8c0f3f906e58f70cbe76b7c748c,guarulhos,sp,37,17,2190.3,715.69,4,3.58,0.2463,0.2353,0.7647,High Volume,Good,74.04,Moderate Risk
d1a5cc844736958c11b8efab9a2b4c87,curitiba,pr,1,1,237.6,16.41,1,1.0,0.0646,1.0,0.0,Low Volume,Poor,10.0,High Risk
f35becee938e982bd615edf8ef12bcfb,alvares machado,sp,6,6,148.59,78.22,0,4.0,0.3449,0.0,1.0,Mid Volume,Good,90.0,Low Risk
634964b17796e64304cadf1ad3050fb7,rio de janeiro,rj,326,268,39465.1,5955.43,29,3.86,0.1311,0.1082,0.8918,High Volume,Good,83.19,Low Risk
6624bc09786f0e41ae48dfc5eeb1a9e2,belo horizonte,mg,1,1,89.54,17.47,0,5.0,0.1633,0.0,1.0,Low Volume,Excellent,100.0,Low Risk
54219883e72aad869adfb2a54b7bfa0f,sorocaba,sp,5,5,6750.0,829.55,0,3.2,0.1094,0.0,1.0,Mid Volume,Fair,82.0,Low Risk
5795aebfe331fbcd02a2c4b679fb7952,palhoca,sc,6,6,1280.0,156.09,0,3.83,0.1087,0.0,1.0,Mid Volume,Good,88.3,Low Risk
6e2d3e2dc84fb30f6078f39dd3bddd6f,colombo,pr,1,1,219.0,16.28,0,1.0,0.0692,0.0,1.0,Low Volume,Poor,60.0,High Risk
3078096983cf766a32a06257648502d1,scao jose do rio pardo,sp,64,59,8285.42,1415.48,2,4.2,0.1459,0.0339,0.9661,High Volume,Good,90.3,Low Risk
014d9a685fd57276679edd00e07089e5,maringa,pr,12,11,729.88,146.93,0,3.83,0.1676,0.0,1.0,Mid Volume,Good,88.3,Low Risk
656591be56071d4c9ef4e5fee78a578a,santo andre,sp,11,7,1702.0,319.2,3,4.64,0.1579,0.4286,0.5714,Mid Volume,Excellent,74.97,Moderate Risk
26562f211dd1364af2a8596dc945e8ae,sao bernardo do campo,sp,2,2,99.0,16.11,0,5.0,0.14,0.0,1.0,Low Volume,Excellent,100.0,Low Risk
bccf933e006e9b94a6184af782963e77,assis,sp,46,45,4162.74,884.47,1,4.53,0.1752,0.0222,0.9778,High Volume,Excellent,94.19,Low Risk
12c2ed9cded6138cf0c75f525f565fc7,praia grande,sp,4,4,314.96,51.05,1,4.25,0.1395,0.25,0.75,Mid Volume,Excellent,80.0,Moderate Risk
961dff0a659b4561334372337dd897d9,rio de janeiro,rj,4,4,9946.0,136.56,0,3.75,0.0135,0.0,1.0,Mid Volume,Good,87.5,Low Risk
b33e7c55446eabf8fe1a42d037ac7d6d,pradopolis,sp,155,152,44985.17,2725.07,18,4.15,0.0571,0.1184,0.8816,High Volume,Good,85.58,Low Risk
2235cf78d3e2073a88146a9cb60f0dd0,sao paulo,sp,1,1,178.99,25.77,0,5.0,0.1259,0.0,1.0,Low Volume,Excellent,100.0,Low Risk
218d46b86c1881d022bce9c68a7d4b15,ribeirao preto,sp,427,388,55093.28,7644.26,35,4.15,0.1218,0.0902,0.9098,High Volume,Good,86.99,Low Risk
08d1c9478fb0d7d7fcac9c0da4e82fc7,belo horizonte,mg,1,1,538.0,67.57,0,5.0,0.1116,0.0,1.0,Low Volume,Excellent,100.0,Low Risk
dfc475d54e1b6dbeeb7d7d9bdaa63827,curitiba,pr,21,19,1793.76,434.31,0,4.38,0.1949,0.0,1.0,High Volume,Excellent,93.8,Low Risk
813348c996469b40f2e028d5429d3495,jundiai,sp,202,179,11205.83,3594.6,8,4.0,0.2429,0.0447,0.9553,High Volume,Good,87.76,Low Risk
c394e193cda3b4225ff2094d32184849,sao paulo,sp,12,3,3419.88,191.56,0,4.67,0.053,0.0,1.0,Mid Volume,Excellent,96.7,Low Risk
2745f798279e0ed033addcc1474776d7,sao paulo,sp,32,32,3668.53,696.46,3,3.97,0.1596,0.0938,0.9062,High Volume,Good,85.01,Low Risk
6b803197e03abd5056b4313306b4f29d,sao paulo,sp,12,7,407.0,123.62,0,4.83,0.233,0.0,1.0,Mid Volume,Excellent,98.3,Low Risk
bafc5aa11e413978be29040f51342e70,belo horizonte,mg,9,9,1679.55,149.92,1,3.78,0.0819,0.1111,0.8889,Mid Volume,Good,82.24,Low Risk
44717f64ec2a457979cf83c429077666,santa rosa,rs,3,2,107.0,63.91,0,5.0,0.3739,0.0,1.0,Low Volume,Excellent,100.0,Low Risk
b7cc6c5e001441ae8cdd5c69a480cbe4,curitibanos,sc,6,6,651.8,220.49999999999997,0,4.17,0.2528,0.0,1.0,Mid Volume,Good,91.7,Low Risk
af7cdac9d9897cddead9c6b08976c642,laranjal paulista,sp,6,6,543.54,150.47,1,3.67,0.2168,0.1667,0.8333,Mid Volume,Good,78.37,Moderate Risk
b3e2faf2c1004d674f16a3aa3197f0e1,ribeirao preto,sp,3,3,61.47,33.77,0,5.0,0.3546,0.0,1.0,Mid Volume,Excellent,100.0,Low Risk
670a9dda115b5a88b18cfadee8de2332,ribeirao preto,sp,11,11,918.9000000000001,183.09,0,4.45,0.1661,0.0,1.0,Mid Volume,Excellent,94.5,Low Risk
3b15288545f8928d3e65a8f949a28291,ibitinga,sp,121,104,14061.789999999999,2451.9,8,3.89,0.1485,0.0769,0.9231,High Volume,Good,85.06,Low Risk
3e35a8bb43569389d3cebef0ce820f69,sao paulo,sp,2,1,55.8,28.88,0,5.0,0.341,0.0,1.0,Low Volume,Excellent,100.0,Low Risk
81783131d2a97c8d44d406a4be81b5d9,sorocaba,sp,15,13,1782.54,195.04,0,3.43,0.0986,0.0,1.0,Mid Volume,Fair,84.3,Low Risk
29e6e05b65f93bc224c644319dc52ecf,juiz de fora,mg,4,4,475.6,83.32,0,4.75,0.1491,0.0,1.0,Mid Volume,Excellent,97.5,Low Risk
cce6ab8d1682639fe45ab70234f1665f,curitiba,sp,66,63,2522.7,1167.44,2,4.44,0.3164,0.0317,0.9683,High Volume,Excellent,92.82,Low Risk
e1643dff33666ca629e3644c02738179,sao paulo,sp,3,3,170.0,29.31,0,4.33,0.1471,0.0,1.0,Mid Volume,Excellent,93.3,Low Risk
76623fde66e6b63b59440fd34160512d,guarulhos,sp,3,3,65.4,23.34,0,4.0,0.263,0.0,1.0,Mid Volume,Good,90.0,Low Risk
5275ca25d0358ca73864e0ae41be1320,guarulhos,sp,4,4,409.6,69.22,0,4.75,0.1446,0.0,1.0,Mid Volume,Excellent,97.5,Low Risk
eb4df17aed01d918c65f0f8d650900c0,paulinia,sp,11,11,3739.87,185.59,3,3.91,0.0473,0.2727,0.7273,Mid Volume,Good,75.46,Moderate Risk
10089e9f2fd0c668a8fd4e52e1698888,sao jose do rio preto,sp,3,3,1139.9,59.41,0,4.33,0.0495,0.0,1.0,Mid Volume,Excellent,93.3,Low Risk
c398bc00a606d33758afd91f4e64fd15,rio de janeiro,rj,2,2,150.0,15.5,0,4.5,0.0937,0.0,1.0,Low Volume,Excellent,95.0,Low Risk
2f09f7d37a97956d11cc1a7cadd5262b,ribeirao preto,sp,12,11,2005.0,463.41,1,3.08,0.1877,0.0909,0.9091,Mid Volume,Fair,76.26,Moderate Risk
e58a5b390e28abc0b216cfb0e07d27d7,rio de janeiro,rj,7,7,1022.6,144.63,0,4.86,0.1239,0.0,1.0,Mid Volume,Excellent,98.6,Low Risk
f41ce2e25237f9092cd8e6e7516c7a2f,guarulhos,sp,28,27,2030.9,331.7,0,4.32,0.1404,0.0,1.0,High Volume,Excellent,93.2,Low Risk
8e6cc767478edae941d9bd9eb778d77a,araguari,mg,114,106,6830.58,2284.83,6,3.89,0.2507,0.0566,0.9434,High Volume,Good,86.07,Low Risk
028872bfa080090a9d0abd4f1af168f8,ribeirao das neves,mg,3,1,70.5,47.37,0,5.0,0.4019,0.0,1.0,Low Volume,Excellent,100.0,Low Risk
1710c3aaa9c6b44ec3883ee0fe300e21,sao caetano do sul,sp,2,2,1188.9,37.650000000000006,0,5.0,0.0307,0.0,1.0,Low Volume,Excellent,100.0,Low Risk
52d76513f0c4d97f3b99570e2c94ee31,novo hamburgo,rs,28,19,8153.1,889.26,1,3.88,0.0983,0.0526,0.9474,High Volume,Good,86.17,Low Risk
dace965ca58120f92f8d742a9fa1864b,sao paulo,sp,8,8,1442.0,131.77,0,4.62,0.0837,0.0,1.0,Mid Volume,Excellent,96.2,Low Risk
f5b44895715ddfe3087dc414f30268f3,sorocaba,sp,19,19,378.8,275.64,0,4.0,0.4212,0.0,1.0,High Volume,Good,90.0,Low Risk
c8467937e403e76a8ee9f0ab13f6f5ef,pocos de caldas,mg,33,30,1853.79,588.95,4,4.13,0.2411,0.1333,0.8667,High Volume,Good,84.64,Low Risk
56f413900b5166ab4d730e9ac0b12cb0,sorocaba,sp,3,3,151.79,42.45,0,4.67,0.2185,0.0,1.0,Mid Volume,Excellent,96.7,Low Risk
3f8034bfc6b8b4135534975d49f04c63,curitiba,pr,16,12,1313.9,280.61,0,3.06,0.176,0.0,1.0,Mid Volume,Fair,80.6,Low Risk
4992e76a42cb3aad7a7047e0d3d7e729,sao paulo,sp,74,57,2211.1,1007.47,4,3.84,0.313,0.0702,0.9298,High Volume,Good,84.89,Low Risk
265fdc289dffa9f1ad801c74f7d0de47,jaci,sp,1,1,495.0,51.55,0,5.0,0.0943,0.0,1.0,Low Volume,Excellent,100.0,Low Risk
0afccdb8a34ee5c79f7c06faf2b4d56e,uberlandia,mg,25,25,1225.5,388.28,2,4.04,0.2406,0.08,0.92,High Volume,Good,86.4,Low Risk
02dcd3e8e25bee036e32512bcf175493,contagem,mg,17,14,1491.9,312.17,5,3.59,0.173,0.3571,0.6429,High Volume,Good,68.04,Moderate Risk
c9e5ad1f6647f5dbd1172adf6ae3cada,porto alegre,rs,4,4,259.03,60.95,0,4.75,0.1905,0.0,1.0,Mid Volume,Excellent,97.5,Low Risk
02a2272692e13558373c66db98f05e2e,rio de janeiro,rj,2,2,54.98,38.870000000000005,0,3.0,0.4142,0.0,1.0,Low Volume,Fair,80.0,Moderate Risk
f783a638e9c6af4a7d0dbfde811e7a81,sao paulo,sp,5,5,849.8,153.1,1,4.0,0.1527,0.2,0.8,Mid Volume,Good,80.0,Moderate Risk
0b18d63d0cd1d723567903fd34a07df2,sp,sp,14,9,1678.1399999999999,265.89,0,4.79,0.1368,0.0,1.0,Mid Volume,Excellent,97.9,Low Risk
3ef37b7ca6dd2b80bd8af81a62504996,sao paulo,sp,2,2,700.0,40.97,0,4.5,0.0553,0.0,1.0,Low Volume,Excellent,95.0,Low Risk
dd4d95ba2d15c071e6c695e2ef6ce169,cachoeiro de itapemirim,es,4,4,1748.0,214.41,2,4.25,0.1093,0.5,0.5,Mid Volume,Excellent,67.5,Moderate Risk
7bb8fac2913a6064ec412e583c6d8b4d,bauru,sp,1,1,109.0,16.52,0,5.0,0.1316,0.0,1.0,Low Volume,Excellent,100.0,Low Risk
86649b1632b1c0e6c0bcb2c90a8b75d8,medianeira,pr,1,1,59.99,17.67,0,1.0,0.2275,0.0,1.0,Low Volume,Poor,60.0,High Risk
8dd386be0767c330276ea6a3f96532d3,paulo lopes,sc,2,1,89.98,44.5,0,5.0,0.3309,0.0,1.0,Low Volume,Excellent,100.0,Low Risk
deaadd805612bf94faaa9fa702516e11,sao paulo,sp,1,1,50.0,15.11,0,1.0,0.2321,0.0,1.0,Low Volume,Poor,60.0,High Risk
5e063e85d44b0f5c3e6ec3131103a57e,sao paulo,sp,1,1,22.9,7.42,0,5.0,0.2447,0.0,1.0,Low Volume,Excellent,100.0,Low Risk
6e4f5ff6b086632ba8dcb558fb10249e,flores da cunha,rs,5,5,838.9,214.35,0,3.4,0.2035,0.0,1.0,Mid Volume,Fair,84.0,Low Risk
117cfc326c6d50da67ca858ff5c0c852,sao joao de meriti,rj,5,5,454.6,81.47999999999999,0,4.6,0.152,0.0,1.0,Mid Volume,Excellent,96.0,Low Risk
d25aa0aaacb370e912f8cf6efeba38b3,massaranduba,sc,21,17,2658.45,714.6800000000001,1,4.52,0.2119,0.0588,0.9412,High Volume,Excellent,92.26,Low Risk
c0e6839516f5398edc34adf5f1d53d1a,guaruja,sp,3,3,432.92,87.92,0,2.67,0.1688,0.0,1.0,Mid Volume,Fair,76.7,Moderate Risk
119c7f1a00ef43fad0e57604e76a747c,sao paulo,sp,2,2,189.8,17.02,0,4.5,0.0823,0.0,1.0,Low Volume,Excellent,95.0,Low Risk
2953ce3a88f5e3c3b696d77fc9e4c8eb,sao paulo,sp,15,14,470.0,161.32,1,4.67,0.2555,0.0714,0.9286,High Volume,Excellent,93.13,Low Risk
bbf9ad41dca6603e614efcdad7aab8c4,fortaleza,ce,14,14,7846.0,776.26,0,4.5,0.09,0.0,1.0,High Volume,Excellent,95.0,Low Risk
d7b2377bae6ace1b11fc69a11900ac36,sao paulo,sp,4,4,329.6,51.96,1,3.25,0.1362,0.25,0.75,Mid Volume,Fair,70.0,Moderate Risk
57fe6232e67823593374a2281d7a8af8,capivari,sp,8,8,178.68,105.36,0,4.75,0.3709,0.0,1.0,Mid Volume,Excellent,97.5,Low Risk
4da0e408c99d2fdc2126dc9fce518060,cornelio procopio,pr,54,44,3026.0,938.73,0,4.44,0.2368,0.0,1.0,High Volume,Excellent,94.4,Low Risk
8b28d096634035667e8263d57ba3368c,sao jose dos campos,sp,155,143,9375.7,2591.45,19,3.86,0.2165,0.1329,0.8671,High Volume,Good,81.96,Low Risk
82cb9f452fe8334df74b22d37824b431,caxias do sul,rs,18,14,838.2,317.06,0,4.72,0.2744,0.0,1.0,High Volume,Excellent,97.2,Low Risk
9bc484c87d79cd4874e05ca182658045,sao paulo,sp,9,9,1120.0,149.87,1,4.0,0.118,0.1111,0.8889,Mid Volume,Good,84.44,Low Risk
c6218512d16fcac0af02fe92691cf274,contagem,mg,8,8,674.0,194.64,0,4.06,0.2241,0.0,1.0,Mid Volume,Good,90.6,Low Risk
d17f467e4bf608a510c20d82f4ba3b6b,caxias do sul,rs,12,12,3021.66,534.89,2,4.0,0.1504,0.1667,0.8333,Mid Volume,Good,81.66,Low Risk
4371b634e0efc0e22b09b52907d9d469,sao paulo,sp,112,102,8194.0,1484.79,7,4.41,0.1534,0.0686,0.9314,High Volume,Excellent,90.67,Low Risk
1b45169b635ef59425637e9a33eb5fb3,maringa,pr,8,7,308.9,110.45,0,4.62,0.2634,0.0,1.0,Mid Volume,Excellent,96.2,Low Risk
bd23da7354813347129d751591d1a6e2,sao paulo,sp,90,89,10544.300000000001,1466.83,2,4.02,0.1221,0.0225,0.9775,High Volume,Good,89.07,Low Risk
412a4720f3e9431b4afa1476a1acddbe,campinas,sp,22,21,2058.1,511.06,1,4.27,0.1989,0.0476,0.9524,High Volume,Excellent,90.32,Low Risk
7238a95bb63ef7e498389fb863b834a1,limeira,sp,15,15,2265.7,569.41,0,4.73,0.2008,0.0,1.0,High Volume,Excellent,97.3,Low Risk
26785a546900236d66f2e4197c211158,sao paulo,sp,15,15,1019.2,225.45,0,4.67,0.1811,0.0,1.0,High Volume,Excellent,96.7,Low Risk
b7ed9fb14c8eadb37adb9c45d67ab0fb,jacarei,sp,11,7,566.0,221.75,0,2.91,0.2815,0.0,1.0,Mid Volume,Fair,79.1,Moderate Risk
a0d7fbb07bb5ebc3b05980e750db56f3,ferraz de vasconcelos,sp,4,3,848.99,236.19,0,2.0,0.2177,0.0,1.0,Mid Volume,Poor,70.0,Moderate Risk
10264f60a8f0a4d2f30810f5c661c673,campinas,sp,4,4,284.6,41.86,0,5.0,0.1282,0.0,1.0,Mid Volume,Excellent,100.0,Low Risk
35857757f553273b1056c1cabdace7fb,ribeirao preto,sp,6,6,454.6,118.74000000000001,1,4.0,0.2071,0.1667,0.8333,Mid Volume,Good,81.66,Low Risk
538caafddff204241cecbf3a02e6b3cf,sao paulo,sp,9,9,148.3,98.19,3,2.56,0.3984,0.3333,0.6667,Mid Volume,Fair,58.94,High Risk
913fd0ebba70bb919f7254a02239173c,blumenau,sc,1,1,159.9,19.22,0,1.0,0.1073,0.0,1.0,Low Volume,Poor,60.0,High Risk
b2eecf5ea250510da76590ca79d60e5d,sao paulo,sp,11,9,1060.0,153.15,0,5.0,0.1262,0.0,1.0,Mid Volume,Excellent,100.0,Low Risk
1c742ac33582852aaf3bcfbf5893abcf,belo horizonte,mg,1,1,97.9,15.79,0,5.0,0.1389,0.0,1.0,Low Volume,Excellent,100.0,Low Risk
8f2ce03f928b567e3d56181ae20ae952,pirituba,sp,175,153,21712.9,3837.11,21,4.06,0.1502,0.1373,0.8627,High Volume,Good,83.73,Low Risk
4d9fea3499bdc22aa4da4e339365f215,sao paulo,sp,2,2,192.54000000000002,30.2,0,5.0,0.1356,0.0,1.0,Low Volume,Excellent,100.0,Low Risk
d4e12e7884759a14fa0f5f896c791cae,sao paulo,sp,32,29,1400.0,439.67,2,4.62,0.239,0.069,0.931,High Volume,Excellent,92.75,Low Risk
e24fc9fcd865784fb25705606fe3dfe7,braganca paulista,sp,56,52,12936.0,1030.71,4,4.2,0.0738,0.0769,0.9231,High Volume,Good,88.16,Low Risk
5882f40daf39bc2a465e0cb453ddc222,sao paulo,sp,1,1,640.0,58.9,0,2.0,0.0843,0.0,1.0,Low Volume,Poor,70.0,Moderate Risk
26e2c91ef821e1ff8985f408788fe35b,ibitinga,sp,14,12,1649.4,274.47,5,3.0,0.1427,0.4167,0.5833,Mid Volume,Fair,59.17,High Risk
53336f97ddbe53e2a617d07b17447b95,sao paulo,sp,1,1,599.5,75.33,0,5.0,0.1116,0.0,1.0,Low Volume,Excellent,100.0,Low Risk
fec8cd45395b3cb0c2b173d7739706a1,jambeiro,sp,4,4,1280.0,96.94,0,3.75,0.0704,0.0,1.0,Mid Volume,Good,87.5,Low Risk
e116c7455dd26a4d8c3e92532583905f,sao paulo,sp,2,1,36.76,14.78,0,4.0,0.2868,0.0,1.0,Low Volume,Good,90.0,Low Risk
900ba814c251a692506d7834c1218441,salto,sp,88,88,29099.690000000002,2368.25,12,4.19,0.0753,0.1364,0.8636,High Volume,Good,85.08,Low Risk
afe0067131b73e40875c9b6c10bd2e21,lagoa da prata,mg,46,46,5130.400000000001,1125.45,2,4.2,0.1799,0.0435,0.9565,High Volume,Good,89.83,Low Risk
542917da124346b47ea1ac79a93ce454,curitiba,pr,20,20,1303.9,363.18,1,4.15,0.2179,0.05,0.95,High Volume,Good,89.0,Low Risk
35b96509602ec4b7da831b5cd73ff2c2,sao leopoldo,rs,2,2,558.9,47.55,0,4.5,0.0784,0.0,1.0,Low Volume,Excellent,95.0,Low Risk
4a23adac87cf538689fa600d976f78b2,sao paulo,sp,3,3,405.0,35.41,0,4.33,0.0804,0.0,1.0,Mid Volume,Excellent,93.3,Low Risk
85cc55e048b6bcc90c75afe7f0e72f72,barra mansa,rj,9,9,308.28,193.48,2,4.44,0.3856,0.2222,0.7778,Mid Volume,Excellent,83.29,Low Risk
2009a095de2a2a41626f6c6d7722678d,sao jose do rio preto,sp,12,8,388.89,193.54,0,3.92,0.3323,0.0,1.0,Mid Volume,Good,89.2,Low Risk
3a52d63a8f9daf5a28f3626d7eb9bd28,aguas claras df,sp,1,1,35.0,17.78,0,1.0,0.3369,0.0,1.0,Low Volume,Poor,60.0,High Risk
e9b6c33b71b67737693b4cfa68341c8d,sao paulo,sp,1,1,119.9,21.49,0,4.0,0.152,0.0,1.0,Low Volume,Good,90.0,Low Risk
c458e2045a8aa8964f8879af03fdcce6,sao caetano do sul,sp,9,4,494.91,196.79,0,3.11,0.2845,0.0,1.0,Mid Volume,Fair,81.1,Low Risk
6601ee6383e7f452be71929f8de48bbb,ribeirao pretp,sp,2,2,153.6,28.34,0,4.0,0.1558,0.0,1.0,Low Volume,Good,90.0,Low Risk
5a4236931428800e9d9cc04af0987118,sao paulo,sp,3,1,44.97,45.69,0,5.0,0.504,0.0,1.0,Low Volume,Excellent,100.0,Low Risk
258447aad3f7b01e2643c89f64dc5647,cianorte,pr,1,1,51.9,19.55,0,5.0,0.2736,0.0,1.0,Low Volume,Excellent,100.0,Low Risk
8a32e327fe2c1b3511609d81aaf9f042,sao paulo,sp,180,132,6429.01,2363.03,10,3.78,0.2688,0.0758,0.9242,High Volume,Good,84.01,Low Risk
0f519b0d2e5eb2227c93dd25038bfc01,ibitinga,sp,1,1,79.9,23.0,0,5.0,0.2235,0.0,1.0,Low Volume,Excellent,100.0,Low Risk
d7d517afce974cd491b8d52bb5b5b1fc,sao paulo,sp,1,1,89.99,18.73,0,4.0,0.1723,0.0,1.0,Low Volume,Good,90.0,Low Risk
ec5c1d94df153d473b37f880977ae58e,rio de janeiro,sp,3,2,199.67000000000002,84.07,0,1.67,0.2963,0.0,1.0,Low Volume,Poor,66.7,Moderate Risk
31561f325664a8a7aba4c8d0c3a9b3db,sao paulo,sp,38,36,2702.19,627.17,0,4.58,0.1884,0.0,1.0,High Volume,Excellent,95.8,Low Risk
70c4eedec9cb4a85cda2f3f9673557b4,sao paulo,sp,2,2,479.8,32.75,0,5.0,0.0639,0.0,1.0,Low Volume,Excellent,100.0,Low Risk
4fb41dff7c50136976d1a5cf004a42e2,feira de santana,ba,3,3,1230.0,66.77,1,4.0,0.0515,0.3333,0.6667,Mid Volume,Good,73.34,Moderate Risk
d23019c84ffae2d5ef2270367b8605fc,londrina,pr,39,39,29205.1,2749.7400000000002,1,4.41,0.0861,0.0256,0.9744,High Volume,Excellent,92.82,Low Risk
ad8ada0ffa993cb1197d102d9ab21a3e,araguari,mg,2,1,599.8,56.36,0,1.0,0.0859,0.0,1.0,Low Volume,Poor,60.0,High Risk
ce20a2ec1514c25e16f2b5b39bc818f0,sao paulo,sp,7,4,287.0,209.03,0,4.86,0.4214,0.0,1.0,Mid Volume,Excellent,98.6,Low Risk
0f94588695d71662beec8d883ffacf09,florianopolis,sc,1,1,9.0,18.59,0,5.0,0.6738,0.0,1.0,Low Volume,Excellent,100.0,Low Risk
3a79f35a2344ede41af21267f61d5ec6,campinas,sp,1,1,186.0,31.71,0,1.0,0.1457,0.0,1.0,Low Volume,Poor,60.0,High Risk
b586cd24c010a13916af621b0325fbba,rio do sul,sc,7,6,1108.94,263.99,0,3.86,0.1923,0.0,1.0,Mid Volume,Good,88.6,Low Risk
2075d8cd4dd63ff12df0749a5866bb06,curitiba,pr,3,3,184.70000000000002,57.53,0,5.0,0.2375,0.0,1.0,Mid Volume,Excellent,100.0,Low Risk
0d83f8e03188682112cc0d93523705cc,porto alegre,rs,8,4,696.26,124.31,4,2.75,0.1515,1.0,0.0,Mid Volume,Fair,27.5,High Risk
85044848b1b767db2a4a58526adef4b4,osasco,sp,4,4,240.60000000000002,64.91,0,3.25,0.2125,0.0,1.0,Mid Volume,Fair,82.5,Low Risk
c3251e13f1bbda6c74e37c160f991e19,porto ferreira,sp,2,2,437.79999999999995,75.28,0,5.0,0.1467,0.0,1.0,Low Volume,Excellent,100.0,Low Risk
4a1f694197d05fe70026b016a7316b41,pedreira,sp,23,14,907.77,370.98,1,4.39,0.2901,0.0714,0.9286,High Volume,Excellent,90.33,Low Risk
6ebf4eceee4dd9847201c82e77ef8123,rio de janeiro,rj,1,1,59.9,22.13,0,5.0,0.2698,0.0,1.0,Low Volume,Excellent,100.0,Low Risk
0873d9f8f36123f8d910f4760e788cfb,barueri,sp,6,6,7265.59,161.06,2,3.17,0.0217,0.3333,0.6667,Mid Volume,Fair,65.04,Moderate Risk
a44fb5a447105f8469bdf16bf9159f25,porto alegre,rs,19,19,3706.1,586.61,4,4.05,0.1367,0.2105,0.7895,High Volume,Good,79.97,Moderate Risk
dcf3755cefcdc158ad0b7bdde51e871b,cachoeira do sul,rs,3,3,269.70000000000005,89.33,0,4.0,0.2488,0.0,1.0,Mid Volume,Good,90.0,Low Risk
4869f7a5dfa277a7dca6462dcf3b52b2,guariba,sp,1156,1132,229472.63,20168.07,121,4.12,0.0808,0.1069,0.8931,High Volume,Good,85.86,Low Risk
6bb66d9870c2e01c05655c7ed0e7ee13,sao paulo,sp,3,3,269.0,52.02,0,3.67,0.162,0.0,1.0,Mid Volume,Good,86.7,Low Risk
1c5e4e49b9079480255b49d50aac1aa9,santos,sp,12,12,10173.11,889.61,0,4.33,0.0804,0.0,1.0,Mid Volume,Excellent,93.3,Low Risk
6a3139c7bf09ece22a4713d956acbe5e,sao sebastiao da gramasp,sp,1,1,61.9,14.74,0,5.0,0.1923,0.0,1.0,Low Volume,Excellent,100.0,Low Risk
37515688008a7a40ac93e3b2e4ab203f,dracena,sp,240,228,5986.6,3431.1,19,4.08,0.3643,0.0833,0.9167,High Volume,Good,86.64,Low Risk
8fec2e460530482132c436cfb5439925,laranjal paulista,sp,5,3,468.46,80.15,3,3.8,0.1461,1.0,0.0,Mid Volume,Good,38.0,High Risk
1746c1ae87ac63d530c7c943d0ac42e2,santana de parnaiba,sp,1,1,229.9,22.45,0,5.0,0.089,0.0,1.0,Low Volume,Excellent,100.0,Low Risk
afac9f6b0c4e5f0a7ee87e922cd0f873,bauru,sp,1,1,20.99,11.85,0,1.0,0.3608,0.0,1.0,Low Volume,Poor,60.0,High Risk
3be5841cdcc46de4ed3f9116f104b2c5,barueri,sp,4,4,599.6,88.35,0,4.75,0.1284,0.0,1.0,Mid Volume,Excellent,97.5,Low Risk
0249d282d911d23cb8b869ab49c99f53,sao paulo,sp,11,11,393.0,138.88,2,4.27,0.2611,0.1818,0.8182,Mid Volume,Excellent,83.61,Low Risk
23ca5f678e0b3ea6c630b30fa8bf51ea,sao paulo,sp,7,6,183.0,96.39,0,5.0,0.345,0.0,1.0,Mid Volume,Excellent,100.0,Low Risk
5eeb9c756d9780b96283e5a2ac6da334,ribeirao preto,sp,9,9,2471.0,247.74,2,4.22,0.0911,0.2222,0.7778,Mid Volume,Excellent,81.09,Low Risk
25be943a321c8938947bdaabca979a90,sao bernardo do campo,sp,5,5,769.0,138.55,0,3.0,0.1527,0.0,1.0,Mid Volume,Fair,80.0,Moderate Risk
818d28f936e791926d33bcb6ee94ef79,sao paulo,sp,5,5,139.5,77.2,0,4.0,0.3563,0.0,1.0,Mid Volume,Good,90.0,Low Risk
bfd938b22bc99bce1ae60dc602889f52,rio de janeiro,rj,12,6,922.8000000000001,195.46,0,3.08,0.1748,0.0,1.0,Mid Volume,Fair,80.8,Low Risk
c12b92bf1c350f3e6bf88d3596219c86,garca,sp,17,17,4808.78,444.06,1,3.88,0.0845,0.0588,0.9412,High Volume,Good,85.86,Low Risk
97e995629983723d11830a829bc2b246,lorena,sp,5,5,499.5,99.37,0,4.8,0.1659,0.0,1.0,Mid Volume,Excellent,98.0,Low Risk
ffa6adafb71b807dc13159e26431354c,londrina,pr,18,18,2669.9,537.08,0,3.78,0.1675,0.0,1.0,High Volume,Good,87.8,Low Risk
080102cd0a76b09e0dcf55fcacc60e05,belo horizonte,mg,130,124,5716.78,2195.93,5,4.49,0.2775,0.0403,0.9597,High Volume,Excellent,92.88,Low Risk
5a6a02f419701fc8c605af71d4fc57a4,americana,sp,11,10,600.5,113.91,1,4.82,0.1594,0.1,0.9,Mid Volume,Excellent,93.2,Low Risk
94b9108d4b637ba65bb4f1e53cfcf8d8,guarulhos,sp,8,7,234.95999999999998,99.13,1,4.5,0.2967,0.1429,0.8571,Mid Volume,Excellent,87.85,Low Risk
0fe2d9733ed841eb064503920015a8c0,ourinhos,sp,3,3,389.64,108.71000000000001,0,4.67,0.2181,0.0,1.0,Mid Volume,Excellent,96.7,Low Risk
154bdf805377afea75a3bd158e9eab10,ibitinga,sp,1,1,89.9,19.82,1,1.0,0.1806,1.0,0.0,Low Volume,Poor,10.0,High Risk
b2ac621f0d0322434d04a12b078b9369,curitiba,pr,30,30,9575.5,781.39,3,4.4,0.0754,0.1,0.9,High Volume,Excellent,89.0,Low Risk
9c54608f0996c32ae4743089d915f845,loanda,pr,3,3,194.8,109.92,0,4.0,0.3607,0.0,1.0,Mid Volume,Good,90.0,Low Risk
17306570e772e7718c92a562d33f5f1d,bariri,sp,32,29,9669.8,930.83,2,3.62,0.0878,0.069,0.931,High Volume,Good,82.75,Low Risk
244c2f1bff6afe1f2eaf9bfe9b2aed38,mogi das cruzes,sp,27,23,2580.0,1214.87,4,3.81,0.3201,0.1739,0.8261,High Volume,Good,79.4,Moderate Risk
71039d19d4303bf9054d69e9a9236699,sao paulo,sp,38,35,3537.2,621.45,9,3.68,0.1494,0.2571,0.7429,High Volume,Good,73.94,Moderate Risk
54065e9aef7e9e9c2dc23b7594db021a,rio de janeiro,rj,14,14,8003.0,280.43,0,3.86,0.0339,0.0,1.0,High Volume,Good,88.6,Low Risk
7ad41305e96a6cab8294cd65891e9a86,rio bonito,sp,2,2,180.0,57.6,0,5.0,0.2424,0.0,1.0,Low Volume,Excellent,100.0,Low Risk
25e47381a6c510ddeb36084e33b89f0c,praia grande,sp,17,16,1289.6000000000001,282.11,0,4.06,0.1795,0.0,1.0,High Volume,Good,90.6,Low Risk
4d6d651bd7684af3fffabd5f08d12e5a,jau,sp,395,369,43587.4,7898.91,15,4.17,0.1534,0.0407,0.9593,High Volume,Good,89.66,Low Risk
24a6daf925d9d591870a66660416de31,robeirao preto,sp,2,2,60.0,30.08,0,4.5,0.3339,0.0,1.0,Low Volume,Excellent,95.0,Low Risk
f0563bacf40c311f1c4d3d6b67b8a7a7,tubarao,sc,1,1,1199.0,28.78,0,1.0,0.0234,0.0,1.0,Low Volume,Poor,60.0,High Risk
b76dba6c951ab00dc4edf0a1aa88037e,sao paulo,sp,169,159,2574.7799999999997,2307.1,5,4.15,0.4726,0.0314,0.9686,High Volume,Good,89.93,Low Risk
1bc2e21de46adfea6b98cc96b00f3b40,joinville,sc,5,3,1039.95,102.60000000000001,0,3.6,0.0898,0.0,1.0,Mid Volume,Good,86.0,Low Risk
b1204cfda1d4948679db3cfc0d3cb95c,guarulhos,sp,11,7,2903.7,174.45,0,3.27,0.0567,0.0,1.0,Mid Volume,Fair,82.7,Low Risk
b4ffb71f0cb1b1c3d63fad021ecf93e1,sao paulo,sp,165,144,6656.09,2519.98,4,4.02,0.2746,0.0278,0.9722,High Volume,Good,88.81,Low Risk
165b1235e9e9942cb5fae67103576fb0,ribeirao preto,sp,16,11,2085.15,404.65,1,4.31,0.1625,0.0909,0.9091,Mid Volume,Excellent,88.56,Low Risk
8eb88b0acb3f90a717ad659221471fa7,cacador,sc,2,2,119.8,40.87,0,4.5,0.2544,0.0,1.0,Low Volume,Excellent,95.0,Low Risk
9599519be538b98748162a2b48248960,sao paulo,sp,3,1,570.0,60.06,0,1.0,0.0953,0.0,1.0,Low Volume,Poor,60.0,High Risk
0417b067eeab773d2f7061a726dc477f,sao bento do sul,sc,13,13,1859.18,642.57,3,3.92,0.2568,0.2308,0.7692,Mid Volume,Good,77.66,Moderate Risk
c26ba52cf8d2f34915f2f6b7ffa0a3f3,rio de janeiro,rj,4,4,125.96,46.69,0,4.0,0.2704,0.0,1.0,Mid Volume,Good,90.0,Low Risk
e5cbe890e679490127e9a390b46bbd20,sao paulo,sp,2,2,908.99,28.72,0,4.5,0.0306,0.0,1.0,Low Volume,Excellent,95.0,Low Risk
974cf2cb8f4b7add98709c30df02fe10,araraquara,sp,33,33,2982.67,577.01,1,4.06,0.1621,0.0303,0.9697,High Volume,Good,89.08,Low Risk
3c487ae8f8d7542beff5788e2e0aea83,gama,df,33,30,9385.699999999999,719.65,1,3.91,0.0712,0.0333,0.9667,High Volume,Good,87.44,Low Risk
4a3ccda38b2129705f3fb522db62ca31,marilia,sp,78,66,17062.59,1432.34,5,3.72,0.0774,0.0758,0.9242,High Volume,Good,83.41,Low Risk
876182d1918783bbe15233febfbd4926,sao paulo,sp,3,3,120.27,34.730000000000004,0,4.0,0.2241,0.0,1.0,Mid Volume,Good,90.0,Low Risk
33576ec5412fb5905d876f12f33bfde6,curitiba,pr,32,31,2718.0,569.98,1,4.12,0.1734,0.0323,0.9677,High Volume,Good,89.58,Low Risk
5b85809efd0d0e4dea1a9544e1280ed9,presidente prudente,sp,14,12,1804.6000000000001,292.76,0,4.36,0.1396,0.0,1.0,Mid Volume,Excellent,93.6,Low Risk
5566627eab3fe93fd6ee08798226101a,sao jose dos pinhais,pr,5,5,85.5,102.31,0,4.4,0.5448,0.0,1.0,Mid Volume,Excellent,94.0,Low Risk
e504a4e2efaa45cbff7e268a2c58c956,sao pedro,sp,12,11,1188.8000000000002,275.26,3,3.67,0.188,0.2727,0.7273,Mid Volume,Good,73.06,Moderate Risk
056b4ada5bbc2c50cc7842547dda6b51,queimados,rj,66,65,12333.390000000001,1306.02,7,4.12,0.0958,0.1077,0.8923,High Volume,Good,85.82,Low Risk
1e483cc5c76fef08d3ca05f9a8af7d01,sao paulo,sp,11,10,171.99,123.08000000000001,0,4.09,0.4171,0.0,1.0,Mid Volume,Good,90.9,Low Risk
9b1050e85becf3ae99c1cf4934c9bc5d,montes claros,mg,2,2,85.14,30.2,0,2.5,0.2618,0.0,1.0,Low Volume,Poor,75.0,Moderate Risk
b248792ac0b60ec3f93d80af1b4fae47,sao caetano do sul,sp,9,7,454.5,153.85,2,3.78,0.2529,0.2857,0.7143,Mid Volume,Good,73.52,Moderate Risk
34056b8b55c1775a22af2331670a799c,penapolis,sp,78,78,6455.4,1774.49,9,4.0,0.2156,0.1154,0.8846,High Volume,Good,84.23,Low Risk
21d59342ba150175ca2aa4f8faddeca6,itaquaquecetuba,sp,2,2,259.9,74.39,0,4.5,0.2225,0.0,1.0,Low Volume,Excellent,95.0,Low Risk
23c38debaffe4a25a30fdbd9b586a13f,votorantim,sp,46,41,5382.18,834.38,5,4.3,0.1342,0.122,0.878,High Volume,Excellent,86.9,Low Risk
d9c349beabc06aa6ff1c6d68b5e9e22e,sao paulo,sp,1,1,168.1,37.55,0,5.0,0.1826,0.0,1.0,Low Volume,Excellent,100.0,Low Risk
49f8d2ea7b718d0ce587d34207caf2b4,sao bernardo do campo,sp,1,1,149.9,15.36,0,5.0,0.0929,0.0,1.0,Low Volume,Excellent,100.0,Low Risk
bd1d49a326abfa9b1036772e40445430,bauru,sp,13,12,637.7,188.5,1,3.85,0.2282,0.0833,0.9167,Mid Volume,Good,84.34,Low Risk
6861de0f40cacb0602e473c51639f980,curitiba,pr,8,5,674.0,275.73,1,2.62,0.2903,0.2,0.8,Mid Volume,Fair,66.2,Moderate Risk
c9c7905cffc4ef9ff9f113554423e671,itapecerica da serra,sp,139,127,10657.18,2109.53,10,4.16,0.1652,0.0787,0.9213,High Volume,Good,87.66,Low Risk
aa17b35ce4de7b565be3249ba838944f,jundiai,sp,2,2,79.8,34.2,0,4.5,0.3,0.0,1.0,Low Volume,Excellent,95.0,Low Risk
0887a9f087bcd5d9f6642b52f897fc6c,cananeia,sp,12,12,1642.0,220.35,1,4.42,0.1183,0.0833,0.9167,Mid Volume,Excellent,90.04,Low Risk
abc015ebac1d283a323ca9db35ede4b9,ribeirao preto,sp,13,12,1106.8,222.85000000000002,0,4.38,0.1676,0.0,1.0,Mid Volume,Excellent,93.8,Low Risk
00720abe85ba0859807595bbf045a33b,guarulhos,sp,26,13,1007.5,315.98,2,3.65,0.2387,0.1538,0.8462,Mid Volume,Good,78.81,Moderate Risk
75d34ebb1bd0bd7dde40dd507b8169c3,salvador,ba,72,62,15048.28,1431.23,8,3.82,0.0868,0.129,0.871,High Volume,Good,81.75,Low Risk
e5e33c0d8e7e002f398f5dc4cbbb338f,bauru,sp,29,28,6698.7,778.63,2,4.34,0.1041,0.0714,0.9286,High Volume,Excellent,89.83,Low Risk
8f54d64f28a993550aa7943f12572959,ipatinga,mg,16,15,2755.5,377.62,1,3.81,0.1205,0.0667,0.9333,High Volume,Good,84.76,Low Risk
91f5779a8731baca4809fdeade81803f,barra mansa,rj,6,6,1971.46,145.63,0,3.83,0.0688,0.0,1.0,Mid Volume,Good,88.3,Low Risk
13074f016982ff2bd6c58ced8682f000,bento goncalves,rs,15,14,2116.0,995.7,3,3.93,0.32,0.2143,0.7857,High Volume,Good,78.59,Moderate Risk
bec568278124768c474ee90971ca94d1,sao paulo,sp,2,2,219.9,29.16,0,4.5,0.1171,0.0,1.0,Low Volume,Excellent,95.0,Low Risk
534a01cc6df1e034e05c32028a291fa2,jundiai,sp,5,5,235.59,59.86,0,4.4,0.2026,0.0,1.0,Mid Volume,Excellent,94.0,Low Risk
cd3d09fbe6e3e9ff0c0ac0c300e93ae7,nova odessa,sp,12,12,651.04,229.19,1,4.17,0.2604,0.0833,0.9167,Mid Volume,Good,87.54,Low Risk
57e632711dec9ec14ca7546769483e7e,navegantes,sc,65,62,6350.06,1207.98,0,4.45,0.1598,0.0,1.0,High Volume,Excellent,94.5,Low Risk
cb3dd9ce66268c7a3ca7241ac70ab58c,sao paulo,sp,52,50,2879.76,845.95,2,4.17,0.2271,0.04,0.96,High Volume,Good,89.7,Low Risk
094ced053e257ae8cae57205592d6712,ribeirao preto,sp,19,19,1519.2,459.03,0,4.05,0.232,0.0,1.0,High Volume,Good,90.5,Low Risk
9906e7aa42a3c067b7c9a564d01c4320,maringa,pr,16,12,2619.0,496.59999999999997,2,4.06,0.1594,0.1667,0.8333,Mid Volume,Good,82.26,Low Risk
1f1bb1f0859883505541bdd6606193e5,sao paulo,sp,29,27,16040.84,522.03,3,4.31,0.0315,0.1111,0.8889,High Volume,Excellent,87.54,Low Risk
4200ddf1967c5e41e48db62bc6d4b5ac,sao bernardo do campo,sp,42,22,734.8,487.93,1,4.24,0.399,0.0455,0.9545,High Volume,Excellent,90.12,Low Risk
ed9eef5be0992d413d251fadba1a410d,mogi guacu,sp,9,3,404.09999999999997,143.24,0,4.56,0.2617,0.0,1.0,Mid Volume,Excellent,95.6,Low Risk
139157dd4daa45c25b0807ffff348363,sao paulo,sp,1,1,29.9,7.78,0,4.0,0.2065,0.0,1.0,Low Volume,Good,90.0,Low Risk
c1849d4d32d7a6cecd5aa471809d3135,santo andre,sp,3,3,388.98,41.730000000000004,0,4.33,0.0969,0.0,1.0,Mid Volume,Excellent,93.3,Low Risk
64b87978a11c1ea7501a89eabe8c2c1a,presidente bernardes,sp,7,7,489.92999999999995,101.9,0,2.0,0.1722,0.0,1.0,Mid Volume,Poor,70.0,Moderate Risk
33ab10be054370c254ddfcf0a6253422,rio de janeiro,rj,4,4,213.2,52.33,0,5.0,0.1971,0.0,1.0,Mid Volume,Excellent,100.0,Low Risk
bff9deb0ec77d437f3305a79cf25529e,limeira,sp,5,5,161.95,80.78999999999999,0,4.0,0.3328,0.0,1.0,Mid Volume,Good,90.0,Low Risk
3fefda3299e6dfaea3466ef346a3571a,curitiba,pr,1,1,209.0,16.21,0,4.0,0.072,0.0,1.0,Low Volume,Good,90.0,Low Risk
236585a4ddb5fea9fa40233e2249ed91,caxias do sul,rs,11,11,649.53,188.14,1,4.09,0.2246,0.0909,0.9091,Mid Volume,Good,86.35,Low Risk
499ec63c58e51296c9cf57edcfe1c8a8,sao paulo,sp,5,5,365.0,47.93,0,4.8,0.1161,0.0,1.0,Mid Volume,Excellent,98.0,Low Risk
6f83d9e4da896daae20b9b6b2d3ff8d2,pinhalao,pr,11,11,765.19,219.85,0,4.36,0.2232,0.0,1.0,Mid Volume,Excellent,93.6,Low Risk
35ef5aa32949680f627efec3c23e705c,sombrio,sc,5,4,361.59999999999997,156.81,0,3.2,0.3025,0.0,1.0,Mid Volume,Fair,82.0,Low Risk
403aa86912527d730337ffcb0fb096ab,belo horizonte,mg,11,11,8959.89,204.62,0,4.0,0.0223,0.0,1.0,Mid Volume,Good,90.0,Low Risk
ec8463980a4e0ea9f8517aea1ed0c419,florianopolis,sc,8,2,239.2,118.75999999999999,6,5.0,0.3318,3.0,-2.0,Low Volume,Excellent,-50.0,High Risk
c847e075301870dd144a116762eaff9a,uberaba,mg,43,42,15348.7,1112.08,3,4.17,0.0676,0.0714,0.9286,High Volume,Good,88.13,Low Risk
6c77cd583b36a13aacccf2b3ee23e233,marilia,sp,1,1,18.9,12.79,0,5.0,0.4036,0.0,1.0,Low Volume,Excellent,100.0,Low Risk
5ef131ac72773e5b3f6c0d63cf424657,ribeirao preto,sp,11,10,575.79,246.2,0,3.82,0.2995,0.0,1.0,Mid Volume,Good,88.2,Low Risk
6cf476a4ca74498db55cbccdaa9dcfb6,sao paulo,sp,7,6,939.9300000000001,185.57,2,2.71,0.1649,0.3333,0.6667,Mid Volume,Fair,60.44,Moderate Risk
c447f8dd3ed213f291d65ef074a268eb,assis,sp,8,7,655.0,122.22999999999999,0,3.88,0.1573,0.0,1.0,Mid Volume,Good,88.8,Low Risk
4736e9d642ef4257cd7622516931eb51,piracicaba,sp,20,16,1078.8700000000001,370.90000000000003,0,4.15,0.2558,0.0,1.0,High Volume,Good,91.5,Low Risk
a5cba26a62b8b4d0145b68b841e62e7f,campo mourao,pr,55,54,14737.84,1382.82,1,4.53,0.0858,0.0185,0.9815,High Volume,Excellent,94.38,Low Risk
a1bea9970d8f65b240555f99c2214f7f,pinhais,pr,1,1,75.0,27.48,0,3.0,0.2681,0.0,1.0,Low Volume,Fair,80.0,Moderate Risk
1025f0e2d44d7041d6cf58b6550e0bfa,sao paulo,sp,1428,915,138968.55,33892.14,95,3.85,0.1961,0.1038,0.8962,High Volume,Good,83.31,Low Risk
a5dd1946fb63ada8bcaa0c9cd8f11e22,caruaru,pe,7,6,219.62,206.71,0,3.86,0.4849,0.0,1.0,Mid Volume,Good,88.6,Low Risk
c5f7feb04a6a1fb3596322bfc3cf1917,sao caetano do sul,sp,11,11,1720.6,337.86,1,4.27,0.1641,0.0909,0.9091,Mid Volume,Excellent,88.16,Low Risk
c3e1abd72a42fe690fcd89cf5720fe29,mogi guacu,sp,13,13,1798.61,168.97,0,4.46,0.0859,0.0,1.0,Mid Volume,Excellent,94.6,Low Risk
891071be6ba827b591264c90c2ae8a63,sao paulo,sp,98,92,4177.28,1277.07,12,3.7,0.2341,0.1304,0.8696,High Volume,Good,80.48,Low Risk
491a5ada3aa1678414e990262c4bbdc1,sao paulo,sp,2,2,2840.0,33.81,0,3.0,0.0118,0.0,1.0,Low Volume,Fair,80.0,Moderate Risk
84deb808079d1be601c209c1e771b1cc,curitiba,pr,2,2,34.93,23.21,0,5.0,0.3992,0.0,1.0,Low Volume,Excellent,100.0,Low Risk
dd58ee93286b0821565574c570e9e1dc,curitiba,pr,2,2,2948.0,75.31,0,5.0,0.0249,0.0,1.0,Low Volume,Excellent,100.0,Low Risk
9558aa23f77a9e0a0eca83540999f43b,apucarana,pr,2,2,125.7,29.88,0,3.0,0.1921,0.0,1.0,Low Volume,Fair,80.0,Moderate Risk
3c4e0452bff7a2a788179488d3d77032,colombo,pr,36,32,3746.4,606.12,1,3.74,0.1393,0.0312,0.9688,High Volume,Good,85.84,Low Risk
ca5832c6960267b71041f74bb39e8b12,xanxere,sc,1,1,79.9,17.81,1,1.0,0.1823,1.0,0.0,Low Volume,Poor,10.0,High Risk
668bf321538e5072858eaef6087ce027,pinhais,pr,1,1,19.9,8.11,0,5.0,0.2895,0.0,1.0,Low Volume,Excellent,100.0,Low Risk
01266d4c46afa519678d16a8b683d325,curitiba,pr,3,3,90.25,47.230000000000004,0,5.0,0.3435,0.0,1.0,Mid Volume,Excellent,100.0,Low Risk
6c99c983ce3b6ba0ab813e6790e81691,uberlandia,mg,9,9,546.75,205.76,0,3.78,0.2734,0.0,1.0,Mid Volume,Good,87.8,Low Risk
6aa3928696eab49a19a466e665a649fd,nova iguacu,rj,22,18,2075.0,335.68,1,4.55,0.1392,0.0556,0.9444,High Volume,Excellent,92.72,Low Risk
7d81e74a4755b552267cd5e081563028,sao paulo,sp,1,1,32.5,7.49,0,4.0,0.1873,0.0,1.0,Low Volume,Good,90.0,Low Risk
f8d5c7085db9a4ad2b8c1ffbeb2798c8,sao paulo,sp,6,6,263.0,100.41,0,5.0,0.2763,0.0,1.0,Mid Volume,Excellent,100.0,Low Risk
7586919161935337bf6b6d7ff5779648,rio de janeiro,rj,18,11,1664.71,330.22,2,3.17,0.1655,0.1818,0.8182,Mid Volume,Fair,72.61,Moderate Risk
47f55702f598c7c6cc8458b0fbc1c49a,dores de campos,mg,2,2,127.5,35.9,0,5.0,0.2197,0.0,1.0,Low Volume,Excellent,100.0,Low Risk
50a7e551a7b3f8d37cd6e32d8bfbe5ea,sao caetano do sul,sp,1,1,140.0,27.96,0,5.0,0.1665,0.0,1.0,Low Volume,Excellent,100.0,Low Risk
ea1776927851da2532aa70d6a32c095a,sao paulo,sp,3,3,318.8,53.519999999999996,0,2.67,0.1437,0.0,1.0,Mid Volume,Fair,76.7,Moderate Risk
827f8f69dfa529c561901c4f2e0f332f,curitiba,pr,104,91,3408.39,1595.57,6,4.26,0.3189,0.0659,0.9341,High Volume,Excellent,89.3,Low Risk
60ad151920c4f6f3ebbe8cfdf6166779,carapicuiba,sp,2,2,130.0,20.67,0,1.0,0.1372,0.0,1.0,Low Volume,Poor,60.0,High Risk
59fb871bf6f4522a87ba567b42dafecf,sao paulo,sp,128,126,21708.57,2046.19,7,4.21,0.0861,0.0556,0.9444,High Volume,Excellent,89.32,Low Risk
fa74b2f3287d296e9fbd2cc80f2d1cf1,presidente prudente,sp,11,11,2459.89,175.79000000000002,2,2.36,0.0667,0.1818,0.8182,Mid Volume,Poor,64.51,Moderate Risk
52454f90d4c30c016768db02f88c1a74,campinas,sp,5,3,80.5,67.17,0,3.6,0.4549,0.0,1.0,Mid Volume,Good,86.0,Low Risk
a1043bafd471dff536d0c462352beb48,ilicinea,mg,770,718,101901.16,31844.09,37,4.19,0.2381,0.0515,0.9485,High Volume,Good,89.32,Low Risk
3338e7a0710a195872be80e0d2423867,piracicaba,sp,1,1,45.0,20.43,0,1.0,0.3122,0.0,1.0,Low Volume,Poor,60.0,High Risk
8378eb36b6b70c5734e83ad7b8cdc3b7,itajai,sc,13,7,1714.8,241.87,3,3.77,0.1236,0.4286,0.5714,Mid Volume,Good,66.27,Moderate Risk
f7df46c1e0ec44eed5c6726478da4a17,novo hamburgo,rs,3,3,429.70000000000005,57.739999999999995,0,1.0,0.1185,0.0,1.0,Mid Volume,Poor,60.0,High Risk
3fac58ce0ad699020c7944d53c41329c,sao paulo,sp,16,10,1244.95,183.02,0,4.56,0.1282,0.0,1.0,Mid Volume,Excellent,95.6,Low Risk
debe6615cd90cc0c2eac2b8988e1f628,sao paulo,sp,5,5,278.5,95.53,0,4.6,0.2554,0.0,1.0,Mid Volume,Excellent,96.0,Low Risk
baa49d93c8c8841e27400a300f5d74b2,sao jose,sc,6,6,246.39999999999998,88.02,0,4.5,0.2632,0.0,1.0,Mid Volume,Excellent,95.0,Low Risk
5ca5d579b5857ee8709479b1047cecc3,sao paulo,sp,2,2,339.89,23.990000000000002,1,1.0,0.0659,0.5,0.5,Low Volume,Poor,35.0,High Risk
3b872fd4747f01cc56206f2934198618,ibitinga,sp,27,25,2726.7400000000002,1116.37,4,3.89,0.2905,0.16,0.84,High Volume,Good,80.9,Low Risk
a4fc6eadaff1576af888509a53420f6a,sao caetano do sul,sp,1,1,100.86,20.76,0,3.0,0.1707,0.0,1.0,Low Volume,Fair,80.0,Moderate Risk
7402d13c03a7e91366337cd1de471144,cambe,pr,4,4,528.38,131.19,0,3.5,0.1989,0.0,1.0,Mid Volume,Fair,85.0,Low Risk
6e4a902d1054e4e17aa6eab87fac1c75,sorocaba,sp,8,7,586.57,109.13,1,4.25,0.1569,0.1429,0.8571,Mid Volume,Excellent,85.35,Low Risk
ff82e8873fba613f2261a9acc896fd84,itabira,mg,4,4,124.6,58.93,0,3.5,0.3211,0.0,1.0,Mid Volume,Fair,85.0,Low Risk
92eb0f42c21942b6552362b9b114707d,sao paulo,sp,365,341,6548.63,4944.04,16,3.93,0.4302,0.0469,0.9531,High Volume,Good,86.96,Low Risk
f125f3a310c2e5f822d116147de1e474,sao paulo,sp,22,16,2761.4,287.89,2,4.36,0.0944,0.125,0.875,High Volume,Excellent,87.35,Low Risk
72146da5774cabf2632faedcae097a76,marechal candido rondon,pr,6,4,200.94,110.49,1,4.33,0.3548,0.25,0.75,Mid Volume,Excellent,80.8,Low Risk
b9c0ffa92f3ff9a5a3d45ef7213c0842,sao paulo,sp,3,3,490.0,82.17,0,5.0,0.1436,0.0,1.0,Mid Volume,Excellent,100.0,Low Risk
1d139e3a3b14025640d8df1b230aace0,barrinha,sp,2,2,36.49,34.69,0,3.5,0.4874,0.0,1.0,Low Volume,Fair,85.0,Low Risk
883dd81e82754ac2c65e9790a7db8c9a,curitiba,pr,5,5,319.5,74.96000000000001,0,4.4,0.19,0.0,1.0,Mid Volume,Excellent,94.0,Low Risk
09883d9ab71c8fe8a9bfc7fc3075b07e,sao paulo,sp,5,5,329.5,76.67,1,3.4,0.1888,0.2,0.8,Mid Volume,Fair,74.0,Moderate Risk
2f1e7b90e01d9f086cbcb301c0c3d406,blumenau,sc,1,1,59.0,12.66,0,5.0,0.1767,0.0,1.0,Low Volume,Excellent,100.0,Low Risk
6bbcb8924baf70b7fe2fe2097e8cd407,blumenau,sc,11,10,2382.5,264.33,0,4.55,0.0999,0.0,1.0,Mid Volume,Excellent,95.5,Low Risk
8e4f041ff58e7845456d3482524014b3,porto alegre,rs,2,2,133.8,48.59,1,3.0,0.2664,0.5,0.5,Low Volume,Fair,55.0,High Risk
0ec28cec4046a4a199b6de9b4c891d97,goiania,go,4,3,296.6,56.04,0,5.0,0.1589,0.0,1.0,Mid Volume,Excellent,100.0,Low Risk
5debea795b07621e1f90532e18f96145,apucarana,pr,33,25,1883.78,504.35,0,4.27,0.2112,0.0,1.0,High Volume,Excellent,92.7,Low Risk
2709af9587499e95e803a6498a5a56e9,sao paulo,sp,47,26,1279.56,579.46,23,2.57,0.3117,0.8846,0.1154,High Volume,Fair,31.47,High Risk
bd43e172d599bed47a85da877172ca8c,sao bento do sul,sc,1,1,23.92,18.27,0,5.0,0.433,0.0,1.0,Low Volume,Excellent,100.0,Low Risk
725c32fa80c2faacc4fc88450d27314e,sao paulo,sp,93,89,7838.88,1327.78,1,4.54,0.1448,0.0112,0.9888,High Volume,Excellent,94.84,Low Risk
850913d59ce317156b00f3705f1c3edb,atibaia,sp,34,32,2690.0,580.96,5,3.35,0.1776,0.1562,0.8438,High Volume,Fair,75.69,Moderate Risk
7354220fb240bde543b3c40c060d41e7,brasilia,df,7,7,672.0,165.13,0,4.57,0.1973,0.0,1.0,Mid Volume,Excellent,95.7,Low Risk
e8b3a3a38279a82f0e5d006d5e5b7d2c,jussara,pr,92,87,13154.7,1761.69,3,3.73,0.1181,0.0345,0.9655,High Volume,Good,85.57,Low Risk
b17b679f4f5ce2e03ce6968c62648246,ribeirao preto,sp,57,55,4084.75,1076.07,8,3.61,0.2085,0.1455,0.8545,High Volume,Good,78.82,Moderate Risk
43a1d4bab73b816e44ef4e4facd9f9b5,maringa,pr,1,1,189.9,15.5,0,4.0,0.0755,0.0,1.0,Low Volume,Good,90.0,Low Risk
dd264199fc8b687ad029de7de6d760e6,cascavel,pr,1,1,87.9,20.7,0,5.0,0.1906,0.0,1.0,Low Volume,Excellent,100.0,Low Risk
67225bff54a172ff67579aaf583efd78,marechal candido rondon,pa,8,8,1238.0,155.10999999999999,0,4.5,0.1113,0.0,1.0,Mid Volume,Excellent,95.0,Low Risk
baeda7047354773262ba2405f97038ba,americana,sp,1,1,35.0,15.1,0,5.0,0.3014,0.0,1.0,Low Volume,Excellent,100.0,Low Risk
167fd940acebc789debd6eb418c46e38,franca,sp,5,5,1077.58,100.9,1,3.0,0.0856,0.2,0.8,Mid Volume,Fair,70.0,Moderate Risk
4ef4c39cf3c24f326434cf0b2e48046a,sao paulo,sp,9,8,891.0,126.17,1,3.56,0.124,0.125,0.875,Mid Volume,Good,79.35,Moderate Risk
ce616e1913288884e7742faac9d981db,cotia,sp,24,15,365.1,274.93,1,4.67,0.4296,0.0667,0.9333,High Volume,Excellent,93.36,Low Risk
a1474fd46fd3430168f7ec202da39408,pinhais,sp,14,12,2752.5,661.02,2,4.43,0.1936,0.1667,0.8333,Mid Volume,Excellent,85.96,Low Risk
1b61fb1f0f2185d89e9a126c498e9cc7,maringa,pr,1,1,49.7,16.11,0,5.0,0.2448,0.0,1.0,Low Volume,Excellent,100.0,Low Risk
2ff6b7bff164ef05590a52734e1296da,londrina,pr,7,7,1803.59,151.53,0,4.71,0.0775,0.0,1.0,Mid Volume,Excellent,97.1,Low Risk
e4253cef933647000a82ff39c67b7bde,sao paulo,sp,2,2,68.0,40.73,0,2.0,0.3746,0.0,1.0,Low Volume,Poor,70.0,Moderate Risk
3a3c180dd702a725bd0ba4117689239e,uniao da vitoria,pr,1,1,41.9,35.48,0,4.0,0.4585,0.0,1.0,Low Volume,Good,90.0,Low Risk
bce6a5ecf98e99fd2a8868b15c51f04b,guarulhos,sp,15,14,3464.9,241.60000000000002,2,4.13,0.0652,0.1429,0.8571,High Volume,Good,84.16,Low Risk
ea65d8b58316a6f2362f2a9e4b3e86ad,campinas,sp,16,9,2061.4,230.82,0,3.19,0.1007,0.0,1.0,Mid Volume,Fair,81.9,Low Risk
686886775c8f6b1191c7b953fb52708c,pedreira,sp,1,1,189.0,13.62,0,5.0,0.0672,0.0,1.0,Low Volume,Excellent,100.0,Low Risk
0a85ebe4e328db81ac9109781205e2f7,jundiai,sp,12,12,667.9,137.75,1,4.58,0.171,0.0833,0.9167,Mid Volume,Excellent,91.64,Low Risk
1660ad786c27fd935378b6192a90b417,sao bernardo do campo,sp,13,12,1570.0,248.28,1,4.62,0.1365,0.0833,0.9167,Mid Volume,Excellent,92.04,Low Risk
0db783cfcd3b73998abc6e10e59a102f,santos,sp,137,132,9077.4,1999.1499999999999,5,4.21,0.1805,0.0379,0.9621,High Volume,Excellent,90.2,Low Risk
52f9db5cfb423382a2fa5c9e39303202,echapora,sp,23,22,1269.77,358.77,0,4.17,0.2203,0.0,1.0,High Volume,Good,91.7,Low Risk
f307937c1bb287c3efc2a514b94b0d1d,araxa,mg,1,1,189.99,26.61,0,5.0,0.1229,0.0,1.0,Low Volume,Excellent,100.0,Low Risk
e88f7a2995ba184710d339c5c4bf2e30,votuporanga,sp,2,2,251.6,35.91,0,5.0,0.1249,0.0,1.0,Low Volume,Excellent,100.0,Low Risk
b76a1f8356322f12529c37b67d5c96c2,santos,sp,5,5,298.5,56.39,0,4.8,0.1589,0.0,1.0,Mid Volume,Excellent,98.0,Low Risk
4aba6a02a788d3ec81c03137144d9a80,canoinhas,sc,1,1,89.9,15.38,0,5.0,0.1461,0.0,1.0,Low Volume,Excellent,100.0,Low Risk
9449f25aeaf531019b76999ea49a6949,rio de janeiro,rj,10,10,2046.45,179.39,2,4.0,0.0806,0.2,0.8,Mid Volume,Good,80.0,Moderate Risk
431af27f296bc6519d890aa5a05fdb11,ribeirao preto,sp,125,117,13109.5,2141.35,17,3.77,0.1404,0.1453,0.8547,High Volume,Good,80.44,Low Risk
53088c75f948b48a7ece173ac17f0c12,triunfo,rs,3,3,261.70000000000005,54.53,0,5.0,0.1724,0.0,1.0,Mid Volume,Excellent,100.0,Low Risk
0f80a40c312b2472dca482cf50f5186f,lencois paulista,sp,1,1,129.9,20.1,0,3.0,0.134,0.0,1.0,Low Volume,Fair,80.0,Moderate Risk
544863df86ed3b78a04e0820d41430ee,serra,es,1,1,23.9,15.27,0,5.0,0.3898,0.0,1.0,Low Volume,Excellent,100.0,Low Risk
78ef7e885d17f35e2382a47aae8b8cce,santa cruz do sul,rs,3,3,388.0,65.44,0,4.67,0.1443,0.0,1.0,Mid Volume,Excellent,96.7,Low Risk
0be8ff43f22e456b4e0371b2245e4d01,sao paulo,sp,180,161,11805.5,2579.15,11,3.89,0.1793,0.0683,0.9317,High Volume,Good,85.48,Low Risk
1835b56ce799e6a4dc4eddc053f04066,ibitinga,sp,558,423,33344.21,8741.95,49,3.59,0.2077,0.1158,0.8842,High Volume,Good,80.11,Low Risk
2e13c71026e1a39ba5cc1b86dcb679aa,sao paulo,sp,28,24,3793.0,517.21,1,4.25,0.12,0.0417,0.9583,High Volume,Excellent,90.42,Low Risk
0af2ab31141893d26aca5a404a537dab,sao paulo,sp,1,1,59.0,15.51,0,5.0,0.2082,0.0,1.0,Low Volume,Excellent,100.0,Low Risk
13d058e4eeac2ce8217660b2f8a05812,osasco,sp,23,23,3829.77,926.11,2,4.22,0.1947,0.087,0.913,High Volume,Excellent,87.85,Low Risk
e00d85ce20ea50c1224c66ca5050527d,osasco,sp,1,1,149.0,8.3,0,4.0,0.0528,0.0,1.0,Low Volume,Good,90.0,Low Risk
e48b04bf1aa1ef711caebeb7aede6180,curitiba,pr,25,25,3187.1000000000004,645.63,0,4.48,0.1685,0.0,1.0,High Volume,Excellent,94.8,Low Risk
f67efa3f0b6761102a7f8c6b7b571f5d,curitiba,pr,32,31,5188.68,841.49,0,4.44,0.1395,0.0,1.0,High Volume,Excellent,94.4,Low Risk
c273175f7c6c80fb02f051e2fc6d0d72,sao paulo,sp,14,14,1188.23,255.22,1,3.79,0.1768,0.0714,0.9286,High Volume,Good,84.33,Low Risk
382229d1e840115ffe3dbf5ff460e417,rio de janeiro,rj,49,46,4096.96,869.66,3,4.27,0.1751,0.0652,0.9348,High Volume,Excellent,89.44,Low Risk
f09b760d23495ac9a7e00d29b769007c,catanduva,sp,1,1,21.9,17.19,0,4.0,0.4398,0.0,1.0,Low Volume,Good,90.0,Low Risk
5c243662ce92d84573bfaff24c3e3700,sao paulo,sp,100,98,32862.02,1775.64,1,4.13,0.0513,0.0102,0.9898,High Volume,Good,90.79,Low Risk
38874e327ce94d11390b96eb42d61928,itaquaquecetuba,sp,6,6,3779.94,378.49,1,4.0,0.091,0.1667,0.8333,Mid Volume,Good,81.66,Low Risk
ab3e0c171fe84a7ba7de130f19cfb485,colorado,pr,10,7,863.42,172.28,2,3.2,0.1663,0.2857,0.7143,Mid Volume,Fair,67.72,Moderate Risk
85e7c62c1d6ea078c3897424f867a7c8,itapema,sc,2,2,60.0,27.7,0,4.5,0.3158,0.0,1.0,Low Volume,Excellent,95.0,Low Risk
262237171f48e85819065498cac80d7b,brusque,sc,10,4,599.0,150.0,0,4.3,0.2003,0.0,1.0,Mid Volume,Excellent,93.0,Low Risk
fd386aa7bed2af3c7035c65506c9b4a3,sao paulo,sp,76,69,2304.15,1012.02,8,4.36,0.3052,0.1159,0.8841,High Volume,Excellent,87.8,Low Risk
b2f4d63c7203f539a78252565ca32257,armacao dos buzios,rj,1,1,14.9,20.84,0,5.0,0.5831,0.0,1.0,Low Volume,Excellent,100.0,Low Risk
dd5450b022b2d00a2145a66331e1aef6,joinville,sc,1,1,59.0,22.34,0,5.0,0.2746,0.0,1.0,Low Volume,Excellent,100.0,Low Risk
ff4e2d38692ce827b1a4f4b8196e680d,sao paulo,sp,11,11,518.9,150.28,0,4.27,0.2246,0.0,1.0,Mid Volume,Excellent,92.7,Low Risk
7963e546f34e098b578f9ad102494601,sao paulo,sp,1,1,60.99,21.23,0,5.0,0.2582,0.0,1.0,Low Volume,Excellent,100.0,Low Risk
1588ac4010787100dddef64568f0ae35,maringa,pr,3,3,599.97,46.0,0,3.0,0.0712,0.0,1.0,Mid Volume,Fair,80.0,Moderate Risk
41c2bad7229b0c25e6becf179ebf63ff,natal,rn,23,20,782.0,189.92,0,4.96,0.1954,0.0,1.0,High Volume,Excellent,99.6,Low Risk
8b655f0855926bcb49f5835d38dfddf6,osasco,sp,5,5,1089.5,73.31,0,4.8,0.063,0.0,1.0,Mid Volume,Excellent,98.0,Low Risk
a213f1bd6458f4a158f3746cb2514559,maringa,pr,1,1,41.52,14.43,0,5.0,0.2579,0.0,1.0,Low Volume,Excellent,100.0,Low Risk
1b7e5006cb25dd23ce8686691013b121,sao paulo,sp,11,11,2636.74,149.22,2,4.36,0.0536,0.1818,0.8182,Mid Volume,Excellent,84.51,Low Risk
4559697a8f7e637227c2eeaed843baff,presidente prudente,sp,42,42,3696.0,778.27,3,4.05,0.1739,0.0714,0.9286,High Volume,Good,86.93,Low Risk
4867209cb29b56b92893d7bde3ce8012,jau,sp,1,1,150.0,19.15,0,4.0,0.1132,0.0,1.0,Low Volume,Good,90.0,Low Risk
19a7c9f66ffa6452ff4b4c0cca71da27,itaipulandia,pr,1,1,279.0,59.74,0,5.0,0.1764,0.0,1.0,Low Volume,Excellent,100.0,Low Risk
6fa9202c10491e472dffd59a3e82b2a3,sorocaba,sp,3,3,7014.24,925.01,0,4.33,0.1165,0.0,1.0,Mid Volume,Excellent,93.3,Low Risk
20d53aad4fe5ee93a64f8839609d3586,santa rita do sapucai,mg,2,2,51.9,34.54,1,2.5,0.3996,0.5,0.5,Low Volume,Poor,50.0,High Risk
42fa4ee7240e9b8eb4576358ec142ba7,caxias do sul,rs,22,22,3845.7,518.77,0,4.81,0.1189,0.0,1.0,High Volume,Excellent,98.1,Low Risk
c8660dcf9ba70575f45d80fe28c27713,sao paulo,sp,7,4,335.0,103.99,1,4.71,0.2369,0.25,0.75,Mid Volume,Excellent,84.6,Low Risk
253c025bab43881055aeecde5e2d8b77,curitiba,pr,2,2,94.82,29.509999999999998,1,4.5,0.2374,0.5,0.5,Low Volume,Excellent,70.0,Moderate Risk
7ecd59e5e20407131822c1a68ac59c1f,brasilia,df,29,24,1466.71,587.8100000000001,3,4.48,0.2861,0.125,0.875,High Volume,Excellent,88.55,Low Risk
c026ef0d72e9132d9fa112308090c8dc,rio de janeiro,rj,1,1,520.0,37.72,0,4.0,0.0676,0.0,1.0,Low Volume,Good,90.0,Low Risk
0b09101900100c0e9d312861fad5a1b9,sao paulo,sp,1,1,153.75,14.61,0,4.0,0.0868,0.0,1.0,Low Volume,Good,90.0,Low Risk
e8f6dc8e6a1dcde89d20e3995c8d90b3,sao paulo,sp,48,36,2256.34,2051.68,3,3.35,0.4762,0.0833,0.9167,High Volume,Fair,79.34,Moderate Risk
128f9bfbe4c7d5185033914b1de3d39a,atibaia,sp,16,14,1277.29,373.2,1,4.75,0.2261,0.0714,0.9286,High Volume,Excellent,93.93,Low Risk
a09a13f18ed27932d08438aa6f12756e,sapiranga,rs,1,1,29.9,16.11,0,3.0,0.3501,0.0,1.0,Low Volume,Fair,80.0,Moderate Risk
81a1104df0f08b59c68aa5b03cfe398e,sao jose dos pinhais,pr,73,73,9420.880000000001,1814.3899999999999,3,4.27,0.1615,0.0411,0.9589,High Volume,Excellent,90.64,Low Risk
3f84fefc07dc159b268d4a77d3e8c425,fazenda rio grande,pr,3,3,200.6,51.32,0,5.0,0.2037,0.0,1.0,Mid Volume,Excellent,100.0,Low Risk
750303a20e9c56b2a6bc45cdce0b897d,goiania,go,57,54,8085.0,1309.81,2,4.28,0.1394,0.037,0.963,High Volume,Excellent,90.95,Low Risk
f8db351d8c4c4c22c6835c19a46f01b0,salto,sp,724,667,50525.6,12554.2,36,4.22,0.199,0.054,0.946,High Volume,Excellent,89.5,Low Risk
0743a0239d764b9a0f959a57d07e36ab,sao paulo,sp,4,4,336.96,66.26,0,4.75,0.1643,0.0,1.0,Mid Volume,Excellent,97.5,Low Risk
131fcb0a0c9a47bba4474aacff0f14b7,sao paulo,sp,4,4,369.8,36.61,0,4.0,0.0901,0.0,1.0,Mid Volume,Good,90.0,Low Risk
1838dd9b8977065acf51d95e0053ea7a,belo horizonte,mg,67,64,2820.3,1255.58,2,4.24,0.3081,0.0312,0.9688,High Volume,Excellent,90.84,Low Risk
1b8b75e227c9a9c100d0c210fb6176ce,sao paulo,sp,19,19,1914.8300000000002,280.78000000000003,1,3.37,0.1279,0.0526,0.9474,High Volume,Fair,81.07,Low Risk
eb1bf309f4f6af9a97e9ddac3fdbeabe,diadema,sp,1,1,22.3,8.88,0,5.0,0.2848,0.0,1.0,Low Volume,Excellent,100.0,Low Risk
5d378b73ab7dd6f0418d743e5dcb0bd1,sao paulo,sp,7,7,13243.0,393.28,1,3.86,0.0288,0.1429,0.8571,Mid Volume,Good,81.46,Low Risk
39d54ff918774174706fb065d7f9dc07,sao paulo,sp,25,23,1593.59,363.4,2,3.8,0.1857,0.087,0.913,High Volume,Good,83.65,Low Risk
353e21e8bf8de2722b4fae1636664b76,canoas,rs,4,4,208.0,91.89,0,2.5,0.3064,0.0,1.0,Mid Volume,Poor,75.0,Moderate Risk
5b33b527da3c5b969cc99dc435cad09a,paranavai,pr,17,16,1872.79,365.55,1,4.12,0.1633,0.0625,0.9375,High Volume,Good,88.08,Low Risk
c9d2ba8dde44a275ae06475ed1d2fafc,uberlandia,mg,1,1,28.79,14.52,0,5.0,0.3353,0.0,1.0,Low Volume,Excellent,100.0,Low Risk
d149de2f383552baea37a7198c2296ce,sao paulo,sp,3,3,320.70000000000005,33.67,0,5.0,0.095,0.0,1.0,Mid Volume,Excellent,100.0,Low Risk
bf961104a38e01b9062ee026bb657dee,ribeirao preto,sp,4,4,585.56,79.9,0,4.5,0.1201,0.0,1.0,Mid Volume,Excellent,95.0,Low Risk
1ca7077d890b907f89be8c954a02686a,santana de parnaiba,sp,137,115,13341.57,1659.8600000000001,19,2.2,0.1106,0.1652,0.8348,High Volume,Poor,63.74,Moderate Risk
89a51f50b8095ea78d5768f34c13a76f,brasilia,df,11,10,677.16,177.1,0,4.73,0.2073,0.0,1.0,Mid Volume,Excellent,97.3,Low Risk
3a490ba60afa30ece0e7d50cfe74a4f0,belo horizonte,mg,8,8,1529.2,165.87,0,4.62,0.0979,0.0,1.0,Mid Volume,Excellent,96.2,Low Risk
455f46ef09a9e45667e2981df84b5cc2,sorocaba,sp,2,2,59.8,31.18,0,2.5,0.3427,0.0,1.0,Low Volume,Poor,75.0,Moderate Risk
651fe66032c9520ee5587f694908040d,alvorada,rs,7,7,464.0,128.73,0,4.0,0.2172,0.0,1.0,Mid Volume,Good,90.0,Low Risk
6d04126aba80df143fd038e711b8fd96,rio de janeiro,rj,1,1,89.99,18.87,1,1.0,0.1733,1.0,0.0,Low Volume,Poor,10.0,High Risk
3febca52652e7209509ccfe61cbde40e,itaquaquecetuba,sp,2,2,84.0,16.9,0,2.0,0.1675,0.0,1.0,Low Volume,Poor,70.0,Moderate Risk
d566c37fa119d5e66c4e9052e83ee4ea,sao paulo,sp,73,65,5145.7,979.22,0,4.72,0.1599,0.0,1.0,High Volume,Excellent,97.2,Low Risk
62d977e2b2aee830de3e039a28490d12,curitiba,pr,2,2,399.8,32.32,0,1.0,0.0748,0.0,1.0,Low Volume,Poor,60.0,High Risk
010543a62bd80aa422851e79a3bc7540,sao paulo,sp,2,2,1416.0,31.950000000000003,0,4.5,0.0221,0.0,1.0,Low Volume,Excellent,95.0,Low Risk
7178e1eaa97257d8b6d4b80efd77a025,tatui,sp,1,1,167.9,16.81,0,5.0,0.091,0.0,1.0,Low Volume,Excellent,100.0,Low Risk
2199e7fe213c16213bf5d6a7eadc9a5d,registro,sp,31,25,4078.29,569.49,1,4.29,0.1225,0.04,0.96,High Volume,Excellent,90.9,Low Risk
984c273121e743dd14767befe6cb17f5,americana,sp,1,1,259.6,21.31,1,1.0,0.0759,1.0,0.0,Low Volume,Poor,10.0,High Risk
2b3e4a2a3ea8e01938cabda2a3e5cc79,sao paulo,sp,54,52,23629.15,905.95,0,4.39,0.0369,0.0,1.0,High Volume,Excellent,93.9,Low Risk
feb793c88d836c3a75efa4b5a3465d70,sao paulo,sp,1,1,466.0,64.17,0,5.0,0.121,0.0,1.0,Low Volume,Excellent,100.0,Low Risk
e333046ce6517bd8bb510291d44f0130,ipaussu,sp,74,68,7268.0,1431.32,3,4.39,0.1645,0.0441,0.9559,High Volume,Excellent,91.7,Low Risk
5a413ade68e8f8d93071a7f52a64cb9e,sao paulo,sp,14,14,778.9,153.77,1,4.64,0.1649,0.0714,0.9286,High Volume,Excellent,92.83,Low Risk
5a425cc503b39b262a847fd6212bf53b,londrina,pr,15,15,1360.5900000000001,269.51,1,4.21,0.1653,0.0667,0.9333,High Volume,Excellent,88.76,Low Risk
9535a841eecebed61a9fb1ac1cbb5597,sao paulo,sp,2,2,784.9,33.43,0,3.0,0.0409,0.0,1.0,Low Volume,Fair,80.0,Moderate Risk
8f78f0903005064036736c7173a5c2ed,tiradentes,mg,21,13,2113.7000000000003,632.25,0,3.48,0.2302,0.0,1.0,Mid Volume,Fair,84.8,Low Risk
9803a40e82e45418ab7fb84091af5231,rio verde,go,18,11,4278.75,512.63,0,3.11,0.107,0.0,1.0,Mid Volume,Fair,81.1,Low Risk
43b2c864251aa0ce4030c746984e088a,brasilia,df,2,2,94.8,34.52,0,3.0,0.2669,0.0,1.0,Low Volume,Fair,80.0,Moderate Risk
83e197e95a1bbabc8c75e883ed016c47,mage,rj,55,47,6693.6900000000005,986.37,1,4.75,0.1284,0.0213,0.9787,High Volume,Excellent,96.44,Low Risk
17908cf9b444ee34047cadd5c0f4a516,anapolis,go,11,11,1993.99,501.42,1,4.55,0.2009,0.0909,0.9091,Mid Volume,Excellent,90.95,Low Risk
17eea220a40cc0d2c0c5346379682398,sao paulo,sp,4,4,1414.98,98.01,2,3.75,0.0648,0.5,0.5,Mid Volume,Good,62.5,Moderate Risk
270297ead4c65a6cd2593960d2af6b21,sao paulo,sp,20,18,9422.4,546.1,0,3.74,0.0548,0.0,1.0,High Volume,Good,87.4,Low Risk
5f0057b677eb963672bf05dfa3f16c34,sao paulo,sp,5,5,312.88,67.01,0,4.2,0.1764,0.0,1.0,Mid Volume,Good,92.0,Low Risk
8185694b58b2ba6de20fd41ae608bbea,tabao da serra,sp,8,8,1372.3,230.26999999999998,0,4.5,0.1437,0.0,1.0,Mid Volume,Excellent,95.0,Low Risk
17f51e7198701186712e53a39c564617,sao paulo,sp,61,56,48019.0,9793.43,5,4.34,0.1694,0.0893,0.9107,High Volume,Excellent,88.94,Low Risk
2addf05f476d0637864454e93ba673d5,brasilia,df,12,12,4552.0,325.64,0,5.0,0.0668,0.0,1.0,Mid Volume,Excellent,100.0,Low Risk
b67d6c666e8dce1d078c882825e12704,sao paulo,sp,8,7,352.84,104.19,0,4.88,0.228,0.0,1.0,Mid Volume,Excellent,98.8,Low Risk
ead2bab70821ea148476ae9bc08548ac,belo horizonte,mg,9,9,412.1,116.2,0,4.5,0.22,0.0,1.0,Mid Volume,Excellent,95.0,Low Risk
fa14641f57b655e933124a9ea49cd7a5,sao paulo,sp,7,7,359.92999999999995,83.06,0,4.57,0.1875,0.0,1.0,Mid Volume,Excellent,95.7,Low Risk
d1582f4043306e6b91afa6a8a884f898,sao paulo,sp,9,9,990.0,131.92,1,4.11,0.1176,0.1111,0.8889,Mid Volume,Good,85.54,Low Risk
d263fa444c1504a75cbca5cc465f592a,americana,sp,1,1,399.0,45.07,0,5.0,0.1015,0.0,1.0,Low Volume,Excellent,100.0,Low Risk
f35b3c613c4f7b2275f4185d0a3c59ec,sao paulo,sp,9,9,4047.25,167.04,1,4.56,0.0396,0.1111,0.8889,Mid Volume,Excellent,90.04,Low Risk
655220df33262c7e0c4949a147366f94,diadema,sp,15,13,2245.0,681.53,2,4.2,0.2329,0.1538,0.8462,Mid Volume,Good,84.31,Low Risk
ad8b531ae67582f096925cff5630d0d1,castro,pr,3,3,208.35000000000002,67.56,0,3.0,0.2449,0.0,1.0,Mid Volume,Fair,80.0,Moderate Risk
499185655c29ecfdbfe776ef7cf875b5,porto alegre,rs,1,1,89.0,17.33,0,4.0,0.163,0.0,1.0,Low Volume,Good,90.0,Low Risk
44f091b5abab8018f682fce8124b85e5,sao paulo,sp,6,6,1680.1,107.60999999999999,2,2.5,0.0602,0.3333,0.6667,Mid Volume,Poor,58.34,High Risk
7210cd29727d674c00741e5e387b3ccd,sao paulo,sp,13,9,729.0899999999999,145.09,4,3.69,0.166,0.4444,0.5556,Mid Volume,Good,64.68,Moderate Risk
f4ce8ca9fa7157e3b33f536ac9a4487d,penapolis,sp,4,4,409.6,97.53,0,4.75,0.1923,0.0,1.0,Mid Volume,Excellent,97.5,Low Risk
0570350b23eda5444f8d1d9544932058,sao paulo,sp,11,6,626.9,124.86,0,5.0,0.1661,0.0,1.0,Mid Volume,Excellent,100.0,Low Risk
de9727ca376d1be6ec121b110aa7954c,sarandi,pr,12,10,1058.7,211.39,1,3.75,0.1664,0.1,0.9,Mid Volume,Good,82.5,Low Risk
d3891911c2feae53c52fea2bd14054e5,sao paulo,sp,2,2,141.0,25.990000000000002,0,5.0,0.1556,0.0,1.0,Low Volume,Excellent,100.0,Low Risk
70a12e78e608ac31179aea7f8422044b,jacarei,sp,328,315,30858.53,5606.91,30,3.77,0.1538,0.0952,0.9048,High Volume,Good,82.94,Low Risk
2eeb6531ee027a48d401e72bebdd87d3,sao jose dos campos,sp,3,3,38.7,40.0,0,4.33,0.5083,0.0,1.0,Mid Volume,Excellent,93.3,Low Risk
c1ed9e3daf6154542826a6996af0fb8c,itajai,sc,17,9,971.25,329.39,5,4.41,0.2533,0.5556,0.4444,Mid Volume,Excellent,66.32,Moderate Risk
d101c6da914ae3d53f7bee42283f2fe2,sao paulo,sp,16,13,1297.4,260.15,1,3.81,0.167,0.0769,0.9231,High Volume,Good,84.26,Low Risk
a00824eb9093d40e589b940ec45c4eb0,bofete,sp,3,3,9399.97,379.49,0,4.67,0.0388,0.0,1.0,Mid Volume,Excellent,96.7,Low Risk
0015a82c2db000af6aaaf3ae2ecb0532,santo andre,sp,3,3,2685.0,63.06,0,3.67,0.0229,0.0,1.0,Mid Volume,Good,86.7,Low Risk
808d4348b916efa08e766ebad39f61eb,sao paulo,sp,21,21,731.1,283.82,1,4.43,0.2796,0.0476,0.9524,High Volume,Excellent,91.92,Low Risk
fb3cfbc8a86f5d7fbb4d36b8df63f60d,rio de janeiro,rj,15,10,1007.3000000000001,217.76,0,3.13,0.1778,0.0,1.0,Mid Volume,Fair,81.3,Low Risk
80ceebb4ee9b31afb6c6a916a574a1e2,londrina,pr,1,1,6729.0,193.21,1,3.97,0.0279,1.0,0.0,Low Volume,Good,39.7,High Risk
2d2c62bef4c8ba0dd74e0e228e808539,ribeirao preto,sp,16,16,3749.0,481.48,2,4.12,0.1138,0.125,0.875,High Volume,Good,84.95,Low Risk
7c51de0ab286204ce75ff42bf7c10d92,picarras,sc,4,4,759.0,149.64,0,4.5,0.1647,0.0,1.0,Mid Volume,Excellent,95.0,Low Risk
c1d1ebb4745cc43cb6f05e9c8a705c9a,sao paulo,sp,3,3,34.5,42.67,1,2.33,0.5529,0.3333,0.6667,Mid Volume,Poor,56.64,High Risk
8def3db7f272735afb2ecd03aeca09a7,rio de janeiro,rj,2,2,196.0,33.64,0,5.0,0.1465,0.0,1.0,Low Volume,Excellent,100.0,Low Risk
ff063b022a9a0aab91bad2c9088760b7,santo andre,sp,96,94,12076.5,1984.77,3,4.28,0.1412,0.0319,0.9681,High Volume,Excellent,91.21,Low Risk
82bd0703a4aefd6b599e5bfdaed378fb,marilia,sp,24,21,2692.28,392.56,1,3.67,0.1273,0.0476,0.9524,High Volume,Good,84.32,Low Risk
7fe21dd00d2f4943ae09525efa2fd674,rio de janeiro,rj,4,4,299.6,57.36,0,3.0,0.1607,0.0,1.0,Mid Volume,Fair,80.0,Moderate Risk
7ab0dd5487bab2dc835337b244f689fb,sao jose do rio preto,sp,1,1,12.5,10.96,0,5.0,0.4672,0.0,1.0,Low Volume,Excellent,100.0,Low Risk
12a8eb0f8d1cd3270695bf2a99f55966,sao paulo,sp,2,2,397.0,39.67,0,3.5,0.0908,0.0,1.0,Low Volume,Fair,85.0,Low Risk
beadbee30901a7f61d031b6b686095ad,guarulhos,sp,68,64,4373.98,937.54,15,3.94,0.1765,0.2344,0.7656,High Volume,Good,77.68,Moderate Risk
bc39d8938f90a3a2b98193723ed59774,cajamar,sp,2,2,306.8,22.31,0,4.0,0.0678,0.0,1.0,Low Volume,Good,90.0,Low Risk
fd312b6bf05efac6c3772d5b52205d8a,votorantim,sp,4,2,118.69999999999999,45.62,0,5.0,0.2776,0.0,1.0,Low Volume,Excellent,100.0,Low Risk
df683dfda87bf71ac3fc63063fba369d,farroupilha,rs,1,1,39.9,16.05,1,1.0,0.2869,1.0,0.0,Low Volume,Poor,10.0,High Risk
25cf099de44674fde97473224f9d59ab,cotia,sp,50,50,1654.36,705.19,2,4.33,0.2989,0.04,0.96,High Volume,Excellent,91.3,Low Risk
7139dc5186aa238b006e066d8fbab2e4,amparo,sp,24,22,1712.0,535.93,3,4.09,0.2384,0.1364,0.8636,High Volume,Good,84.08,Low Risk
d94a40fd42351c259927028d163af842,baependi,mg,110,101,13823.8,3397.14,3,4.1,0.1973,0.0297,0.9703,High Volume,Good,89.52,Low Risk
406740ee611378a662d274c7d8c43c4a,vitoria,es,10,8,1790.0,182.08,2,4.1,0.0923,0.25,0.75,Mid Volume,Good,78.5,Moderate Risk
6bd503a8230299c9316fb0f726933927,morrinhos,go,5,4,324.28999999999996,129.6,1,4.6,0.2855,0.25,0.75,Mid Volume,Excellent,83.5,Low Risk
6576fd3e23c88f0e5d4d23f39bba0542,taboao da serra,sp,1,1,14.5,10.96,0,1.0,0.4305,0.0,1.0,Low Volume,Poor,60.0,High Risk
0885aaf116795758dfeb5f1032487bcd,ferraz de vasconcelos,sp,30,28,2648.0,514.32,0,4.2,0.1626,0.0,1.0,High Volume,Good,92.0,Low Risk
6288c69c4ce638e59925e59193f98b16,santo andre,sp,22,22,4506.28,306.2,1,3.95,0.0636,0.0455,0.9545,High Volume,Good,87.22,Low Risk
dfc5fb7259bb2b599ca565e6e9448f0f,sao bernardo do campo,sp,34,33,6124.63,721.35,2,4.12,0.1054,0.0606,0.9394,High Volume,Good,88.17,Low Risk
41958cbd3335433c8740300e8cd600d5,sao paulo,sp,1,1,32.99,7.39,0,5.0,0.183,0.0,1.0,Low Volume,Excellent,100.0,Low Risk
3a3e46d10f74d8a6ca76e2b538f106a0,sao paulo,sp,6,3,334.9,75.08,0,4.17,0.1831,0.0,1.0,Mid Volume,Good,91.7,Low Risk
2d2322d842118867781fc737e96d59a1,sao paulo,sp,10,8,176.4,104.97,1,4.9,0.3731,0.125,0.875,Mid Volume,Excellent,92.75,Low Risk
e4fc40017a6d22c46a14ac2e17f87c3e,arapongas,pr,3,3,387.0,275.05,0,2.33,0.4155,0.0,1.0,Mid Volume,Poor,73.3,Moderate Risk
5a9b3bcab695173c820e53934574ae80,salto,sp,1,1,139.0,64.77,0,5.0,0.3179,0.0,1.0,Low Volume,Excellent,100.0,Low Risk
2bf6a2c1e71bbd29a4ad64e6d3c3629f,nova friburgo,rj,31,30,50628.9,1000.59,2,4.19,0.0194,0.0667,0.9333,High Volume,Good,88.56,Low Risk
7c4618c82226628831613e95e9c22f44,sao roque,sp,13,13,333.92999999999995,165.54,1,4.08,0.3314,0.0769,0.9231,High Volume,Good,86.96,Low Risk
06579cb253ecd5a3a12a9e6eb6bf8f47,sao paulo  sp,sp,72,62,4727.2,1499.41,7,3.76,0.2408,0.1129,0.8871,High Volume,Good,81.96,Low Risk
8ab42aa58097fd4668d60cc648225d5f,goiania,go,26,20,2616.75,593.64,0,4.15,0.1849,0.0,1.0,High Volume,Good,91.5,Low Risk
4978a02ea9c8be7a9b5480680f40334e,sao paulo,sp,19,18,2356.61,340.23,0,3.58,0.1262,0.0,1.0,High Volume,Good,85.8,Low Risk
8e29d051f810eb22959ede205b462b9f,mirassol,sp,2,2,599.8,213.48000000000002,1,4.0,0.2625,0.5,0.5,Low Volume,Good,65.0,Moderate Risk
ccb83a794700270fde70898fe9ff368b,sombrio,sc,12,12,11062.0,1723.73,2,4.33,0.1348,0.1667,0.8333,Mid Volume,Excellent,84.96,Low Risk
612a743d294c27884fb7b80d2b19ba35,curitiba,pr,3,2,3057.7000000000003,104.45,0,4.33,0.033,0.0,1.0,Low Volume,Excellent,93.3,Low Risk
cb6c9f5888a7a090c75beaf615925792,vila velha,es,11,11,779.8900000000001,229.08,0,3.82,0.227,0.0,1.0,Mid Volume,Good,88.2,Low Risk
c12d7463a579237ffb9248bd7cff378b,sao paulo,sp,1,1,25.9,8.72,0,4.0,0.2519,0.0,1.0,Low Volume,Good,90.0,Low Risk
fe701d88b67eaca109dffd464d1be9f9,marica,rj,11,11,1548.9,239.04,1,4.0,0.1337,0.0909,0.9091,Mid Volume,Good,85.46,Low Risk
46dc3b2cc0980fb8ec44634e21d2718e,rio de janeiro,rj,542,521,128111.19,11798.5,29,4.18,0.0843,0.0557,0.9443,High Volume,Good,89.02,Low Risk
fedaedd3ca31d56ab33e92035e4b361c,niteroi,rj,1,1,39.9,10.96,0,4.0,0.2155,0.0,1.0,Low Volume,Good,90.0,Low Risk
dbc51f5e45d654ecc16cb68e6817ecea,franca,sp,1,1,199.99,18.14,0,4.0,0.0832,0.0,1.0,Low Volume,Good,90.0,Low Risk
81f89e42267213cb94da7ddc301651da,presidente prudente,sp,52,46,3955.0,766.18,0,3.54,0.1623,0.0,1.0,High Volume,Good,85.4,Low Risk
630008e0f062605a415d694489f6f82e,sao paulo,sp,3,2,105.15,30.35,0,3.0,0.224,0.0,1.0,Low Volume,Fair,80.0,Moderate Risk
58f1a6197ed863543e0136bdedb3fce2,conselheiro lafaiete,mg,45,44,6833.0,1070.69,1,4.16,0.1355,0.0227,0.9773,High Volume,Good,90.46,Low Risk
df56d7b40d437f88407c5f78b63bc328,cascavel,pr,25,22,2791.28,460.21999999999997,1,3.88,0.1415,0.0455,0.9545,High Volume,Good,86.52,Low Risk
165fc07beebdcb6190fba8a06db2a449,maringa,pr,64,50,17481.4,1600.03,6,3.69,0.0839,0.12,0.88,High Volume,Good,80.9,Low Risk
0691148aee60ca47977c187804f935ae,londrina,pr,53,47,5868.51,1490.94,2,3.99,0.2026,0.0426,0.9574,High Volume,Good,87.77,Low Risk
cac876b37d3abcd6bd76caca30277996,cascavel,pr,33,27,2229.77,729.02,0,4.56,0.2464,0.0,1.0,High Volume,Excellent,95.6,Low Risk
9ac4f14370b1e24ddc58be041b7f99df,jaragua,go,5,5,314.51,122.14,0,4.4,0.2797,0.0,1.0,Mid Volume,Excellent,94.0,Low Risk
70eea00b476a314817cefde4aad4f89a,itatiba,sp,114,108,31994.649999999998,2769.52,7,4.35,0.0797,0.0648,0.9352,High Volume,Excellent,90.26,Low Risk
282c7480173bb9c01dd41cc739fec010,sao paulo,sp,8,5,4274.2,192.11,1,4.43,0.043,0.2,0.8,Mid Volume,Excellent,84.3,Low Risk
c840d3fdbba0790404fdae73d253b253,curitiba,pr,14,9,4522.28,359.65,0,3.93,0.0737,0.0,1.0,Mid Volume,Good,89.3,Low Risk
4f40d2ed38d1cc945364a7cd202a82c7,sao paulo,sp,1,1,319.9,16.99,0,1.0,0.0504,0.0,1.0,Low Volume,Poor,60.0,High Risk
9cad4b68bb993ee401a3c5aaa2bc26dd,birigui,sp,7,5,649.3000000000001,114.03,1,3.43,0.1494,0.2,0.8,Mid Volume,Fair,74.3,Moderate Risk
dbbcfe2c8d026742134ac3e28ccde274,curitiba,pr,4,4,308.59000000000003,54.379999999999995,0,4.0,0.1498,0.0,1.0,Mid Volume,Good,90.0,Low Risk
2fdde51ad3e12f297da656d4fbd5d0b5,joinville,sc,10,10,6252.0,622.14,0,4.7,0.0905,0.0,1.0,Mid Volume,Excellent,97.0,Low Risk
7040e82f899a04d1b434b795a43b4617,sao paulo,sp,228,212,9738.2,3217.78,16,3.53,0.2484,0.0755,0.9245,High Volume,Good,81.53,Low Risk
83a75eea11694e36e56dd0cb2240229a,amparo,sp,3,3,487.0,42.47,0,5.0,0.0802,0.0,1.0,Mid Volume,Excellent,100.0,Low Risk
a1544b9ea0b2390e020537d4daa89049,jundiai,sp,8,8,841.2,107.33,0,3.88,0.1132,0.0,1.0,Mid Volume,Good,88.8,Low Risk
b8a0adc91af209270c2c725168eb00fd,ibitinga,sp,6,6,281.4,107.09,0,4.0,0.2757,0.0,1.0,Mid Volume,Good,90.0,Low Risk
20b54c376b794ed028df09a3cd88e8dc,sao caetano do sul,sp,11,11,1342.95,163.6,2,3.0,0.1086,0.1818,0.8182,Mid Volume,Fair,70.91,Moderate Risk
5415337f1863452476d42d9f14a16a61,belo horizonte,mg,1,1,44.9,23.45,0,3.0,0.3431,0.0,1.0,Low Volume,Fair,80.0,Moderate Risk
e0482f2c769468c3bbcd8a01e09d98c5,sao paulo,sp,1,1,189.0,45.4,0,4.0,0.1937,0.0,1.0,Low Volume,Good,90.0,Low Risk
3fe7120d6257285ac6a3ce7cb071ccec,governador valadares,mg,2,2,199.98,28.28,0,3.5,0.1239,0.0,1.0,Low Volume,Fair,85.0,Low Risk
7daca0837f033a41a6f3428c18657533,tanabi,sp,7,7,1228.98,168.16,2,3.57,0.1204,0.2857,0.7143,Mid Volume,Good,71.41,Moderate Risk
d66c305afaec317ebee552073a674429,ribeirao das neves,mg,47,41,4886.46,1199.24,1,4.4,0.1971,0.0244,0.9756,High Volume,Excellent,92.78,Low Risk
a5ff20ff766e7f50bd5066f33da14413,sao paulo,sp,4,2,66.59,43.58,0,3.0,0.3956,0.0,1.0,Low Volume,Fair,80.0,Moderate Risk
adbe70ab2c97442046d393988c8d1d27,maua,sp,5,5,289.5,65.15,0,5.0,0.1837,0.0,1.0,Mid Volume,Excellent,100.0,Low Risk
74c7dec0a384d8a05950e629bd23bde9,mogi guacu,sp,5,5,187.68,61.199999999999996,0,3.6,0.2459,0.0,1.0,Mid Volume,Good,86.0,Low Risk
42bde9fef835393bb8a8849cb6b7f245,brasilia,df,40,35,7703.0,784.84,1,4.2,0.0925,0.0286,0.9714,High Volume,Good,90.57,Low Risk
89bc797e2e29667aa035d4368f9b7f92,sao paulo,sp,20,17,407.3,252.15,3,3.75,0.3824,0.1765,0.8235,High Volume,Good,78.68,Moderate Risk
f9eedec3129e8cc6b6429c42d0808c5b,rio de janeiro rio de janeiro brasil,rj,2,2,789.8,43.35,0,4.5,0.052,0.0,1.0,Low Volume,Excellent,95.0,Low Risk
66922902710d126a0e7d26b0e3805106,belo horizonte,mg,156,151,14362.3,3218.77,11,4.45,0.1831,0.0728,0.9272,High Volume,Excellent,90.86,Low Risk
32f1bb9dfa65bc7df5c0d9d95a616be4,sao paulo,sp,6,5,276.39,55.78,2,3.4,0.1679,0.4,0.6,Mid Volume,Fair,64.0,Moderate Risk
05f51e13da97139648b8125c31e5f51b,belo horizonte,mg,63,60,13769.01,2019.29,9,4.1,0.1279,0.15,0.85,High Volume,Good,83.5,Low Risk
c43d924a0f1688ee9fae0efcd6f539d4,rio de janeiro,rj,1,1,29.9,15.11,0,4.0,0.3357,0.0,1.0,Low Volume,Good,90.0,Low Risk
91543f9849d68d023e17194926598543,blumenau,sc,6,4,834.0,266.57,0,4.33,0.2422,0.0,1.0,Mid Volume,Excellent,93.3,Low Risk
3ded4e2d5f135cb103e5949d7263d2dd,pouso alegre,mg,1,1,49.9,12.48,0,5.0,0.2001,0.0,1.0,Low Volume,Excellent,100.0,Low Risk
7d456afc660226829370f3173d14520c,mogi das cruzes,sp,91,56,8338.25,1519.6200000000001,4,4.27,0.1542,0.0714,0.9286,High Volume,Excellent,89.13,Low Risk
1900267e848ceeba8fa32d80c1a5f5a8,ibitinga,sp,529,411,24982.53,8138.06,34,3.86,0.2457,0.0827,0.9173,High Volume,Good,84.46,Low Risk
4ce6e5f6c52515177e18c1c9361d8677,sao bernardo do campo,sp,1,1,226.6,25.67,0,3.0,0.1018,0.0,1.0,Low Volume,Fair,80.0,Moderate Risk
157c3e4b42f81ac4a44e8b1ca2fe9876,sao paulo,sp,31,23,2548.5,583.32,2,3.97,0.1863,0.087,0.913,High Volume,Good,85.35,Low Risk
9fbd5666d8618fa571c4230fafa09bd6,sao paulo,sp,1,1,79.9,16.81,0,5.0,0.1738,0.0,1.0,Low Volume,Excellent,100.0,Low Risk
eb9cd5b35d95206585e2185318cb5c61,sao paulo,sp,3,2,550.0,61.55,0,2.33,0.1006,0.0,1.0,Low Volume,Poor,73.3,Moderate Risk
08d2d642cf72b622b14dde1d2f5eb2f5,marilia,sp,21,17,914.0,321.26,2,4.45,0.2601,0.1176,0.8824,High Volume,Excellent,88.62,Low Risk
525e75a6fb1454a2325ab1734bcec221,barueri,sp,11,10,657.0699999999999,120.0,0,3.73,0.1544,0.0,1.0,Mid Volume,Good,87.3,Low Risk
0e982cff76cc0579f632cea8a0e38c9d,itajai,sc,12,7,1307.34,172.97,0,3.25,0.1168,0.0,1.0,Mid Volume,Fair,82.5,Low Risk
bc30de0d71bd6260b936a026b5cf7200,pedreira,sp,3,3,392.37,90.47999999999999,0,4.67,0.1874,0.0,1.0,Mid Volume,Excellent,96.7,Low Risk
014c0679dd340a0e338872e7ec85666a,timoteo,mg,15,14,7058.0,628.3100000000001,2,3.67,0.0817,0.1429,0.8571,High Volume,Good,79.56,Moderate Risk
78ba5933c21686d1c2f64669c8c459e7,mogi das cruzes,sp,2,2,191.8,20.770000000000003,0,4.25,0.0977,0.0,1.0,Low Volume,Excellent,92.5,Low Risk
6ee85be3693ed79a8e80718743d80655,sao paulo,sp,13,9,484.5,170.82,2,1.92,0.2607,0.2222,0.7778,Mid Volume,Poor,58.09,High Risk
63272377184e969942f7fff221be858d,sao paulo,sp,2,2,149.7,66.53,0,5.0,0.3077,0.0,1.0,Low Volume,Excellent,100.0,Low Risk
d5ba419e26d246a0719437cf37d9b46d,sao paulo,sp,35,34,4061.4,520.11,3,3.82,0.1135,0.0882,0.9118,High Volume,Good,83.79,Low Risk
15aac934c58d886785ac1b17953ea898,muqui,es,26,25,4353.9,665.7,4,4.12,0.1326,0.16,0.84,High Volume,Good,83.2,Low Risk
0b36063d5818f81ccb94b54adfaebbf5,jaragua do sul,sc,15,1,765.0,18.0,0,5.0,0.023,0.0,1.0,Low Volume,Excellent,100.0,Low Risk
f789d2c4f2c2eb38fc4373e7a4b35264,juiz de fora,mg,49,44,4864.24,869.0,2,4.18,0.1516,0.0455,0.9545,High Volume,Good,89.52,Low Risk
fcf16b7a8697e559f0123190bb30177d,sao paulo,sp,7,3,1052.8,499.77,4,3.14,0.3219,1.3333,-0.3333,Mid Volume,Fair,14.74,High Risk
880eda903e719a5f179f7e9fceb3a69d,ipua,sp,1,1,249.0,42.72,0,1.0,0.1464,0.0,1.0,Low Volume,Poor,60.0,High Risk
7f5e4d5efad7e44b91115dd1decb65f3,jacarei  sao paulo,sp,9,3,179.9,77.42,0,5.0,0.3009,0.0,1.0,Mid Volume,Excellent,100.0,Low Risk
299c89a525fee36c567f4fe72f038100,varzea alegre,ce,2,2,658.0,99.75,0,2.0,0.1316,0.0,1.0,Low Volume,Poor,70.0,Moderate Risk
87b740daf17b5d1be335a64164ec6842,suzano,sp,13,13,14699.87,1482.51,1,3.31,0.0916,0.0769,0.9231,High Volume,Fair,79.26,Moderate Risk
d4f91e8be86b38da2ee35bc489645a9d,guaratingueta,sp,1,1,49.99,11.17,0,5.0,0.1826,0.0,1.0,Low Volume,Excellent,100.0,Low Risk
eb3071b9f0b0ddaa2df5ea130f09f26b,sao paulo,sp,11,9,6230.0,581.42,1,4.64,0.0854,0.1111,0.8889,Mid Volume,Excellent,90.84,Low Risk
7b3f6ce5c6c22e9b96e7581ebf0df6e1,tambau,sp,1,1,29.8,12.69,0,3.0,0.2987,0.0,1.0,Low Volume,Fair,80.0,Moderate Risk
31da954dc0855f2495c6310f70a2f931,araras,sp,30,29,4583.0,449.71,2,4.23,0.0894,0.069,0.931,High Volume,Excellent,88.85,Low Risk
63b9ae557efed31d1f7687917d248a8d,sao jose do rio pardo,sp,7,5,139.5,102.81,0,4.43,0.4243,0.0,1.0,Mid Volume,Excellent,94.3,Low Risk
ef9952469137ff190bacafe117f51537,uberaba,mg,5,5,1002.66,83.94,0,4.8,0.0773,0.0,1.0,Mid Volume,Excellent,98.0,Low Risk
c18309219e789960add0b2255ca4b091,rio de janeiro,rj,1,1,9.9,14.1,0,5.0,0.5875,0.0,1.0,Low Volume,Excellent,100.0,Low Risk
4a82168aaef173cbb6e46ae88728f919,irati,pr,4,4,512.0,100.39,0,4.0,0.1639,0.0,1.0,Mid Volume,Good,90.0,Low Risk
17e34d8224d27a541263c4c64b11a56b,riberao preto,sp,268,255,56363.24,5239.96,19,4.14,0.0851,0.0745,0.9255,High Volume,Good,87.68,Low Risk
e2aee0892199b1d92530e371abd825bf,rolandia,pr,41,38,5662.57,2654.72,5,3.8,0.3192,0.1316,0.8684,High Volume,Good,81.42,Low Risk
870d0118f7a9d85960f29ad89d5d989a,pocos de caldas,mg,61,45,3157.2,1270.83,3,4.02,0.287,0.0667,0.9333,High Volume,Good,86.86,Low Risk
eb9267cccc90f1b49c8d2f9887c7dd97,recife,pe,1,1,319.9,26.37,0,5.0,0.0762,0.0,1.0,Low Volume,Excellent,100.0,Low Risk
5de1c80811ce7007f62f00d971236c09,florianopolis,sc,2,2,76.8,30.950000000000003,0,5.0,0.2872,0.0,1.0,Low Volume,Excellent,100.0,Low Risk
ec8879960bd2221d5c32f8e12f7da711,itatiba,sp,36,36,4062.4,818.98,6,4.31,0.1678,0.1667,0.8333,High Volume,Excellent,84.76,Low Risk
586a871d4f1221763fddb6ceefdeb95e,porto alegre,rs,2,1,198.0,41.48,2,1.0,0.1732,2.0,-1.0,Low Volume,Poor,-40.0,High Risk
a35124e2d763d7ca3fbe3b97d143200f,sao paulo,sp,7,4,411.5,78.89,0,4.43,0.1609,0.0,1.0,Mid Volume,Excellent,94.3,Low Risk
9198786624eaeb375793215cad26cfa6,rodeio,sc,10,9,908.3000000000001,210.07,0,3.9,0.1878,0.0,1.0,Mid Volume,Good,89.0,Low Risk
fe1b067411b8c5066e962aa146ccee03,presidente prudente,sp,8,8,847.78,143.1,0,4.62,0.1444,0.0,1.0,Mid Volume,Excellent,96.2,Low Risk
6b9b80d53ba3676eafe60268a810b5a1,belo horizonte,sp,10,10,882.7,172.96,0,3.9,0.1638,0.0,1.0,Mid Volume,Good,89.0,Low Risk
a938325a4b357fd23a6a4d5bb126408e,nilopolis,rj,25,24,3231.0,560.81,1,3.88,0.1479,0.0417,0.9583,High Volume,Good,86.72,Low Risk
f1b854361f4e15d5851b494df66f22b2,rio de janeiro,rj,4,3,1168.8,306.44,0,2.75,0.2077,0.0,1.0,Mid Volume,Fair,77.5,Moderate Risk
3d49bfdd1b43a7fe169b3740067acc61,montes claros,mg,3,3,215.0,61.82,0,4.67,0.2233,0.0,1.0,Mid Volume,Excellent,96.7,Low Risk
9df5750209b83567ec144eb299d7d634,sao leopoldo,rs,11,11,4917.0,259.3,1,4.0,0.0501,0.0909,0.9091,Mid Volume,Good,85.46,Low Risk
3d62f86afa7c73be2628a3be1423f5a0,jacarei,sp,2,2,12.0,42.42,0,4.0,0.7795,0.0,1.0,Low Volume,Good,90.0,Low Risk
497709c2976a8fa308730a2dec5b0726,diadema,sp,2,1,76.0,18.04,0,5.0,0.1918,0.0,1.0,Low Volume,Excellent,100.0,Low Risk
e73bf2cea7fe4b0b4d287a7568ed1099,chapeco,sc,5,4,737.6999999999999,100.13000000000001,0,5.0,0.1195,0.0,1.0,Mid Volume,Excellent,100.0,Low Risk
778323240ce2830d68aab11794e00bfb,sao paulo,sp,3,3,189.98000000000002,52.45,0,4.33,0.2164,0.0,1.0,Mid Volume,Excellent,93.3,Low Risk
2493dc3f20131696a0ecdb9948051a8d,brasilia,df,4,4,504.38,70.69,0,4.75,0.1229,0.0,1.0,Mid Volume,Excellent,97.5,Low Risk
a3dd39f583bc80bd8c5901c95878921e,salvador,ba,37,34,4607.81,804.35,1,4.59,0.1486,0.0294,0.9706,High Volume,Excellent,94.43,Low Risk
4342d4b2ba6b161468c63a7e7cfce593,rio de janeiro,rj,20,20,2867.1,296.21,1,1.26,0.0936,0.05,0.95,High Volume,Poor,60.1,Moderate Risk
06df0c10d34e459d9672bc77388742eb,maringa,pr,30,26,9070.0,525.77,1,4.37,0.0548,0.0385,0.9615,High Volume,Excellent,91.78,Low Risk
89757206b887aed36f3e18d858460fea,sao paulo,sp,2,2,120.5,55.64,0,5.0,0.3159,0.0,1.0,Low Volume,Excellent,100.0,Low Risk
d8b8f2cf9ff6ba0389072541cb42498c,formosa,go,1,1,149.0,20.01,0,5.0,0.1184,0.0,1.0,Low Volume,Excellent,100.0,Low Risk
3c03b12bab54d8b37d79d914bfdb1aa0,sao joao de meriti,rj,43,37,4236.34,683.43,7,3.88,0.1389,0.1892,0.8108,High Volume,Good,79.34,Moderate Risk
9d5a9018aee56acb367ba9c3f05d1d6a,aparecida de goiania,go,79,67,10292.310000000001,1689.9,1,4.41,0.141,0.0149,0.9851,High Volume,Excellent,93.35,Low Risk
f9244d45189d3a3605499abddeade7d5,sao paulo,sp,21,21,15731.43,875.99,0,4.29,0.0527,0.0,1.0,High Volume,Excellent,92.9,Low Risk
2b3b9ce054da76a7428df143a567b156,sao paulo,sp,6,5,301.0,62.28,0,3.17,0.1714,0.0,1.0,Mid Volume,Fair,81.7,Low Risk
198c7ea11960a9844b544d9bcdca860c,jacutinga,mg,25,25,1733.75,491.63,2,3.88,0.2209,0.08,0.92,High Volume,Good,84.8,Low Risk
a478c7961d6a992065b24e63b366f90b,blumenau,sc,9,8,1281.5,170.06,0,4.89,0.1172,0.0,1.0,Mid Volume,Excellent,98.9,Low Risk
30c7f28fd3a5897b2c82d152bb760c17,niteroi,rj,7,7,2178.27,324.89,1,1.67,0.1298,0.1429,0.8571,Mid Volume,Poor,59.55,High Risk
66e0557ecc2b4dbea057e93f215f68d8,sao paulo,sp,31,31,12480.0,497.99,6,3.94,0.0384,0.1935,0.8065,High Volume,Good,79.72,Moderate Risk
be1e9e378700cecaa4ebf71433d7915c,ribeirao preto,sp,2,2,119.89000000000001,37.62,2,3.0,0.2388,1.0,0.0,Low Volume,Fair,30.0,High Risk
21e83881401b92b49fb09a16d3852291,uberlandia,mg,15,14,3588.0499999999997,594.48,0,4.33,0.1421,0.0,1.0,High Volume,Excellent,93.3,Low Risk
55c96925041a14097b6a7825554f4ad5,sao paulo,sp,10,6,294.8,188.57,1,3.2,0.3901,0.1667,0.8333,Mid Volume,Fair,73.66,Moderate Risk
918f6fbcf3ab724d805867303e593a1b,valinhos,sp,3,2,79.69999999999999,32.88,0,4.33,0.2921,0.0,1.0,Low Volume,Excellent,93.3,Low Risk
daeb5653dd96c1b11860f72209795012,belo horizonte,mg,41,40,2305.9,632.16,3,4.11,0.2152,0.075,0.925,High Volume,Good,87.35,Low Risk
228e4c1a0be164f613d41c24345f9d2c,bandeirantes,pr,5,5,539.7,229.74,0,5.0,0.2986,0.0,1.0,Mid Volume,Excellent,100.0,Low Risk
5145090ab595c0d0b8557199f5701fbf,curitiba,pr,4,4,1459.6,197.85,0,4.25,0.1194,0.0,1.0,Mid Volume,Excellent,92.5,Low Risk
87e24fc7052259b1f7f607d61c10d8be,sao paulo,sp,8,8,7473.49,236.37,1,3.5,0.0307,0.125,0.875,Mid Volume,Fair,78.75,Moderate Risk
d66c11a9572221d92fbb8c4897db5f9b,rio de janeiro,rj,16,16,776.56,387.82,0,4.56,0.3331,0.0,1.0,High Volume,Excellent,95.6,Low Risk
e2c92f9c1c7746d899d18f2e158bbff7,sao jose do rio preto,sp,14,14,1894.7,391.91,0,4.07,0.1714,0.0,1.0,High Volume,Good,90.7,Low Risk
ea67327e24487bdfac5fbfa37ea124df,ibitinga,sp,34,32,6250.18,930.1,1,3.56,0.1295,0.0312,0.9688,High Volume,Good,84.04,Low Risk
db6a4d4b5f1f5f98820ce6ce2619e2de,sao paulo,sp,1,1,135.99,12.16,0,5.0,0.0821,0.0,1.0,Low Volume,Excellent,100.0,Low Risk
1d1bbb8ac1581824986f582583fff01d,indaial,sc,4,4,166.88,59.589999999999996,1,3.5,0.2631,0.25,0.75,Mid Volume,Fair,72.5,Moderate Risk
f90f77ef2799a27f80d90c425ca944f7,londrina,pr,1,1,70.0,19.46,0,5.0,0.2175,0.0,1.0,Low Volume,Excellent,100.0,Low Risk
bbf4a892cac7b82422baa711dffb8997,curitiba,pr,1,1,70.0,35.34,0,5.0,0.3355,0.0,1.0,Low Volume,Excellent,100.0,Low Risk
39f776d2974049026ff531fc42ef2a3e,goiania,go,4,3,1084.04,90.37,0,4.0,0.0769,0.0,1.0,Mid Volume,Good,90.0,Low Risk
c70c1b0d8ca86052f45a432a38b73958,hortolandia,sp,338,261,36537.369999999995,3938.91,17,4.3,0.0973,0.0651,0.9349,High Volume,Excellent,89.74,Low Risk
9e6967d3cf386d284251784b18ccb485,sao caetano do sul,sp,11,9,517.67,137.23,1,3.64,0.2095,0.1111,0.8889,Mid Volume,Good,80.84,Low Risk
747e73c01a4593d4cf60dcf970fd2689,vitoria de santo antao,pe,3,3,2217.99,123.77000000000001,0,4.33,0.0529,0.0,1.0,Mid Volume,Excellent,93.3,Low Risk
63704069d9bd3a75c1cf59babe56004a,jundiai,sp,1,1,59.3,7.39,1,1.0,0.1108,1.0,0.0,Low Volume,Poor,10.0,High Risk
4e2627090e6e5b9fabba883a37897683,belo horizonte,mg,5,2,199.5,68.12,0,1.0,0.2545,0.0,1.0,Low Volume,Poor,60.0,High Risk
61b18775be84fb700a6b2d0ba097bf66,araraquara,sp,5,4,334.5,101.51,0,4.6,0.2328,0.0,1.0,Mid Volume,Excellent,96.0,Low Risk
95cca791657aabeff15a07eb152d7841,palotina,pr,1,1,9.99,18.23,0,5.0,0.646,0.0,1.0,Low Volume,Excellent,100.0,Low Risk
dde698c6d0bd24834c586e5111c2bba7,petropolis,rj,1,1,155.9,19.19,0,5.0,0.1096,0.0,1.0,Low Volume,Excellent,100.0,Low Risk
e94b64dc6979b302a5a5be1662c83bb6,itapecerica da serra,sp,2,2,306.89,31.740000000000002,0,5.0,0.0937,0.0,1.0,Low Volume,Excellent,100.0,Low Risk
15ead3a5037a918ddb520dfe39a3d2b9,conselheiro lafaiete,mg,8,7,275.5,158.45,2,4.38,0.3651,0.2857,0.7143,Mid Volume,Excellent,79.52,Moderate Risk
9d489893ff6af05029671b785f54b998,leme,sp,6,5,298.7,102.53999999999999,0,4.17,0.2556,0.0,1.0,Mid Volume,Good,91.7,Low Risk
725af026f869236a8dd0ceb98564d156,claudio,mg,8,7,1177.71,184.95999999999998,0,3.12,0.1357,0.0,1.0,Mid Volume,Fair,81.2,Low Risk
f00f5b35d0abcacbdd863672f4bb2c1a,sao paulo,sp,1,1,299.0,14.43,0,4.0,0.046,0.0,1.0,Low Volume,Good,90.0,Low Risk
7bac63f6603d382cc8d0832eb6c100a8,sao paulo,sp,19,19,7751.95,362.65,2,4.0,0.0447,0.1053,0.8947,High Volume,Good,84.74,Low Risk
f1fdf2d13186575751aa25876536d85c,sao paulo,sp,1,1,26.3,8.29,0,5.0,0.2397,0.0,1.0,Low Volume,Excellent,100.0,Low Risk
98dddbc4601dd4443ca174359b237166,sarandi,pr,2,2,158.0,53.67,0,5.0,0.2536,0.0,1.0,Low Volume,Excellent,100.0,Low Risk
f8201cab383e484733266d1906e2fdfa,palhoca,sc,10,10,889.0,255.82999999999998,1,4.1,0.2235,0.1,0.9,Mid Volume,Good,86.0,Low Risk
74871d19219c7d518d0090283e03c137,sao paulo,sp,7,6,550.04,87.87,0,5.0,0.1377,0.0,1.0,Mid Volume,Excellent,100.0,Low Risk
e603cf3fec55f8697c9059638d6c8eb5,pelotas,rs,11,8,297.0,185.47,0,4.45,0.3844,0.0,1.0,Mid Volume,Excellent,94.5,Low Risk
9e25199f6ef7e7c347120ff175652c3b,taubate,sp,1,1,12.5,14.52,0,4.0,0.5374,0.0,1.0,Low Volume,Good,90.0,Low Risk
