order_id,customer_id,customer_unique_id,customer_state,order_status,order_purchase_timestamp,total_items,total_item_price,total_freight,avg_payment_record_value,avg_review_score
00010242fe8c5a6d1ba2dd792cb16214,3ce436f183e68e07877b285a838db11a,871766c5855e863f6eccc05f988b23cb,rj,delivered,2017-09-13 08:59:02,1,58.9,13.29,72.19,5.0
00018f77f2f0320c557190d7a144bdd3,f6dd3ec061db4e3987629fe6b26e5cce,eb28e67c4c0b83846050ddfb8a35d051,sp,delivered,2017-04-26 10:53:06,1,239.9,19.93,259.83,4.0
000229ec398224ef6ca0657da4fc703e,6489ae5e4333f3693df5ad4372dab6d3,3818d81c6709e39d06b2738a8d3a2474,mg,delivered,2018-01-14 14:33:31,1,199.0,17.87,216.87,5.0
00024acbcdf0a6daa1e931b038114c75,d4eb9395c8c0431ee92fce09860c5a06,af861d436cfc08b2c2ddefd0ba074622,sp,delivered,2018-08-08 10:00:35,1,12.99,12.79,25.78,4.0
00042b26cf59d7ce69dfabb4e55b4fd9,58dbd0b2d70206bf40e62cd34e84d795,64b576fb70d441e8f1b2d7d446e483c5,sp,delivered,2017-02-04 13:57:51,1,199.9,18.14,218.04,5.0
00048cc3ae777c65dbb7d2a0634bc1ea,816cbea969fe5b689b39cfc97a506742,85c835d128beae5b4ce8602c491bf385,mg,delivered,2017-05-15 21:42:34,1,21.9,12.69,34.59,4.0
00054e8431b9d7675808bcb819fb4a32,32e2e6ab09e778d99bf2e0ecd4898718,635d9ac1680f03288e72ada3a1035803,sp,delivered,2017-12-10 11:53:48,1,19.9,11.85,31.75,4.0
000576fe39319847cbb9d288c5617fa6,9ed5e522dd9dd85b4af4a077526d8117,fda4476abb6307ab3c415b7e6d026526,sp,delivered,2018-07-04 12:08:27,1,810.0,70.75,880.75,5.0
0005a1a1728c9d785b8e2b08b904576c,16150771dfd4776261284213b89c304e,639d23421f5517f69d0c3d6e6564cf0e,sp,delivered,2018-03-19 18:40:33,1,145.95,11.65,157.6,1.0
0005f50442cb953dcd1d21e1fb923495,351d3cb2cee3c7fd0af6616c82df21d3,0782c41380992a5a533489063df0eef6,sp,delivered,2018-07-02 13:59:39,1,53.99,11.4,65.39,4.0
00061f2a7bc09da83e415a52dc8a4af1,c6fc061d86fab1e2b2eac259bac71a49,107e6259485efac66428a56f10801f4f,sp,delivered,2018-03-24 22:16:10,1,59.99,8.88,68.87,5.0
00063b381e2406b52ad429470734ebd5,6a899e55865de6549a58d2c6845e5604,3fb97204945ca0c01bcf3eee6031c5f1,sp,delivered,2018-07-27 17:21:27,1,45.0,12.98,57.98,5.0
0006ec9db01a64e59a68b2c340bf65a7,5d178120c29c61748ea95bac23cb8f25,7ed0ea20347f67fe61d1c99fdf8556ae,rj,delivered,2018-07-24 17:04:17,1,74.0,23.32,97.32,5.0
0008288aa423d2a3f00fcb17cd7d8719,2355af7c75e7c98b43a87b2a7f210dc5,9e4159995424971423b98c4a8bc11529,sp,delivered,2018-02-13 22:10:21,2,99.8,26.74,126.54,5.0
0009792311464db532ff765bf7b182ae,2a30c97668e81df7c17a8b14447aeeba,4987996ddcd0ddb20740fdce7c2bfbb1,mg,delivered,2018-08-14 20:43:09,1,99.9,27.65,127.55,5.0
0009c9a17f916a706d71784483a5d643,8a250edc40ebc5c3940ebc940f16a7eb,6062db572f3ef38b7a8ff4307abbfad3,sp,delivered,2018-04-25 09:10:41,1,639.0,11.34,650.34,4.0
000aed2e25dbad2f9ddb70584c5a2ded,fff5169e583fd07fac9fec88962f189d,6457be0b331148fb5454efc88d1e03d9,sp,delivered,2018-05-11 20:33:38,1,144.0,8.77,152.77,1.0
000c3e6612759851cc3cbb4b83257986,3773bcf1a6fbd29233ea1c1b573c4f22,f5f088001070650f9e9a8cd773621f35,sp,delivered,2017-08-12 10:08:57,1,99.0,13.71,112.71,5.0
000e562887b1f2006d75e0be9558292e,2b01d668726fb0b751c55918c0437b7b,b2c72d1e9f6430603b8337d8f1394a99,sp,delivered,2018-02-22 11:54:42,1,25.0,16.11,41.11,3.0
000e63d38ae8c00bbcb5a30573b99628,98884e672c5ba85f4394f2044e1a3eab,860fc00d3154ce2346c43ebe47b9b6ce,sp,delivered,2018-03-23 19:48:26,1,47.9,8.88,56.78,3.0
000e906b789b55f64edcb1f84030f90d,6a3b2fc9f270df258605e22bef19fd88,3588484a539617d91500764822230fb6,sp,delivered,2017-11-21 18:54:23,1,21.99,11.85,33.84,3.0
000f25f4d72195062c040b12dce9a18a,86ade8ebc14f18dd6c3ea75bd0eb7534,1a6cbc34ea404cb0af7ed74df0999354,rj,delivered,2018-03-07 10:33:13,1,119.99,44.4,164.39,4.0
001021efaa8636c29475e7734483457d,2dfbf74859104caf100df3720a1d833d,2193383c470dc9cec894ce78afd0ebd6,pr,delivered,2018-02-27 09:27:14,1,49.0,15.1,64.1,4.0
0010b2e5201cc5f1ae7e9c6cc8f5bd00,57ef317d4818cb42680fc9dfd13867ce,e883f26917e2095c439f70c2cf8c914b,rj,delivered,2017-09-11 17:39:33,1,48.9,16.6,65.5,5.0
0010dedd556712d7bb69a19cb7bbd37a,3a92efdb6e6163dc1734d44f2f5f6d04,a77550dd00887c5bb24100ccbd08cbe9,sp,unavailable,2017-10-21 19:32:06,0,,,111.12,1.0
00119ff934e539cf26f92b9ef0cdfed8,7dd2e283f47deac853cf70f3b63c8d86,13df7b623839b4edc579ee40279d57c8,rj,delivered,2017-08-06 00:42:49,1,219.9,16.98,236.88,5.0
0011d82c4b53e22e84023405fb467e57,2013d892495e1a101d742d533d2d1119,02daaa0e021d624d1784c4ea5cc84ace,sp,delivered,2018-01-16 21:43:23,1,289.0,26.33,315.33,4.0
00125cb692d04887809806618a2a145f,8afb90a97ee661103014329b1bcea1a2,7ac26eac431c6848694a2de6f0327524,go,delivered,2017-03-23 12:21:17,1,109.9,25.51,135.41,5.0
00130c0eee84a3d909e75bc08c5c3ca1,47d656c08a282ec5ab4c1f18303a3a30,b5910f24d2483d697b37e3857b621061,sp,delivered,2018-06-11 21:17:00,1,27.9,7.94,35.84,5.0
0013503b13da1eac686219390b7d641b,f7277fce45fad3165379c15cacf5ddbe,1544f85dff3797491b60f2a5241d14c1,sp,delivered,2017-12-05 23:40:59,1,119.9,17.32,137.22,5.0
00137e170939bba5a3134e2386413108,7b63cba66b8e6d002e94d0990c1e2868,38c3bc2d6df03905e3e8d3d5b079acf4,rj,delivered,2017-11-24 16:50:38,1,397.0,24.65,421.65,4.0
001427c0ec99cf8af737bd88e92fd444,eab9c552374be06ed15923016dc9e588,2ada69d1c5528233e3d9aa3f1d8da1b1,mg,delivered,2018-04-07 18:51:22,1,59.9,23.35,83.25,2.0
00143d0f86d6fbd9f9b38ab440ac16f5,2e45292979b9b2700ea09560eeb0f803,bb8a37225e0279ac8a274c9765617eaf,go,delivered,2017-10-16 15:29:43,3,63.99,45.3,109.29,
0014ae671de39511f7575066200733b7,41065d9dcea52218c3943d2eed072b97,8e5a8d9363eb6296154b65750c8702ca,pr,delivered,2017-05-22 13:49:03,1,16.5,14.1,30.6,5.0
0015ebb40fb17286bea51d4607c4733c,da43a556bf5c36a1104c473cff77de6c,2e0daa38f7fd081ddcda32d972e5ec50,pr,delivered,2018-01-14 09:01:36,1,21.9,15.1,37.0,5.0
00169e31ef4b29deaae414f9a5e95929,efb3830adb68fb8a89c948774388ec28,577edb526f98771b20d6db4a51d79423,rj,delivered,2018-01-16 09:26:39,1,39.0,16.11,55.11,1.0
0016dfedd97fc2950e388d2971d718c7,2c8b917c5d7dd720ebe36a5ed3b501ec,33febb33a42a35f5826a22584b127f9d,ba,delivered,2017-04-28 19:54:40,1,99.5,41.6,35.28,5.0
0017afd5076e074a48f1f1a4c7bac9c5,8085a9af46f619bc25966f151a362b0d,98758d88bf4b8eef1372ddee45d63178,al,delivered,2017-04-06 22:16:10,1,809.1,44.29,853.39,1.0
001862358bf858722e1e2ae000cfed8b,2cf869dd40c98f29686f636d83545cce,eb2568a7ba9b2ca9bf1f818a8dea82ce,sp,delivered,2018-02-06 19:11:57,1,99.99,13.72,113.71,5.0
0019c29108428acffd089c36103c9440,5f6bbac628ae418db4e0f92932f899c1,d02e64b28b7c386aab81bb6ce148799a,mg,delivered,2018-03-06 06:40:28,1,59.9,19.95,79.85,5.0
001ab0a7578dd66cd4b0a71f5b6e1e41,8bb3bef4e75a95524235cdc11a7331af,d1f24d1d504e27bee13b415e40daeab0,ba,delivered,2017-12-27 00:38:47,3,74.67,52.89,127.56,4.0
001ac194d4a326a6fa99b581e9a3d963,f4f17ada91ef010cbde3892ae54e625f,3d01f9412759a6a68f249b76eca0de78,sp,delivered,2018-07-04 11:39:11,1,54.0,8.54,62.54,5.0
001b76dd48a5b1eee3e87778daa40df8,a62843b08086d1629415a203a7fd419d,b32ff8caad5902c55fa167e7dc77cc69,sp,delivered,2018-03-26 17:42:53,1,81.99,13.01,95.0,5.0
001c85b5f68d2be0cb0797afc9e8ce9a,48ed31e735f1c420ed6ca3637b7c744d,55a269f324455e78349e7b9b7e7e5911,sp,delivered,2017-11-24 19:19:18,1,99.0,13.71,112.71,2.0
001d8f0e34a38c37f7dba2a37d4eba8b,d987da9fb4086ab7c2c0f83963cd6722,870a0bdc769f9a7870309036740e79ea,sp,delivered,2017-05-14 17:19:44,2,37.98,15.56,53.54,1.0
001daeb0eddc45b999bad0801ad9d273,3ba02060e681d361d603d5f7ef0a730b,dc5aa19797b8fb7a4929ad109fb25553,ba,delivered,2017-05-17 23:19:34,1,38.33,16.79,55.12,5.0
001dbc16dc51075e987543d23a0507c7,698a74f33469466fa4172e829505d1c6,c6f624cf0e9908fe310d59a80350bea0,mg,delivered,2017-01-28 13:17:57,1,69.9,18.0,87.9,5.0
001e7ba991be1b19605ca0316e7130f9,b6a1445ee505f3a95c827e7a5188ad02,100bf2da12cc1fd1b556507aa87bf3a1,ms,delivered,2017-03-18 11:47:37,1,195.0,18.21,213.21,5.0
001e7cf2ad6bef3ade12ebc56ceaf0f3,d1684ed69f8fd574b7c344de923f379a,43860f86362fea12550bfa19ef73015f,mg,delivered,2018-05-19 10:29:23,1,35.9,15.2,51.1,1.0
0020262c8a370bd5a174ea6a2a267321,9ec353f970bdf785f6568724d9ea19aa,484689f7961df6e755f6373221aff64d,pr,delivered,2017-11-28 09:32:49,1,79.5,21.05,100.55,4.0
0020a222f55eb79a372d0efee3cca688,0c45155afd8ff99622c40824057f9b34,87ae4c644c15d9c6b6f826dfec33b340,rj,delivered,2017-08-15 02:45:18,1,29.99,15.1,45.09,5.0
002175704e8b209f61b9ad5cfd92b60e,a562db3c7cb9a68947debd30879b491e,e7d41c19da317af0612170197303d5a9,sp,delivered,2018-04-22 12:13:25,1,109.9,13.21,123.11,4.0
00229e4e43f7a7e0b9dd819ad43268d3,655418b3cc52d17ccb5b4330a7f03197,12d280dc9e8bf7888a3d2a8a8ae74f8d,sp,delivered,2018-03-31 16:41:54,1,74.9,16.49,91.39,5.0
0025081dcf9330f9a5052ae82c6ce396,7e6fefa11d6a2c832593264f69df9de3,d4c0c343658dec14b2197594314c2cc3,mg,delivered,2018-03-27 16:25:35,1,14.95,18.23,33.18,5.0
00254baeb6c932b0a8aeead91fbd02b5,ce0421a97232c2a1194cdb66cd3ebb9d,f99edeaa8a00f9866fd8fce5a0b83d4f,ce,delivered,2018-05-08 21:45:54,1,149.9,43.11,193.01,5.0
00259a44fcad3fc0474329e925d14fc3,7715f80f77f2ebf4583f97a0a6a7548b,8a04e75a04c11b76156ef03b8ea45a18,mg,delivered,2017-12-27 17:52:11,1,19.99,14.1,34.09,4.0
0025c5d1a8ca53a240ec2634bb4492ea,2430ad4b1b6efb56cf3050b5d3cf5e54,fa78b26c2fa23b2ebda98c2926305c1d,ce,delivered,2018-07-08 09:17:59,1,390.0,29.39,419.39,5.0
002611a77fe03d076285fd4ca95db77c,2b6cb6a4852a866c3b71dcbc7c5a2fce,c01bed915357c68393943dd8b7a51655,df,delivered,2018-02-27 17:46:23,1,135.0,21.75,156.75,4.0
002691433f09002ac9ca0c4e8dbb8ead,630b8c2f4134e83812d827e8006caa85,f77be85d218371e1afd9685f7ae828b2,rs,delivered,2017-02-02 21:18:03,1,104.0,16.43,120.43,5.0
0026a368634b6e6f34f33b1499773a30,66b8528f2144c6cf919795323c4d43fb,2ecb0fc377050ca3b001d3a199e951ec,sp,delivered,2017-10-27 21:10:26,1,149.0,15.8,164.8,4.0
00275bce676303c3bfd7292aefdfa223,a12427487c970a4a75dbeb5884f126a8,c5e94cf711798a7bdde48952d2b3ee28,sp,delivered,2017-11-24 23:10:30,1,279.9,13.46,293.36,5.0
00276d5c3491fbf55305e26891040df9,54686c41e86854e35879efbd1c2cab1b,af11903c9def1d99643292e8d695b212,pr,delivered,2018-02-13 11:47:21,1,44.9,23.22,68.12,4.0
002834535f7a609a5c68266f173fa59e,89a6b1bfbe1b366503995b8df4c49450,457626c51309d814c33966c88a161545,pe,delivered,2018-07-23 17:26:00,1,37.99,19.18,57.17,5.0
0028de0ca693a1bb26448916a81105cc,4b4773853bbbc435ddddd51bd6c6a002,f94d7c267f1bb6956a0c6c6fef65da8b,rs,delivered,2018-08-15 14:59:36,1,29.99,15.31,45.3,4.0
002955b0acc63d04f6724a31967e82bd,accb4b4ad075d07a833eacca116071c7,f139f07dd192b4c3a1b21082a9c632a2,mg,delivered,2017-12-18 13:43:54,1,120.0,15.59,135.59,5.0
0029c5db35ef291ce99d1262012e7daa,2f08bf21468eccdf69598582d4b89fb5,b31e69e978d97f380d52102ac379fd7e,sp,delivered,2018-08-25 00:09:40,1,492.75,21.62,514.37,4.0
0029f17cf0e7640c5cb6825af681303f,687223424c00a708c168301ebb8d16ef,83e1722d7fa45e1393a1226cd68c46b1,pr,delivered,2018-05-02 11:59:06,1,94.9,18.54,113.44,5.0
002af7fa9eb99d1456bceb6a13d6fc0b,bacf5021c97183a2a3946dff31e56098,cb56f37beb68b1e2557f4ce00879d21c,sc,delivered,2018-02-18 18:46:28,1,88.34,21.11,109.45,4.0
002b430ff89b3a24c31a1170acbbedea,8d69dbf0f4dcb6c90367e0877ae94732,b1f8d8ebab0d8174f573bb6797ba8240,mg,delivered,2017-06-20 21:55:21,1,199.99,65.56,265.55,5.0
002b4e6fa42cd4a22cc86abc18fe9c05,a5fd6dd86d703cedc9ab6be3dba12816,248d18ee4a4b0977fd21ef3273eb4352,sp,delivered,2018-03-11 10:24:44,1,99.9,19.67,119.57,5.0
002c9def9c9b951b1bec6d50753c9891,06cf02bf583b05fd91bc8eec0f1b4c3f,6bcc1cd0c7f8bffa6f67a6a1fbef5782,sp,delivered,2018-05-14 16:57:47,2,156.0,17.8,173.8,4.0
002d040018d12a3853c059f7f23ab5b1,d7a77284d0a56f6b1ecb8c344b60d3e4,125afe43321f838bed64b7e0ecfddba4,pr,delivered,2017-11-19 19:16:07,1,155.0,14.84,169.84,3.0
002f16b7bc4530031b7d90f791b12d8a,1eeffe21744883fbf61fbf138dbb8eee,eb859d4b5ab54b643d2c0cedaca0c9fb,sp,delivered,2018-07-02 16:51:47,1,249.9,34.23,284.13,5.0
002f19a65a2ddd70a090297872e6d64e,7fa80efb1ef15ca4104627910c29791c,205d5aa158338f2b733a07326aae8c87,ba,shipped,2018-03-21 13:05:30,1,107.96,46.62,38.64,3.0
002f98c0f7efd42638ed6100ca699b42,75fd1fb0bb511fc71ac2b2649c02b21b,2e875ea57961ad115cec13fef0920ae6,rs,delivered,2017-08-04 09:19:10,2,53.89,39.73,93.62,5.0
0030d783f979fbc5981e75613b057344,84ddc138522822dfb51b603c2f466a18,199888480790cc4f6135f3a3e11af83e,rj,delivered,2017-11-24 20:03:02,1,60.6,17.67,78.27,1.0
0030ff924c38549807645976adeef2c0,c46e1af5a15417246a9c5e81ac964358,da9fe686eb368251f74be6cf68c13678,mg,delivered,2018-03-25 16:52:27,1,225.0,67.24,292.24,5.0
00310b0c75bb13015ec4d82d341865a4,0dad07848c618cc5a4679a1bfe1db8d2,ec979208947bbba310f2ad8e50963725,mg,canceled,2018-08-15 14:29:08,1,39.9,15.38,55.28,1.0
00324b3eda39ba5ecce3945823e3594c,cbde8134b8a718381d08167dfc58ec8c,137b3b977306da3cbeb1b552378f08e2,pr,delivered,2018-04-10 01:14:18,1,76.0,34.07,110.07,5.0
0032d07457ae9c806c79368d7d9ce96b,d356c20816dc75a309628b5c17d89468,98e71752819916789567071c52c4239e,rj,delivered,2018-03-10 18:53:06,1,159.0,27.19,186.19,1.0
003324c70b19a16798817b2b3640e721,43696894b5bf8fbe1a40b2148ea505a0,fbe6316a06058c651539cbf59ec5a0ef,mg,delivered,2017-05-18 19:04:48,2,205.8,28.9,234.7,1.0
00335b686d693c7d72deeb12f8e89227,d96e5c4400413a11fa8c9fd54be4a20b,22b12c9c5bc6ba994b2423d87d3bb88a,es,delivered,2017-07-17 21:25:23,1,63.9,16.89,80.79,
00335f75ea6a4455b524a8dd177067f5,32b84239e3f3904ac162d832454770c7,a666bec8af192f2238a0b719a7063a00,rj,delivered,2018-04-25 21:47:26,1,168.8,8.21,177.01,5.0
00337fe25a3780b3424d9ad7c5a4b35e,4b1b5c848616a4b5fa9d76cb1d12067b,3c857a6f7828bfb70fb712e2393cfd1b,sp,delivered,2017-09-25 17:39:29,2,119.8,19.88,139.68,5.0
003423b755b562962a6225a8de40d12e,18f1bb6325d50619d5c13b7a25b869fd,7e765e16bdd8cf6bb0dc7728e1294636,ba,delivered,2018-07-08 11:28:17,1,232.75,28.58,261.33,3.0
00345f338696283410b7977d2e3efc89,3f9d223f86d2f243dd5a85fdc286c62a,93b592cbb89abbda7dc554c39add344e,sp,delivered,2018-08-20 11:06:46,1,48.9,18.44,67.34,5.0
0035246a40f520710769010f752e7507,4bcf2ad7ccc061c13ff360aae5b7abcd,d56ded4569dd9821b2f83710a56afbde,sp,delivered,2017-08-17 00:57:23,1,174.0,24.22,99.11,5.0
0035c0b07126fe9c24a325216fb96064,c8c4991d84dbfef1f61c6152486db6d4,9392534851a5f1f12396b5f897f9f2ad,sp,delivered,2017-11-24 01:08:37,1,131.9,18.54,150.44,4.0
0035e6b7ade84b3f5b86bd49814793df,3a0cc7c9af6abf8868dad5a1de4a16e1,fdfa1cc68f121149d8fcc27ee96e134c,sp,delivered,2018-02-21 02:46:23,1,19.9,14.1,34.0,5.0
0036757472ece3dde52fd4bfd929c90e,ea477083e770db0655938e79149f8c24,be03685420bb977861dda08f4b4088b3,sp,delivered,2018-07-19 14:58:59,1,136.99,66.04,203.03,2.0
0036887767dea4bd43b1a88cd0d9477a,43bb6f9650ab2a7e6ef1c93168c4cfcf,6d151e185615942c0bc8cd9373471ad1,mg,delivered,2017-10-13 00:04:49,1,399.99,23.64,423.63,5.0
00378c6c981f234634c0b9d6128df6dd,f3476df115c5d26bdb6bfb71b5fb66af,cd2fd2a38f5903eb2a7377b548e0bfdd,sp,delivered,2018-02-02 19:39:46,1,41.0,11.85,52.85,4.0
003822434f91204da0a51fe4cf2aba18,327679cc34d41d4c48ee5e55246aa6d6,250b38e3586d512ece3671470c5d5f6d,rj,delivered,2018-06-13 14:10:54,2,138.0,37.16,175.16,5.0
0039500db36d50d7d0bfaf23723550f3,90bd9911aed064dfc625750fbd83ebca,77971c2442b1adbbe0448409df2ea56a,al,delivered,2018-07-06 10:37:32,1,169.9,33.33,203.23,5.0
003a7f59d7e08a9c61d9e2881fe6459c,f7838e5eeb3271df42376952e651e403,3725c5b8c1cf5ee69158f66922a862c4,df,delivered,2018-08-19 12:51:50,1,119.0,15.28,134.28,5.0
003a94f778ef8cfd50247c8c1b582257,da108bc410acffb1400cf9caea65a332,ffec490ab531184a483efe2eedd68908,ms,delivered,2018-08-03 14:52:31,1,39.9,18.08,57.98,1.0
003cc6161d7a2593f2525cce0c330d32,7d9802889236ab8fc541bfb438978cd7,0c35f915ac95c942a535a99bc22524a8,sp,delivered,2018-08-03 19:33:35,1,85.0,12.9,97.9,5.0
003d0634280ff3d1d3a54459349a6899,cca819156e50623e9d3762ebeee308dc,2fe9477037604b2d6f60ffc998eb0812,sp,delivered,2018-03-17 17:50:30,1,220.0,8.89,228.89,3.0
003d804eef0e1b856881cd18e0cc0d4c,1c1bfb2cd4aa789067295941c42120ff,3f7fe16073dbdd44c23f327bab3def2c,ma,delivered,2017-11-17 19:43:10,1,277.0,35.74,312.74,4.0
003d9fc84ad902adf2265248b5ffe1a4,8c66482ec333eae596c93a9131981a9a,f26b89209f5378f95d8e664073b76419,sp,delivered,2018-08-19 19:43:01,1,66.99,27.75,94.74,4.0
003edccf16bc5ec447f592913b3df2b4,ab3642244247c0c638253fe68ee4c345,5c96a427e784b5e917f5a4fbf0f9e84a,ma,delivered,2018-07-07 09:02:51,1,14.0,50.85,64.85,5.0
003f201cdd39cdd59b6447cff2195456,e41d728aab3d0dff5fb070f93eb61345,770c43f54c33cbf4bc49b7f2d6576891,rj,delivered,2018-02-21 16:59:24,2,170.0,34.06,204.06,1.0
003f9bcc09427647c4b9d361a523545b,a1a6d4f18deef15fee3ad4b6f36a7ce0,1c83b776b851b057dcc32bb2fa5edbdd,sp,delivered,2018-02-06 13:06:45,1,229.0,9.8,238.8,5.0
00404fa7a687c8c44ca69d42695aae73,0c34c39c897304ff49eeade3059c4c60,095ffc730d9d2da2f12a0bec18722aae,sp,delivered,2018-05-07 22:38:21,1,99.9,0.0,99.9,5.0
0040a56893444cb56cba7cfe2225e34e,74454d0e51e0eeaaaa9b7b135469c420,89f85ff8f63aa9404d98a83cf96cd4e4,ba,delivered,2018-01-22 23:50:35,1,84.9,34.39,119.29,2.0
004157daafa0bc8672e01f00e4f0c04f,42090a79268b92ced0c591a8e63d57c2,e7aa5a5869f3e9d7d04fd3aa5f90631f,ce,delivered,2017-05-21 13:13:54,1,189.0,33.91,222.91,5.0
00418a49a685c6bb60633291c3fab17a,7d9edced80af5c9503cbf88a9e5f2a3e,3b776563843bf7cb5adb4e65296aefae,sp,delivered,2017-10-03 20:43:03,1,49.0,7.78,56.78,1.0
004345d16a1ab2c21962992c721c8643,3b723b649feb48f3cfbb9c728efb3d7d,8c07068e51d745035b296ebc1c8cd16a,go,delivered,2018-07-04 06:45:05,1,37.9,15.37,53.27,5.0
0044c6f6d22dd280534344177c81b989,24436139c80a4ae51c0e3a98469ed7d4,b2c2e2635aded82494c5be5843664b74,sp,delivered,2018-05-18 16:59:09,1,179.93,16.14,196.07,4.0
0045e3085f083f0f38d24bb3f22e6593,eb729faa993caad20442243265804a7c,5eb8cc30e45a67bdb05240e7e735967d,sp,delivered,2017-08-10 16:13:36,1,116.9,13.84,130.74,5.0
0045f5225a96ef46630701167528fdcb,e3b91047e6ca3f5e8b656750fa3d61b2,02b3bd80b9721b83c5b155ace3feede9,mg,delivered,2018-06-10 11:23:39,1,94.9,15.51,110.41,5.0
0046176ff0dbc2a178b7885355dfbb71,6cae94f1f58ab679c23ceb753967c9bf,58a7135fcd46147533c2f50747435ec2,mg,delivered,2018-05-29 19:22:17,1,121.99,15.73,137.72,5.0
0046e1d57f4c07c8c92ab26be8c3dfc0,ae55e228ded796581eccc67045516023,b0efd7adeb04d15b16edaedd11215d40,sp,delivered,2017-09-26 15:24:03,1,7.79,7.78,15.57,5.0
00471463a6106056c1a2a809f70de640,fcad74a7e0dff27c33e36cbd78280bf9,1e57acebf9849b1d7af7c21c14c1b99f,df,delivered,2017-09-21 22:00:44,1,179.99,85.97,265.96,5.0
00482f2670787292280e0a8153d82467,baa4ed05f22ffb6c4a41b71b699a492c,d4c784ecad19dfe09e63ffaf9ada82a3,mg,delivered,2017-02-13 16:18:07,1,7.6,10.96,18.56,5.0
0049edf42837aa808e03552a62bd2158,0f3a6d2c22bbdb61d02eb98f4a1e0dfb,c5cc879614b6acdf5b62db3edd062e81,rj,delivered,2017-12-30 12:33:26,1,49.9,17.6,67.5,1.0
004b62108b876867938746ad3154167f,7ddb7e4242fcc518842aade22f5bee4d,49e67d53accc3f7540aa695b147e8b05,sp,delivered,2018-07-04 20:34:26,1,110.32,8.03,118.35,5.0
004ba47bb589cdbc485e6025bd6d3c81,ab30bf72cae845f3814c7baa50ca549a,8b9c297f4874622ea42c249bba3854d7,sp,delivered,2017-12-25 20:40:15,1,49.0,11.85,60.85,5.0
004ca5ae248069d68e8594df8abf6ce0,576908744ae56c9cf061c40a434e2a24,7af7a47d87d53e6db00e70790bba0370,pa,delivered,2018-06-06 18:30:20,1,159.9,61.18,221.08,5.0
004d76fef3dd46eb4f70da049c8d1f93,e600c255f682a86dfd0c57d3b1d7417b,b96d7210632c1e88eafbf34998081f43,sp,delivered,2017-12-20 06:42:39,1,120.0,27.39,147.39,5.0
004eab0fd8f28adaf8d488976f77febe,c476ddfbabfa4624603e0b7f8e245057,5b861df2503dbc8ca307dfb7e18b300b,rj,delivered,2017-08-02 15:32:46,1,21.5,11.98,33.48,5.0
004f5d8f238e8908e6864b874eda3391,a69c820c317aa348d781a9d6732afc23,17726716a98c98a7806b43a789820245,ms,delivered,2018-02-27 12:16:30,1,122.99,15.61,138.6,3.0
004fb11815bc03b01b20a614eef69d14,9e2690a7ad4a0fd8bbf0a5b355d5e6ea,aaeafdd832692cf3b77f4eeded665088,ba,delivered,2017-11-25 13:56:55,1,72.99,19.75,92.74,5.0
004fb5e6f90a178dc74ad2b016649249,176a76443d14508cc976f1d84a44921d,31293649410caf78cd0a64bfc3ff3d78,sp,delivered,2017-06-11 09:46:11,1,129.99,13.93,143.92,5.0
005059edee63c8c708ba61910793b31b,d3b3960bebb0ff8c6edb75c8edd39212,cd6ab472aeca00c899a173ffea882881,rj,delivered,2018-02-05 18:25:51,2,184.0,35.78,219.78,3.0
00526a9d4ebde463baee25f386963ddc,5848ef3f994e18c5121d291e0daedc81,7e59d854b9bb4cbb2c85fcd93877c694,sp,delivered,2018-08-07 22:03:44,4,135.56,33.6,169.16,1.0
0055b77cca3186676c147f532dd2547b,3747cfcc18da3cff44fd440770d92d97,ec462378011c63f79ec53a2365d8e71b,rj,delivered,2018-02-19 21:47:44,1,149.0,40.37,189.37,5.0
0057199db02d1a5ef41bacbf41f8f63b,c664dc5de5b5f4184bc4ca0285b9f8fe,9a5b186787a143669398bd8083720c21,mt,delivered,2018-01-18 17:05:30,1,20.3,16.79,37.09,4.0
00571ded73b3c061925584feab0db425,3c628393675b42c6b5ef89461f68ecef,106106992030e0d83e6f1bc9d4054070,mg,delivered,2017-05-18 20:59:24,2,359.8,30.02,389.82,5.0
00584d79015452d19fd3d044ba3abdc0,85d84596608ea7f87175ca9521ee12aa,e4c1da04e1d03a2f6f276ebcb68b8253,sp,delivered,2017-07-23 19:11:15,1,109.9,12.27,122.17,5.0
00588f5f20fee630b83d4709e0a42715,b129d989bd1940915efbdc2d239386d3,0b9779c6ddf61db3641edd60f13be109,pa,delivered,2017-08-18 16:02:24,1,89.0,25.9,114.9,1.0
005997dca4c1fc45066d0a03d54a6469,c5b44be122ce413a4517716ad9dd072e,04373f7c105c306e9bdae55e5c70163c,sp,delivered,2018-04-10 18:01:04,1,120.0,13.75,133.75,5.0
005a1dded353107dbabf8ffc83a20365,d7165639dc4a682258711343560a17d3,eac51d2355307babc49fe52bc8b7d336,mg,delivered,2018-02-09 18:00:00,1,75.0,14.28,89.28,5.0
005b49de51a4e006055e8487a50ad8e4,366c88e3ee5ed365c8529a9639c8b91c,8797820f6554668a5b835ff74cd077df,rs,delivered,2017-04-09 13:35:38,1,46.86,14.52,61.38,5.0
005cad6157eadc7f1f09917607f1704a,3c3472f5efc17888458e428b0b9eeef3,3ecdba3759728beba1f9ed3643e133d3,sp,delivered,2017-04-15 16:35:52,1,96.0,14.84,110.84,5.0
005d9a5423d47281ac463a968b3936fb,a2be07c22a9d2071f65b6770e47f540b,6204c4e582a95b6a350adf6988623bfb,sp,delivered,2017-10-18 12:14:29,3,99.97,45.28,145.26,1.0
005e5166e99d1e4d0c4f808b0540ba94,0f2a7baf176f693c27c891360da9ef2c,7e198addd609b9169441891b3f0df2b1,sc,delivered,2018-02-21 11:37:24,1,120.1,16.6,136.7,3.0
005f25968fc854ea16fb16f5bdbc87c7,837cf66598995d5f51efd00d99ced139,d28e54a9487cb4d360a09e7a96681e20,sp,delivered,2018-03-04 14:40:35,1,69.9,16.25,86.15,5.0
00602f25bffa1dcfb71e202fbf9824fb,d91dc5b08f5bb5e181a878580f4ec576,a4e15c3b37a5bdc379b5d9a8b7b37450,pa,delivered,2017-11-01 17:45:52,1,39.9,54.02,93.92,5.0
00611822267e76e0055c25c18506f06e,8832232b097dba67d540a76f6ba88795,c0d9dda253199c2d4d3a2a255b77e517,go,delivered,2018-07-26 13:35:01,1,159.9,20.31,180.21,4.0
006127b8b9a1681a982313ed7129c3c0,1aac2b5adf8aec2c00fe67d06aa8ebc2,96fab6e511253d619ab79a63c31b29c4,sp,delivered,2018-03-08 16:01:59,1,540.0,16.22,556.22,5.0
0064d74f7de7917d54768d7722ad56ac,29dbee0c474f373b72267a9e886522ee,f793d2815c27a46dafc9c92a1c960103,rj,delivered,2017-09-10 21:45:29,1,189.9,31.17,221.07,5.0
006557c3221c1fcd02b0106343ab357b,ca9e43d2589e04a0608d8989d5c5452d,8f062a3d9b2c79e29cc3d8db301b6d39,sp,delivered,2018-02-23 14:36:15,1,14.9,8.27,23.17,5.0
00664284de7a3470d22931ed78615ee4,cc0f43bd4e0f3ed1a2165365d26029ae,8a996e32e8d729f4f10947fb34bf5763,sp,delivered,2017-09-24 13:12:59,1,43.9,11.85,55.75,4.0
0066a1fdaee16ad5022c5ef979d0b661,f19b59fc51f101023eb15bfbcca65f31,08b76bd6862f5b38fafcb80a4eac3bee,rj,delivered,2018-06-10 19:52:27,1,139.0,87.28,226.28,5.0
0067c6030d65af0ff98790158ddb0020,a780c20430b67279f7a0b43cf94b1738,8a44fe7a0a9fa910c26bdf99933e36aa,sp,delivered,2018-04-27 21:36:27,1,40.35,13.71,54.06,5.0
0068468c453d28c8ef3fd089e50a5847,6460086b02eadee2bb54c83af13698b0,051be26c01eaee2404f19132b80da15f,rj,delivered,2017-11-24 22:25:25,1,469.0,20.85,489.85,5.0
00685d31ae12e47470ba5c18ba74f22c,eac2fb60d3f12675772fa03f9d8f8ddb,f113042ff356f926d517f3087d4a1ba8,rs,delivered,2017-08-27 21:41:16,1,59.0,16.17,75.17,1.0
0068c109948b9a1dfb8530d1978acef3,34417388de13fbcd12cfcbd9d1b8dfbd,d3581765bcf955dcf282b1642c74157c,mt,delivered,2018-01-22 19:46:58,2,71.8,31.58,103.38,1.0
0068e836900867da359bd81db9227a33,26355ea90aab63ebf5e90caa825a943d,f765c27dd5ad5be41dd370e1ee4657b4,rs,delivered,2017-09-29 11:24:09,1,96.99,16.44,113.43,5.0
0068fb0e223115e911d362627e8b8800,f0bc088c671f31458f73cc1a6a347842,0a0c4bf0b7fcb55a0d43abff1ea4569f,sp,delivered,2018-07-18 10:46:09,1,77.9,13.89,91.79,5.0
006c42f310102c1910b3c5793ce5fc34,d63e92aea6fb367972e3cc4f232a1976,fca073b957482b8bb92de22e5e9c80d6,pr,delivered,2018-08-06 16:12:32,1,229.99,20.8,250.79,5.0
006cb7cafc99b29548d4f412c7f9f493,97dc92f1aae3a7db8b252d1b8466910e,d5faae3f913e775994e53068992969b5,df,delivered,2018-02-17 14:22:34,1,56.0,14.14,70.14,5.0
006cba07f62f921fe4f58365bde2b2eb,c4e00400b6f79caa802740faa2829161,daec6ee742b2b2ce14fcb41bd844045a,sp,delivered,2017-08-14 20:28:45,1,69.99,11.99,81.98,5.0
006dd93155bc2abd844cc5eed3a0fe7f,1b9506de3da8fd318853195b13fb2dda,fd01a8dd276ac93aec73fde385389de9,sp,delivered,2017-12-02 01:20:28,1,49.9,7.78,57.68,5.0
006df90050498994d670b40da4651d22,5c94f28f54aa13e14aaf67039511f318,55b66f38e36f20986ecd81eb16d5dad4,sp,delivered,2018-08-13 13:59:20,1,14.0,7.39,21.39,5.0
006e05e81c068ddc38e48ebe189b922e,ebcf50ec311622a9b17a720a655a489b,41e36b7ef606e5f8d7d85358fabbdd88,mg,delivered,2017-12-27 21:50:43,1,29.0,14.1,43.1,4.0
006e43460a55bc60c0a437521e426529,23bfd4316e261786deed5a08231c75bc,1df0a296f852bdf1a17b085730f4b894,sp,delivered,2017-05-11 00:24:35,1,99.0,43.06,142.06,5.0
006e91ddb0674525f84ce0da0655c7ba,aab60551b0c17b5dd31690b0d1bf3911,42572eaafadc787ce69afad9af65a7b7,sp,delivered,2018-04-10 19:17:15,1,499.0,30.35,529.35,4.0
006f7dfffe2d90809598e8f1972b829b,6031cd91d182925af3d38ae9590e5afa,34acad212e30cd0d511be1034e2f9821,sp,delivered,2018-03-22 22:52:46,1,39.85,12.79,52.64,2.0
0070092bb6004faafa287e5fc35971e9,399d1e628c48b7c3b6389098be566cfd,0ee84527dd65b0a7fadd79df2fc273fe,sp,delivered,2017-07-25 11:42:58,1,149.0,14.06,163.06,5.0
0071ee2429bc1efdc43aa3e073a5290e,081a2d41949e652a50988fd39febb4a8,d462d9e30ff3df8b64ade2aac3cafc7a,sp,delivered,2018-01-22 11:08:15,1,359.96,24.92,96.22,4.0
0072847849eafe70995fa51a714c81ac,727dc68f327d34b77009f5d3da5250d9,bb7422969f2b502894c5b02697ba986d,sp,delivered,2018-05-14 13:44:52,1,219.99,14.9,234.89,4.0
00750f68bb64537034e93554c64b41b5,49b0b78f8fd6fc95605c46e685c4b611,d77caf275e9f22055520d5a58bf0691f,sp,delivered,2017-11-12 09:50:55,1,129.0,8.16,137.16,5.0
00756576f4e494406945ac21cb82cfe0,f51670c66e7e928844fc66261ed1b91b,4ddf25b85103aa90e4e53f275db83285,sp,delivered,2018-01-30 18:08:21,1,137.0,15.71,152.71,5.0
00772b2af35643653f108fdac1155ee3,3fa57a1801314f5064ffebcc14d2063b,88fcb680dc8cd2e540010c0750b78242,sp,delivered,2017-04-24 10:53:12,1,37.0,10.96,47.96,4.0
00789ce015e7e5791c7914f32bb4fad4,342c4258969c528c3469db9acaf6b0ad,2605c5e0b518e57802205cfb05246774,rj,delivered,2017-06-28 23:31:33,1,154.0,14.83,190.81,5.0
0078a358a14592b887eb140ef515f5ab,e1f35a414cbae52d09c294b3e58c3e89,a6f9ff98ef3cedac9d8a2b88afc89972,go,delivered,2017-11-06 15:42:42,1,253.52,82.86,336.38,5.0
0079bca8e89bd52fdb87408e4f3fb94d,137f50d5bfbcfb9578c50605cc9adb16,9bc0afc85b2f40c797f96f7911397708,sp,delivered,2018-05-03 18:55:20,1,49.9,7.39,57.29,5.0
007bbb40c95870c0f75a7855f2636c65,72a46280034e63cc3703b1f969f65733,dce5c2ba30e0cdab93060715a2f7dafb,sp,delivered,2018-04-24 10:37:50,1,148.9,13.95,162.85,5.0
007beb35f98c075747e6fc4fd1c0cb73,e5c49220ea97eddff8b1fbb594913a43,539a46fd0fe17b457ea27dacf709c406,rj,delivered,2017-09-23 08:32:53,1,64.9,18.69,83.59,4.0
007c7cb12ef3567531307ca78d395758,b4c4af6dbbbbafcfd8d6863fa0fc6e61,f9b89cfe153ff980aa3d8dc18b380888,go,delivered,2018-02-20 11:31:56,1,179.0,16.0,195.0,2.0
007ec946d4f798caf2b43c9d44c56421,3ace63287bc8b41172016c06a5093808,25e6bea0f352b9c61d1bed324da0f5cb,rs,delivered,2017-11-24 13:05:15,1,27.9,15.1,43.0,5.0
007ff0b0f79be782f633fc3b18cbe337,fc021f2dd664b49455528422c77b6aab,cbb7fc5fc1e854d9ee8f03c3eab82367,mg,delivered,2018-02-03 17:46:53,1,39.0,16.11,55.11,5.0
0080eebb288dba1857ccf048dfe6bdfe,6dc7d8b1ac961fe9d43edb6ecadd5f10,1024d89da874e3e84179752404838ab0,pr,delivered,2017-08-11 17:43:46,1,7.0,14.1,21.1,3.0
0081ab2c99dc85945c28926b77dc6960,410b01953ef40c9962bb6dc6578c7ff1,b4280a4f708b5e554795989590a542e8,sp,delivered,2018-02-14 22:19:37,1,269.0,10.7,279.7,2.0
0081ce648af7d6a7bac2a93b6035d1e3,21fac8ff24f5231ff8f105323fea28a7,83ae47dedb34563d71d7a406f282d2eb,rs,delivered,2017-11-08 13:38:11,1,99.9,17.95,117.85,5.0
0084209c576daad6ff4534902fcb4892,7bfe2d37d3643c4bd9fe6fd5c4228d0e,f3c96794acb463d2a2785d4eb46af0bf,rj,delivered,2017-07-05 13:14:26,1,69.9,15.24,85.14,3.0
0084e195fbd72ae51599af47f04afede,bd8d067426b640b65c68dd3ee6c71d46,42bb190d26c930a9e7488bf0abbe87ff,rs,delivered,2018-03-14 23:57:00,1,89.9,23.13,113.03,1.0
00858d03144cc35cfd1dd043647e7c88,54f0f481cc9257023435b76aa5e647db,89ec7229219bb8b0c1d0da3b74977e23,rs,delivered,2018-03-14 22:53:09,1,165.0,19.03,184.03,4.0
008720830a8a30e39e6f22f81818a141,f1af79ed0c452b79fec6a0217f60a6da,634348bbcede56e5731bfb277a34ca80,sp,delivered,2017-08-13 16:44:57,1,57.99,11.73,69.72,5.0
0087889a1c836be17f58afd7f1729a4a,c6f1de87b7344ea1d33400c3c15b1a47,a2dbc98e10ce1a8a3a0c98b4b41ef63c,sp,delivered,2017-10-23 11:03:27,1,259.0,10.63,269.63,5.0
008819c6d5f6da6fa5cd9d50ca927cf4,f453853c7750dfea2b35f2a89382003e,f3591ae7686317e84ebbf646bedf3e24,sp,delivered,2018-08-04 21:40:35,1,55.0,7.65,62.65,3.0
00891ba5de66f55000ee358ceea9b345,03ed7b1b35f2e55b0f4d0b9e4e07b0c3,d0cceb06b81f83e06c5cb63c3f9cb8d3,df,delivered,2017-05-14 17:19:43,1,133.0,16.69,149.69,5.0
008990da719764fb392914d8ab53ad04,cc4e2f483459498c9ce82a70ff415752,d3391cadc57741a0defe8a569e476813,rj,delivered,2018-05-11 19:20:54,1,35.9,18.23,54.13,5.0
008a1b3db2a8bf63418c2cf7c7f494b1,cc2db083341ec9bb757b9f9a70b289d9,ea9657105a8bd47c0a60e1f2a8f2842d,mg,delivered,2018-04-02 09:33:25,1,14.89,18.23,33.12,1.0
008a40c2b8b21893e04945ce58854b55,a11dde3e6e22e6541818f5e81563bfc7,5c88de047e539f2ed9a643b3c7522f14,sp,delivered,2018-04-29 20:26:41,1,99.0,13.0,112.0,1.0
008c3a655c66f4d92370d0d422732f69,f9f9943ef9d29a86f10de3b43cd84356,2b40d79d838a6fa4022ee7f7070bcd6d,sp,delivered,2018-03-04 23:15:49,1,90.0,9.44,99.44,4.0
008ce8764db2e397e153000e017475b6,763a720a236f5b8efe8220ef8b87bc81,00fb957ae14ffd35a3211d8aa6d9cf9c,sp,delivered,2018-05-18 20:42:47,1,43.49,27.39,70.88,5.0
008cfe221ab054c89bc31720098cca51,9890d391eac598a0bba5c6b6be617388,3b25730ea4e83eae8c0e90b100dde51d,sp,delivered,2018-08-08 07:52:21,1,109.99,36.85,146.84,3.0
008d9bf350ff02ed444b3452cf3f57e0,84f30d2805ae1bddbe5deefc84c80cd0,0511b00dba27c937d7c1b15aa385359e,es,delivered,2018-06-04 08:57:02,2,19.98,30.46,50.44,5.0
008dc31c0ae7121f2791953ae5f532c3,0855edaada8d5aeef50b56f26e604932,429fbed971f52697e9bd392d94787bc7,ma,delivered,2018-01-06 11:22:56,1,28.5,34.15,62.65,5.0
008dd5e80ebf8f849aa0c5bf4e22ce7a,3c138c472fb6f243ea59fa2589b20440,4125ca92d09b7d7a7709209878845a0e,sp,delivered,2018-03-20 20:31:23,1,199.0,8.74,207.74,1.0
008eaf9004164883520d0bd32b107261,b2a65630374da38ec0653226f3ea4dbb,b7eccb8247dce2f986bc667143eb475e,rj,delivered,2017-07-10 20:42:56,1,135.9,21.44,157.34,5.0
008f831b7185cff7ab35a46c37d64cd2,e19a18812eb4e4fadf5db16932c2595b,18cd91b09cbc8c28ae022b38889aeb5f,pr,delivered,2018-06-30 11:39:38,1,249.0,37.09,286.09,5.0
008fab5602c441d51f30b1464f5d4643,337e39b83fac394e62eb7876f45ee981,7e2a8ae1e36400f3da3f99af72023648,mg,delivered,2017-02-22 10:37:41,1,49.99,15.56,65.55,5.0
0091a677651feaf5a08d7bb147681e14,93d82c58a8f2b0d2db80f16867b99edd,40774d861c6ca4cc0139739a04d930a8,sp,delivered,2018-08-24 13:27:17,1,38.0,7.53,45.53,4.0
00921e4911895b93c7b4fc0d80c0815e,0825646a316d8b2bdddea079a5e01fda,be2cff6c84f1683300337ecd499992e0,sp,delivered,2018-06-13 13:55:55,1,85.0,11.62,96.62,5.0
0093cbf16a6afb7f0ab7cc821b6f9e92,dce4e5a6bad0519b5c92cd5c4bc880d5,89b30dd291178926f8564ac63b8d663a,sc,delivered,2017-11-11 13:05:52,1,117.3,25.66,142.96,5.0
00946f674d880be1f188abc10ad7cf46,9583b047c90d4aa1c5c68b4065ba7f4e,1d74273c053909be057f50f65b48522f,sp,delivered,2017-12-09 19:11:22,2,199.8,32.92,232.72,4.0
00949655cdd8d0465e433a5e6c9643e5,141bdfe99910207edd84c00700397580,211391a801f7f19d9dcd7bbe813b2622,sp,delivered,2018-06-25 21:14:53,1,18.0,7.87,25.87,5.0
0094bd07f49fed90209ffa62d1ef26d6,de0c1a4d8c367c58d66e61dfa379f4cf,67339b5ed21a26219ebbeba53fba836a,sp,delivered,2018-05-01 02:04:16,1,11.53,7.39,18.92,1.0
0094d4660e323945f84f5c29eb348aae,b2381a85f8237639da2719cd5981b007,576a1f3bd1b073f5a84b23075a37b90e,sc,delivered,2018-01-24 22:05:42,1,269.99,39.41,309.4,5.0
0094dc9ea7e3cd54d95aea42685673ff,5c98ab90d6e953f282ff28ebc43a090e,a6b24ceddbf05b497a2dcdc301984aaf,rj,delivered,2017-03-07 21:48:19,1,89.99,14.8,104.79,4.0
0095790a64527ec83aeaaf99023c050e,6081c7acb40f63731b3c982857c79581,35ecdf6858edc6427223b64804cf028e,ma,delivered,2017-11-15 13:36:30,1,19.9,42.76,62.66,5.0
0096668e5b0b8e9657a6f7209a4e58b4,b6fbaad4eb3a0794111683dca8122610,839ec7c231c579ed10ddab6610f8f12b,sp,delivered,2018-07-11 13:33:21,1,166.9,13.47,180.37,4.0
009742b43f4530bc3db7f62332c50f4b,84dac31647902f79570207a7f29c2675,bcbab0dedb521d9c5412dd8913b2c900,sp,delivered,2017-10-24 15:15:58,1,133.74,12.44,146.18,2.0
00975e709cd12c34d3bd44e4a7f7a876,3c52d94017a3d96915999f30cf42a9ce,ebcca806966fdf4317d0741eeee16004,sp,delivered,2017-08-21 12:54:37,1,86.8,7.86,94.66,5.0
0097aafe2a01dd54e39888976160c377,6e6943d8c4822ead782b17d532e6ee63,2302114645331312215fffbe07aab78a,sp,delivered,2018-08-23 14:41:37,1,62.0,8.59,70.59,4.0
0097f0545a302aafa32782f1734ff71c,a60b063f8b715db294b889eae5acb4b6,dd12487859031219d411baa6f6ac20f5,sp,delivered,2018-03-05 18:15:11,2,466.0,41.84,507.84,1.0
009838529bb913846ab6670d22865381,062cc8c5ff387d407645b93970baee73,062238d27c69d03c3cf38b199d6a17a4,mg,delivered,2018-06-14 09:08:47,1,129.0,47.4,176.4,3.0
0098dbda25722a3f019fe252a0cd10b3,6ecb390e8056057a25a1b49c37206958,8c81d87b1a876ac44f968c7f112501f5,go,delivered,2017-09-19 18:05:34,1,143.54,21.49,165.03,4.0
009905140e9f8cc35d5be897937381db,c5452f24faa0b6d0febc5ec4ea9e3b13,55c30000d759e95fa8d94da28ecd3288,go,delivered,2018-03-15 12:33:45,2,79.98,36.46,116.44,5.0
00995d799817ecc3bd2abd8fbe59c430,266636baec3cfa8d854713f0b465a2cb,f507945d757fe904ec16d8e7bb7ba7ad,rj,delivered,2018-07-26 11:25:18,1,49.9,12.92,62.82,1.0
00998f38df3012359ef195ca75ebb329,592fe733eef8c8ab12d27a84a98c94a6,40ab3e4a058e03da00c83586c4001193,pb,delivered,2018-05-11 11:52:34,1,119.9,23.34,143.24,4.0
009ac365164f8e06f59d18a08045f6c4,7887f43daaa91055f85b6dd23cccdfcb,1e5dec3847fa11b24069995161a7b95e,mg,delivered,2017-11-23 00:03:52,1,101.4,90.6,5.33,5.0
009c278fa2ed6e7ec498200b60193ca8,f016a9301ce9a894a43e607fc0355014,ba0a20e238448e2ae8bedaf7a8e04393,sc,delivered,2018-01-11 12:58:45,1,29.99,15.1,45.09,5.0
009e11afa25aa95ae78e60a793995c9b,1b7c152aba1c7478309329cfec0bb5d1,b3c1bc5b24affd7cfb96752860b44640,am,delivered,2017-10-19 23:56:16,1,30.99,34.15,65.14,5.0
009fa9bd0d92710e840793bfefa80867,ed19fa6ce948d52be769926c2baaa17c,0124721bc33e0aa6772b42d4ccfd01db,mg,delivered,2017-06-14 09:44:30,1,84.99,15.34,100.33,4.0
00a0116ff15ff973ea16bee881208ae7,89a187407adfc8a32a4d6233a6a237d8,c7e193525b2825ccfe5c65875c0db1dc,ms,delivered,2018-02-18 16:22:23,1,149.0,45.12,194.12,5.0
00a12754417a49a9dec20361849aa917,4cb9c04be8cfbc5c1e0519344c72a5ed,baa8514552c2181d27fa72c8fdcbb36a,sp,delivered,2018-05-08 21:58:57,1,48.9,8.82,57.72,4.0
00a13ab02fbe82f78cd84f14e41564ed,9ac1fd75f48d0f50af8400cd461495cb,6e766da2653f726764bc9879a3512931,sp,delivered,2017-12-09 19:22:59,1,159.49,8.86,168.35,5.0
00a174dbf11967d260033fa6ab711493,ae06f7ef9cae527f248b5401c5663265,898106ec3d6efd802c031b7e7bbcc1fb,rj,delivered,2017-11-27 10:29:23,1,249.9,41.53,291.43,1.0
00a1e977cf6e672402963940db55d919,e0dc8ea464de23db3b4aa5fa6ae07cc3,383fa1a759c0437605732a46d4f43d2c,df,delivered,2018-07-25 16:25:31,1,24.89,7.75,32.64,5.0
00a250dbdb3153cc6ecf4d3f07ef6a17,ccff27cfcda46bdff5e51b6e6711a85c,8004f80e361a5ee23aadb7418a685fc2,sp,delivered,2017-12-10 18:07:24,1,53.99,7.78,61.77,2.0
00a379dfab816a83741012b71b264098,5e3b89299a7d6e3e10f9bc6e77923f88,464a3d024ae34727fcaf86198537f5f1,sp,delivered,2018-08-03 19:50:50,1,15.99,7.39,23.38,1.0
00a3a334aec7455a6d3319981499a3da,73bcbe6adbf53dee67bec4399c32b98b,a3b14b09ee78619350083da5c35f0193,sp,delivered,2017-10-25 11:00:28,1,24.5,11.85,36.35,5.0
00a3f1ef430d3984dece2f39d6cbf431,6220c6ab35c110dc7945b0bba49dc486,9b5ed7dd6e900a8dddac78911cc22562,sp,delivered,2018-05-18 13:28:08,1,179.0,22.99,201.99,5.0
00a4d94df1c9757661679b2f4bd6d311,6fe655df4b9e1e4a3fc234cec27c55aa,c934b7146180892c1d0c54bd452f0fda,sp,delivered,2018-04-26 12:41:29,1,37.9,21.43,59.33,5.0
00a500bc03bc4ec968e574c2553bed4b,3d2f26eab3f79dd1fe9977f615e70c2f,cd88b962adbc4b174353217f99dc6174,ba,unavailable,2017-11-23 10:53:01,0,,,555.99,2.0
00a57dfbb049fbaae10763e2cf15f797,33653a722db1d2f6bfe739b3a07f11d6,01689985c22786e41347d5167048b25e,ms,delivered,2018-07-20 11:09:30,3,269.7,67.68,337.38,5.0
00a690becda145533fa5a54daa7b6ad5,2826dbfaa1d90ea2b97c93c35fc4cd92,5d5fe6ce70b1d9f2163eca85df9e6f85,mt,delivered,2018-04-08 21:55:50,1,88.34,29.08,117.42,5.0
00a77f9cc25b05b2004752593d7b8888,acb6cc6ec99086b8b53c858a0731c189,87dff19086a1aa321cf06195ab40631c,rj,delivered,2017-06-22 19:53:24,1,177.9,18.5,196.4,
00a843f5a80c7aea894c558acc29f513,fd967f807427c24072652b1f62d4fe47,2c06826e53407560a26cc44d66d22726,rs,delivered,2017-09-01 13:09:44,1,32.99,14.1,47.09,3.0
00a870c6c06346e85335524935c600c0,8a4ecf2e2fa5faaaf02827b368c0c17b,6e73ccb686c79f2406264857ad8f19ee,mg,delivered,2018-05-09 00:10:08,1,69.9,0.0,69.9,4.0
00a9536682ecb394a3794c1608200803,3d64d81cb7d22325994c3ef4ad93d2e0,c5f6047fb345ffd234cf5b26268988be,sp,delivered,2017-05-12 23:38:09,1,109.9,12.27,122.17,3.0
00a99c50fdff7e36262caba33821875a,7a399396442d5601cbedfbd0a3cf1da4,60ec651482858c327c177cf9360cc0a2,ba,shipped,2018-08-17 16:25:04,1,52.99,22.3,75.29,5.0
00aa423621f35a9ca6c6240f275b0640,121e7c7ff597fcb5ad44189ffccafa70,6d00d37733cf5dcb758f7e1b35829411,mg,delivered,2017-11-23 14:51:32,1,110.9,14.51,125.41,
00ab1aba567dfebdc39caa4e7ca2f1b2,f2a48c51664d5ca2d7401f95994bb8a9,8f060d52f9c6e9244dc0cba5951bb6ff,sp,delivered,2017-09-01 14:01:04,1,35.9,12.48,48.38,5.0
00ab210695a17fe10e6b23616ae5bc97,c87e0e6aa4b3321adb017785ff605af2,0697142614905a50813d854fa08b8eaf,sp,delivered,2018-06-12 06:19:27,1,39.0,7.53,46.53,4.0
00ab3a43bda739029ffce95d3b2fb56c,c9f69364407bc8db796b2c6f1c353f61,c683ed9776a3bb038982ef2aaacdb9a5,sp,delivered,2018-08-10 12:09:15,1,27.9,7.46,35.36,5.0
00ab9fa91aafa3d881164b0da48999aa,8630914c34f45ca88a7589cddb8e0ae2,ead67853687963974dfd6a3c23072deb,mg,delivered,2018-05-25 09:47:21,1,579.0,65.34,644.34,4.0
00ac05fe0fc047c54418098eb64e3aaa,8935036852a292fe1f61a03c7d51831d,c7e96f28f6556e49a8cb36b624a2b117,rj,delivered,2018-02-18 14:19:55,1,99.9,23.57,123.47,2.0
00ac2a1ec784f71feeb7ba1e5959750d,47f6898621126fa91eda967684efadbb,9982778ea04c8e76b329575deb442364,pr,delivered,2018-04-06 11:26:54,1,37.0,19.32,56.32,5.0
00ace652c8a5072670f30674e5f19844,8ef0a1cf31ce44185f0ee98fd976ef70,bea868f2d5335db6ea59f0028ca47515,mg,delivered,2018-01-19 00:35:45,1,116.6,30.66,147.26,3.0
00ad1a02d4d9decad15c7e8f8a9470cc,db4ce50bf63f8c1a9518462b0499aabd,f513f0c6703eeca0a7c917c3fb6e407c,ce,delivered,2018-08-04 12:40:43,1,49.0,19.25,68.25,2.0
00ae7a8b4936674ebb701d4a23719a79,a7e8a3cb55d9c9a536992c6465a46a3f,f0b9f688a3b9151bc6b38f4b5b36ea44,sp,canceled,2018-05-09 14:14:06,1,27.9,9.26,37.16,2.0
00af3d9ddff7f256e83d79247dbe1a9f,279084854f91753f3c2feba81d4573a5,4ecad7e3d36a7e834f1095aefcc54521,pe,delivered,2018-02-21 12:11:48,1,65.0,25.73,90.73,5.0
00af53fdc2002f5b6a8f16db648e003b,b1517b4078772e718a46e03f9ea9321f,7062c39f1843312ff40c29838e4a8960,sp,delivered,2017-06-20 15:00:00,1,39.9,11.85,51.75,5.0
00b12f4674177ef40c4bdb034138c843,5d6daccfa147ddbc4d54826f8645ca5c,aa584bf61054b3967bbc9e8c6f74159f,sp,delivered,2018-07-15 19:47:30,1,105.0,17.87,122.87,5.0
00b1861aeb89afa498404c684148a619,b8e531fc27d1abbe69022fc27589b3a1,96e7f8f0dbefaa6e16563ac77d339bf0,rj,delivered,2018-08-08 08:18:03,2,51.58,46.66,98.24,3.0
00b1cb0320190ca0daa2c88b35206009,3532ba38a3fd242259a514ac2b6ae6b6,4fa4365000c7090fcb8cad5713c6d3db,sp,canceled,2018-08-28 15:26:39,0,,,0.0,1.0
00b2d2f2b5f7b98e6b1828764660134e,afc13494642f88d253be56a1e353e261,2b22fac410c77b08b937809c68e7481e,sp,delivered,2018-08-09 08:27:54,1,146.01,13.68,159.69,4.0
00b30bb163474583c14db1689259cf4d,b626b511cecb256e0d1514d883084a38,1373e04979cfa0fb2092909abbd57f25,ba,delivered,2018-01-31 13:57:27,1,189.9,26.61,216.51,5.0
00b402e8a76d3da83714c52d3977cc2d,ffca23943c4b620ea24812018373fa3f,e2421eb09087faf4f51661d176aee08d,ba,delivered,2018-01-01 18:03:43,1,139.65,26.26,165.91,5.0
00b44ba3d7c4a5e9a9ebafef9150781d,0b5f6687d659478f1747caed607c4ec5,77367b6fbb034ca710d4f41aad009151,sp,delivered,2018-08-28 21:10:46,1,59.9,7.68,67.58,5.0
00b47ee856118583dbec7d1f9b18d847,7f6a163f7d28e407e5eaa735bf7014c5,3e13e5843eacac8a8ec14b42e8a7174c,df,delivered,2018-03-26 19:58:48,1,13.65,15.23,28.88,4.0
00b4846d477a7baf5d4e47970bc08c7e,fe2b285a4d3936b9a37ff7460a0d403f,7113a50db7ae2bc6f93d766749e5125a,rj,delivered,2018-01-22 16:17:31,1,31.9,16.11,48.01,5.0
00b4a910f64f24dbcac04fe54088a443,d70e5eac00a9d35a3cb193442c0287cd,4831f388aaf5dfed43c1bd4455f37eac,rj,delivered,2017-01-18 17:55:34,1,67.98,33.2,25.29,5.0
00b4c651133c06fb175123a492f1cac3,965cef866a59a3cd6d1e92ba0ad2c779,9e11a53a57f750f786cf63a2c4543b27,df,delivered,2018-08-17 12:56:21,1,158.9,14.59,173.49,4.0
00b5e1c770b1868ec1b6b726be3aa9b9,8d9cf828f7181bf76915fddfdbb4148b,466731c3fc40a57fec44f98e97e1a55b,sp,delivered,2018-01-03 19:13:33,1,47.4,11.85,59.25,5.0
00b676b01c289cc661c6f7732492771a,ca9a6ae226341827c9614ce7568db46c,15b521471c36ed411359347ff8257b79,sp,delivered,2017-08-02 15:30:42,1,50.0,21.19,71.19,3.0
00b6c055922e0ed2d88efdd252b2fb64,f7bdab6e68a28bf26acc7cbd785790fc,95a4a22f35928ef1a276bdef2d07081f,sp,delivered,2018-05-01 16:01:41,1,59.9,11.15,71.05,4.0
00b6e66f005a657a6b13eedcacdf9342,3f0ce4e8579d852bd56ab8bbe66f1870,6ac4c2b8476a9b14dc824e2cda804dfc,rj,delivered,2018-08-11 10:47:05,2,398.0,79.32,477.32,1.0
00b7174ea52bb811ebe2663add51afc0,2ff1efea5cf92067b167101227abb467,0d51e04ae0b1d341e4f49812d1f4fbe2,sp,delivered,2018-05-16 09:57:53,1,69.9,23.07,92.97,5.0
00b8d354b36820e9d6131fd5173c5581,a17846ed33d62b0e48c6f07ce9132318,43eb0e993502bd4cbd3400a492a5444d,mg,delivered,2018-02-24 13:05:44,1,50.21,15.1,65.31,5.0
00b9e0f8f588d0406a3de447eb606970,282ab86c49646e5a18507b088ee0d74c,680b9de0221bb1b59defd49ed2a5d948,rj,delivered,2018-01-22 11:18:35,1,39.9,16.6,56.5,5.0
00ba414462370af2d76195d12e0d5481,0623ac95ea8764ca730185db76ea56a0,034f3cf671ecc03610f2ce339ee72f4b,rs,delivered,2017-11-30 10:00:43,1,24.99,14.1,39.09,5.0
00ba57ae98928df6ba6ec9d3d8d4b1b7,8545a9b7b5b52bc607f0fe72c7dd323e,6e0547a3483b069df1f0fb2414669584,rj,delivered,2018-07-16 22:06:13,1,130.0,19.01,149.01,5.0
00bbc4179554524748f77763ddd62266,a338432949ddc9b9e6bee3d2695d655e,a15630ebd61b2a42d78cb93fbebeda88,sp,delivered,2017-08-08 21:04:16,1,89.99,7.88,97.87,4.0
00bc78808b22918a467b2fa4b8ef5d68,ca0aaedb924d47b85407a1130582b836,14b1fe83a6c8579f0502b467afe01b7c,mg,delivered,2017-04-23 23:28:23,1,69.0,15.69,84.69,5.0
00bca4adac549020c1273714d04d0208,1541ebabf956d17f3afe883790bd7dd3,6968d01009b952ed987de42a239d7fa0,sp,unavailable,2017-02-14 14:49:29,0,,,111.3,4.0
00bcee890eba57a9767c7b5ca12d3a1b,3cecfffcfcdbac8b85cf74dfc8a60166,70457f5d80967f5f4083e0cde7e89ab6,df,delivered,2017-07-22 20:51:26,4,672.41,100.09,772.5,3.0
00bd2cb7e9076e1ccc9f766fc01a4cfd,45016dcb53fa07cb0c050dc78b2d6f51,c5fd8c6fc581f9792cf214b22363671f,sp,delivered,2018-04-18 10:00:14,1,98.81,13.81,112.62,1.0
00bd50cdd31bd22e9081e6e2d5b3577b,1e47b918581b562a9d8d9f85fcb9b1e5,71a5182c33ade63d4f8b42f432b834c0,sp,delivered,2018-01-14 22:31:54,1,234.0,23.4,28.6,4.0
00bd8cf08fa3998ea6ad6d16c2165822,03e0ca8ff692a46af071866422dded4c,4cfea1c0d66ed41b769d78040e59fa73,mg,delivered,2017-12-01 10:47:44,1,21.8,12.48,34.28,5.0
00bdcdda88e6b02977fc6ce3d412c600,45ba03e2c6bbb5dc48131ba32ec3ae5e,1148e7e1daf6d2378b814e90506e9d26,rj,delivered,2018-06-12 09:51:55,1,118.9,18.93,137.83,5.0
00bdebefeb760588a3425fad9dfed3d9,c14cec6645dffb638b0cbbf9daf4a557,0a4e2ad7c04efe811bc08978563c7b09,sp,delivered,2018-03-08 15:59:34,1,119.8,20.18,139.98,5.0
00beb247698c6aae94e3f859d279e2cd,fb6730884fc4466765ef8619cfe90ced,86c7815d3793c770f05377f877736e95,sp,delivered,2018-05-24 22:21:17,1,45.0,7.39,52.39,2.0
00bf1320ffb5fe47a845feca16c0e0b4,1a4dcc966b712214d7c0d25f13fa2deb,585a7960832446ae265d9d254b542ed0,rj,delivered,2017-09-26 12:58:43,1,449.0,20.39,469.39,5.0
00c00d5b36157595e21108ba1da2828f,2b27fae969b7d2bc173e466a742e50c6,ecdd7200b5bc4a68c5e75117d61a5751,sp,delivered,2017-09-11 19:35:48,2,279.7,33.22,312.92,1.0
00c2335723b9b74668062e946dc66621,4930dfe106be258618f6907e8ce8795d,e26c256b09efa85577c1c600cf1e9bea,sp,delivered,2017-12-31 01:31:16,1,18.9,12.48,31.38,5.0
00c405bd71187154a7846862f585a9d4,1ab52508d3c58d96241850142347b75f,58b051c30d684ac12a2049a49c856203,ba,delivered,2017-10-23 14:59:46,1,209.3,117.53,6.67,1.0
00c42b1633c1b2fa4e937bf312466561,36d63113a38882f3f464f8eaa96c4b1c,1f90117a847636892e3c5bf569f2ac68,sc,delivered,2018-01-13 13:52:54,1,39.9,15.1,55.0,5.0
00c47cfa491ef55779ec7557673087fc,7ccd57bc5c4e0f34fcbc9209b2d4bdfa,71d5e9bcbe05f2adfa08c33a109c12e0,sp,delivered,2018-07-23 11:36:26,1,59.0,13.07,72.07,5.0
00c47fefb9a49baec12ab3654d7f548e,411373e81bbd24b0356ca1274e9c03fe,c555d42202667b1e09e50e7667b6a663,ap,delivered,2017-12-06 00:08:49,1,199.0,67.69,266.69,4.0
00c4f17dcb94448f27a2cbaa83f10a4b,92422ec9b02504c4d12eecce874990bf,26ffd81154d2a5dbe5cae3dce93289bd,sp,delivered,2018-06-08 19:18:56,1,32.0,7.39,39.39,5.0
00c62d05602c1ca8164b98746d127fa8,2c64fc3c9f0672a9f2481654a7bf109b,74e18f891a58daf76d6bc822b0dec66f,go,delivered,2018-06-03 11:10:53,1,110.0,18.35,128.35,4.0
00c763284c0056eed753352f5559ff0a,0bbbcba4fb2d97e129f2f2622d82eabc,521af0bcb7fe9f806c95e09422b38a43,sp,delivered,2018-05-31 23:51:24,1,79.9,14.65,94.55,4.0
00c81b6675ef9ecaaff5fc1d6720b96c,9bc4a258f344f7de44ca841d25a497fd,f372db7693e8b9df2f201a59b1a15c20,df,delivered,2017-10-24 17:54:41,1,24.99,14.1,39.09,5.0
00c826c901ab01b6f598a8f0c9b56b82,cd46bd8781c25750e96a37a5e32450cc,b9b70004b9682db7a07defb7ab1b475d,sp,delivered,2018-04-20 10:24:13,1,79.0,13.91,92.91,5.0
00c842d0ae6462afc1d38fc055b02c75,3eb456ae69430643eb134b74ccc4f261,9065112d8c6b59afef09c2fc67c5025e,rj,delivered,2017-11-08 17:36:48,1,59.9,17.67,77.57,5.0
00c8be06a8029e300dabd52c7d4c6ad2,5508ab552ed2d4da9d21e777849034d0,9afc29b951c1e0fae7d91fb3192d655d,rs,delivered,2018-02-11 00:36:56,1,19.9,15.1,35.0,5.0
00c8bfbb0a1224dcdb0180a544247159,97cba178632e2fed3edec61ce374fb60,8396c03f207f8a7b155a99fc1e56a98e,sp,delivered,2018-05-06 21:33:24,1,158.0,15.2,173.2,3.0
00c9474e0334f7a4ffc8c3a8bd21a51e,e84d9c0fb40fccf1b0e326e840f6a8ec,1ff3cb11d59e1782c6fc95912849a62d,sp,delivered,2018-05-04 19:19:10,1,1050.61,25.13,1075.74,1.0
00c95282163553a982f38481f9488481,e17b2b66a87062574242f1b20ab8b2a1,b51d73d8179d999b81550d846940a720,rj,delivered,2017-08-09 18:27:49,1,427.6,72.0,31.23,4.0
00c9d0257381c7e9ec13b4505f25b2cf,d14c86b99a98e85b5c256c081e3cea03,297ec5afd18366f5ba27520cc4954151,sp,delivered,2018-04-18 08:57:18,1,362.45,25.12,387.57,5.0
00c9d9e61ed13f5bf2f0344da1aa4775,ed3cfd8b632008c67e448e6cafd0738c,d69dd0996ca6a4f85b132eca6f19ef3d,sp,delivered,2017-02-24 13:13:49,1,44.55,11.74,56.29,4.0
00c9f7d4b0e87781465e562dc109f6aa,cea80f9af87104810bd7fa9698f69d29,aed98e376f0a3685776366a2ba55e4ee,go,delivered,2017-05-21 19:21:32,4,59.96,60.4,120.36,4.0
00cb18db3d9c03f8386e7fc70cad2504,e288b145525a2a1b7f73fa9101f3904f,cee4e6509d99d45518c65d26971c1cbb,sp,delivered,2017-07-12 00:06:51,1,125.9,18.13,144.03,1.0
00cb9736c0b43d6c1e2fbb2b88e69f6a,d73144ccd5680a3ed460ed34939c036e,d53adc63203c98ec017241bb7571b429,pe,delivered,2018-01-29 10:23:47,1,99.9,26.84,126.74,5.0
00ce92d57f4f9a112bdb8a2a283e5f97,9c1e141643cc2c164c2fa7c7140f5317,a67fecd4801b668a6f99946a13333c61,rj,delivered,2018-01-30 16:20:19,1,149.0,40.37,189.37,5.0
00ceda91cb2ded8570ca73e70571740a,26c6e0c2d9f2ea36acb63a8af98f7a9a,02f3cc68f02f665daf830cbde5fbe0f8,pr,delivered,2018-02-06 10:46:53,1,19.9,14.1,34.0,4.0
00cee8a4dbb042385cbbd84699e78b2e,450a869eb52446baa38f4beeecbc5843,013ef03e0f3f408dd9bf555e4edcdc0a,sp,delivered,2018-07-20 04:13:54,1,59.9,9.17,69.07,5.0
00cf2b04c59f0ecaf822bf3f334d5c3b,ff63f83bb3b2dc9a2df626cefbddda8b,07296cfef11b5e2ee8ea429920c26e0a,sp,delivered,2018-03-28 09:20:37,1,320.0,14.68,334.68,5.0
00cf47526e0f7920b381b2baf4ecf1c7,1563bfe4b8d21ed87a2dd20cb1fae1a7,5883c17380bc970921a6c79ee2ea51ae,sp,delivered,2017-02-09 13:21:46,1,59.9,14.59,74.49,4.0
00cfabbe2a93b70beeec4894f86712a8,bf2cd0dfd7ad8b44be636ba1079d6358,ea2aebf6103bf1a7588746b16238eb4d,sc,delivered,2017-06-10 07:56:30,1,29.99,15.11,45.1,5.0
00d03eb3425f41a599ae2f788e23c07f,457e255722e958032b50ff72dd15a4e0,dc87b4f4f0af2ecaa16efb92ca1d34fb,ba,delivered,2017-02-17 17:46:42,1,69.0,21.17,90.17,1.0
00d0ff2017f9ea13dd7eec7470ca473a,3341e65ccc3a083fcc8775020854154f,d181089fdc7cd010c9e402ccedb4c48c,sp,delivered,2018-06-18 11:12:41,1,56.0,18.69,74.69,5.0
00d0ffd14774da775ac832ba8520510f,a2f3de2a0a84803cef018776a2e76c9b,89ed72fbc1310e515b1e8cea6b590782,sp,canceled,2017-12-23 22:25:00,0,,,134.49,5.0
00d1289d5125017a90e528b5a7cee91f,ba0ff1667f88b3a0da55d80dff50b0fb,68ca4469a590f62a686d835f07f91f67,rj,delivered,2018-03-15 11:11:52,1,160.0,19.0,179.0,1.0
00d15ff0236872686e4899ed1ce680ad,8ebb06c13ec14673af1630a22715f4bd,e6e8ea2a2c2e768f5824ef27196ed655,sc,delivered,2018-08-07 16:33:59,1,57.95,22.34,80.29,5.0
00d1e381c0995f0bdb95909fe7434d0b,3fb1b736500b371cd8576c7050fe7256,959b120a59e2bd76acb9207e7cb463d3,sp,delivered,2018-03-24 16:14:47,2,129.8,40.36,170.16,5.0
00d2559e61b9a0744a0552c35c5ecccb,d4af02c83608285f0bd9ff891130c980,54e2cf457ebccf1c8b95760afa7c44ad,mg,delivered,2018-06-11 12:24:48,1,849.0,23.52,872.52,5.0
00d29386638bbfd1331a2cd7ab91b5b5,df6e8e7769e4a072c31ca99bf69fab12,270b3b73305179f848bbc74e576f2808,sp,delivered,2017-09-26 17:47:16,1,20.99,11.85,32.84,5.0
00d4439957b7fd3f8da4a33a965817fb,150262ecde07c5bc549ca2cc732dcbde,6fcd81a947162c4b4fd4cc59b204dbad,pr,delivered,2017-04-19 07:47:04,1,19.45,14.52,33.97,5.0
00d50baf1bc56a3c59de1810a6b84b0d,430dae64e910e717c1135ff28b67aad2,c3cce848055be6edcdf13a5509930333,mg,delivered,2017-05-23 21:55:24,2,119.8,68.44,188.24,3.0
00d5fac7792747fba4b528f23930bebd,83b22908078c379ad87b33bd9034ebc2,d58b4f7e679c57d0c5d0f7b8cf3e5722,sp,delivered,2018-03-06 11:33:17,1,64.9,15.33,80.23,5.0
00d831d5c3ea03b7cd6f883ad799c7e4,7cc995918b7c4560b0f7ec54ef108d83,b813fe59b2d10fb59d5594ec8f91750e,sp,delivered,2018-03-12 11:56:58,1,128.9,9.26,138.16,5.0
00d85bfe0e28c91b69d0fe1f29255a31,3441b9aa98014569ee95cbff82a03abb,b218733357b8317b5738bf9fe3c77b07,sp,delivered,2018-05-09 10:52:37,1,189.9,13.77,203.67,5.0
00d88c00221ce96a1cfcaca9f2fceb3b,2726ee187e4908c9683ac2a8a0424af1,f28cab5ad7d6c9b05e6cc9c310761968,rj,delivered,2018-03-06 23:02:01,1,250.0,97.56,347.56,4.0
00d8d65b666158b633f96054d31af43b,5e98d1f8f0534c460557d71961a7f10a,34dd888b565982c76c7a9ee9dc41db4e,go,delivered,2017-10-13 19:57:48,1,94.9,35.98,130.88,3.0
00d94e8901b75ee0d6ef1f87f947b666,9d797a1a7d8ddb192708608d25197161,53f34954c078f5034197993c0e109b95,al,delivered,2017-05-01 14:11:11,2,55.8,41.6,97.4,4.0
00d9ac423c9ad6781c0ed04e87666691,64a495213f59f3050ccd2ed250d88dde,0cc2ee1112a11a1094eff52fa2e87150,pi,delivered,2017-10-03 11:54:16,1,349.9,29.3,379.2,5.0
00daac8efd71674d62356c2a306d1e4c,2b99e152f2351410951c503a2f6a2d7e,a8797524cfb4b5c6f1f780cd11d51739,mg,unavailable,2017-11-21 19:20:25,0,,,67.97,1.0
00dc6ad47477b3b62d3c0acbe98a82a4,5dd8298fb952a22f28534bfbda71aa2f,49359fd553803ade0d04bbf46f84236f,pe,delivered,2018-02-24 19:41:24,1,110.99,33.23,144.22,5.0
00df27e666004db9f14bce766fa5327c,2f9fe192fe03e0b19bbe3ff35f3100c5,588e6801be0610dc8c81d04eb23acd22,sp,delivered,2017-11-18 11:44:56,1,190.83,12.84,203.67,5.0
00dfb074b5c910fbd08e04691c4b712f,a5ced4926d7d8fa71e9be2b007720356,94ea9edee3656707894565f35cb8570d,sp,delivered,2017-06-08 19:43:35,1,99.5,35.07,134.57,5.0
00e054d0da011d5016f31011af488f4f,fe43b2f349c9ab46883ce0e02491432c,4c4446c628c278bdd121aa0d5aaa147f,sp,delivered,2018-03-11 19:46:58,1,104.0,14.82,118.82,4.0
00e0bac9f6306d8269770acf4ee4b027,2fddb001e84993ba7e785f11415bc5cb,3a969494dcd8d32f5f04ea21c3b7e471,rs,delivered,2018-03-04 23:02:58,1,79.0,15.3,94.3,3.0
00e1426d4c79f2e022570012c1ff57ed,a9c38ba869a0a0db70cde7e473a848bf,e82abf2ce2e1afa26bf47670df5a04b5,mg,delivered,2018-03-22 18:48:36,1,61.99,24.56,86.55,4.0
00e1bdb3f1388c8ed222597ee4fa01e7,ddd97c5c66119bd2fe33f8709f77ab7b,c9fb70924f052a5ca6c30588acd6e87b,rs,delivered,2017-05-15 22:41:31,1,419.9,17.69,437.59,1.0
00e32e413e017e64ff93a9e800b8e1be,9403d354eae44e50158601ecc4be7060,3cfbe790a05c2d302c768b447864d7a1,sp,delivered,2018-04-30 09:14:50,1,299.0,23.17,322.17,5.0
00e365f4fc03d1098841af23d05c17a6,491609eeefc72ee67ee5b42e63ba9859,2bb3ba4dc5cea88949645027d417b4d4,pr,delivered,2018-08-20 09:40:45,1,175.0,19.33,194.33,5.0
00e4050fe32e786290a29c61141e979f,9732d83dd0a2e6aa4a1ff900eca36c81,78774ba79d649db8da39ea74e4aff736,mg,delivered,2017-08-12 12:24:41,1,49.9,14.1,64.0,5.0
00e5b655df1cc911466758210325c67c,7f2a66ad36459534aeadd9b1985bef2b,a89fe4bf01e67497dd3b1aaa9a43f41d,mg,delivered,2017-07-07 14:20:36,2,89.8,23.7,113.5,5.0
00e63486fad9d24645c9c84ed77c15fa,d26415dbe622ef8eaf44c3c6e92ce1a7,e59d98970fee89f123d04e23a357d371,rj,delivered,2018-08-14 10:19:40,1,38.95,15.37,54.32,5.0
00e6786fee8f476835c151a4d3fa9bf1,7920ebe0de6925c9b6a7900675231e7e,e2a22025597e086617c35d90404f9b07,rs,delivered,2018-03-10 01:01:15,1,159.77,16.0,175.77,5.0
00e6bc6b166eb28b4502c1cad4457248,267bfea62bbfc1342ffc898248403bb6,36928e3de80f63dad3bd1d0223b035fc,sp,delivered,2018-07-01 23:18:47,1,265.8,38.06,75.97,5.0
00e7aeced1d61792368ec7bf8b967a90,a59a22655d75791a336909c4bd133fbe,c76c0ebec1c44b44dca88e42b23149f1,ba,delivered,2017-04-13 02:11:17,1,36.85,21.85,58.7,4.0
00e7ee1b050b8499577073aeb2a297a1,06b8999e2fba1a1fbc88172c00ba8bc7,861eff4711a542e4b93843c6dd7febb0,sp,delivered,2017-05-16 15:05:35,1,124.99,21.88,146.87,4.0
00ea33f994bec0bbfda582074083ae12,392569e210fa974c457c69cfdb400d1e,ff994a455350d9f24c79a7482b89dfe6,sp,delivered,2018-06-23 04:04:48,1,94.99,13.33,108.32,1.0
00ea690fe8c5eba029a3884243a02352,9d7381a45eebf403b3b830a9742b928b,9403bc2d1bc24edda854c1c389c14da1,go,delivered,2017-11-25 01:49:52,1,32.99,16.11,49.1,5.0
00eb7b95af5ed25aaec66d4ff5295846,e7c5f957b0de4d073c09a91b8bfaa215,932a72c073c57e644beff5c85010c0a1,mg,delivered,2018-01-04 14:19:02,1,89.9,17.07,106.97,4.0
00ec95a58b63378d4cc06d196cdefdf6,db524d69694d9b945d58f4dad03d914e,a046d29175845b313e52f2dff96cc050,sp,delivered,2017-12-24 14:17:08,1,173.0,14.96,187.96,1.0
00ed64bc080d87b4ab7f0c433bc5e98f,3e49d94c6d8ad4a1f5589db832772317,77479db0fa60ddc453f3743abc02be23,rj,delivered,2017-05-30 18:18:36,1,44.9,16.11,61.01,5.0
00eead1d5a799277ef3d6b387b0bebef,c713fee6f70301b6bf60701902502703,52e9f9328ec2e09868646b23c108b099,sp,delivered,2018-08-27 18:45:54,1,85.0,13.26,98.26,5.0
00eef7fe9e315a85d1a61a50cccb2494,db19e8cffbc71ab7e1c29a1d6e4935e0,8ce353674a24c115d631c6207efd3e4d,sp,delivered,2018-02-11 13:18:12,1,49.9,13.37,63.27,5.0
00ef7ed06a55243f3e6a9d373a89eb14,30c93f8296b9a02c0eec5de60b94f98c,16156a86625a02a82bf1cd39de12a4ea,am,delivered,2018-01-12 16:43:52,1,54.99,21.18,76.17,4.0
00efb72d8e18533f736e86770705d094,bcda63215770504537bdb7ae298568f6,a4268f1c2bea89056a164ebd106e72c9,df,delivered,2018-06-04 17:40:52,1,66.99,22.97,89.96,4.0
00f1a34f176151c4dcbd802c244e1072,be0d8abce3af32826fcffbd35cb3b73b,72d424ec55a0c9fbbc6e442ec81e54ee,sp,delivered,2018-08-16 15:21:03,1,69.99,14.8,84.79,5.0
00f1bb0af030935db1745ee28367ea26,0d8111a81ce6ed7cb969e28a01392f63,1c7255916dd10f4dae06f9f3c307a393,es,delivered,2018-08-06 23:19:06,1,268.9,19.98,288.88,1.0
00f1c7c1542f5f86c3091749d9e939d8,ac99113c54549df0dffec419b6cb19a4,d567f29ec5fa447c99e949f337f3a35c,mg,delivered,2017-12-15 23:25:04,1,84.99,16.35,101.34,5.0
00f1cc7439ccb8671133776d1829faf5,5bbefc8139328a291147ac389f226052,ec4d3f58a02a9b6a80fdf59418416b5f,sp,delivered,2017-11-22 22:07:04,4,139.96,37.36,177.32,4.0
00f251b943aba645652c7138e4716fee,3d54e262ab34438486bd0eb8bf022c2f,f2479f8d117c49610d5a2d006b4ab716,rs,delivered,2018-08-13 11:18:25,1,77.9,23.35,101.25,5.0
00f2a3509bd600bd1a06a48353788d93,37dafcdee86df7843f93d4b4d5325dde,282586b515f07460bafc6bd7eae5359b,sp,delivered,2018-02-25 12:08:45,1,38.4,9.27,47.67,5.0
00f2c876aa08fbba04199823952e96c1,eb4fea182012be623175b35ee37dfe50,9ad4f9335cac4ef80ebf85ce93dee011,rj,delivered,2017-04-06 10:21:23,1,69.0,17.22,86.22,3.0
00f324f6ec332cd73ef8be4888573662,e067722fcbc90ea29be6932c863fea87,fad38f61bf94f5c7e3509e5fc4c7eb6d,sp,delivered,2017-06-29 21:47:27,1,134.9,21.43,156.33,4.0
00f33ee62c15223679d3550e751c37cd,2c499841f2c353053fd296844c4908f5,7d70830062fb69cd2b3f095aa6ad8fd0,df,delivered,2017-11-25 16:17:29,1,39.5,15.11,54.61,5.0
00f426c7214575822c3cb44ea59ef0f6,f5958334207adf09817b5451cba61651,8262ef5046932be5b3279393f8476614,pb,delivered,2018-07-13 07:40:22,1,71.0,23.65,94.65,5.0
00f57f2ccce2a2e3f393fe8f5e616e0d,c5e16ca2f4093350809b5f66c5cdfd32,b2ee5bbc35d3e89184dd87c1d957b013,rj,delivered,2018-07-08 22:01:30,1,225.0,60.81,285.81,5.0
00f5fbdc777e8198c1ee008122e28ae3,2010587cb06df66a241fa29a40cdf9ab,78f1426483887323ca6f074d0e76f3b6,rs,delivered,2017-07-29 17:43:24,1,189.0,32.07,221.07,4.0
00f621226c6f4e938348f6f3a71fdc62,ea15bb903b8f82b3f8ebdb8a9f305154,97a9c6ce2f5a124d22fe6be767bcbb07,mg,delivered,2018-05-09 14:32:45,1,199.0,32.79,231.79,5.0
00f6ac4816d12f49026b09f2aa77d15f,9bb70fa63970b9d88191a90481d551da,d2c6c89bd52a9b70417f90313b1ce4a3,pr,delivered,2018-08-06 17:17:40,3,105.0,58.32,163.32,3.0
00f6dbc6195397197ee147ee45607a2c,69a24d8e0de91f88acc612cb7d70dc1b,466a171e9af288fa7c8d2e5d90c7f672,sp,delivered,2017-05-01 17:23:57,1,49.9,14.52,64.42,5.0
00f7c5b41250e0126ced62d612ff4711,3c5aa62fbe268c0beee7bf98386b421a,8a64013cee18edf9edbc21b0dd9acec4,pi,delivered,2018-01-11 10:30:03,1,45.0,35.67,80.67,5.0
00f86b368251d739f1896d41469b2b7a,14c152bfbd60c86aa6bc4d4e68a9378e,51364d114acc5ab07134bd34edaa1722,rs,delivered,2018-08-17 23:15:06,3,119.91,55.14,175.05,5.0
00f8fc0cb9d9b7813f1f54fbd75426f1,5fabfab95333c3c3641f4cd20f86a56e,07e49dd22f4f6af000d9a912d0e822c3,pr,delivered,2018-01-22 10:45:15,1,149.0,14.77,163.77,5.0
00f98eaeddb9debc8df8cb27e08216d4,f6d650f5127f08c4ed7c4f596c0f9cb5,3880b8d94e3a64bca0e7df6c5f05c29a,sp,delivered,2017-10-18 17:40:28,1,51.6,9.34,60.94,5.0
00f9b0236a85fb8a06fbd9b9c53fddd8,dd6ff79fddc7e5fadda7b83b2bf4383b,1bd9ea0e69c784dfd93facf065b406d0,sp,delivered,2018-04-22 15:59:19,1,146.9,19.72,166.62,5.0
00f9b6769c6648ac08bf43081d1f2b07,66f800bfc254bf9cec8041dd1896fcb7,77d8e34ae93d396ecba7a3b230180620,sp,delivered,2018-05-12 09:34:32,1,79.9,9.71,89.61,1.0
00faa6afcde74aaa630e1d2fda2bb0f7,44344e9f944a5692177be10177f62fba,95b1cb35aa91d54d59bc51c85b4de0a6,es,delivered,2018-08-01 13:24:27,1,22.5,18.26,40.76,5.0
00fb055886536063afa0dbee07a0944f,ab9e9b26c172c928efe04a741772958f,696b9f2a7a5565a5b79d8490514d3f3e,rj,delivered,2017-05-24 09:04:32,2,23.8,33.58,57.38,5.0
00fb278a99144cc1004b3ed1452ff5e1,7a186a2e9b7fb35a7d158a5a43447b3d,0a4a2b4c194b982d2ded16856464ead0,sp,delivered,2017-03-05 09:31:07,1,19.99,10.96,30.95,3.0
00fbcd8b120e5706c58b9d1a0026a7da,ff60d321ad354e757bb24fa7ae799676,e97d62ecbf23184875db94c696c9c00a,sc,delivered,2017-11-14 12:48:34,1,7.9,16.11,24.01,5.0
00fc308dd7f0937682698becaa9dcc45,f40f31f8bfcc5f74d9d246354b90af09,8e62db6f625288ad4792855f994abefd,mg,delivered,2018-08-20 19:51:32,1,85.71,18.4,104.11,5.0
00fcf938cde49ae138942b632ed62393,396573e1df49285167b26331d72e7f96,5ac6468b01b29ea7238103d44092c65a,sc,delivered,2018-01-11 01:04:44,1,29.5,20.84,50.34,5.0
00fdb72e467da6f3b000b19b368a6cf6,299735fa1daa3e83ee1048309d22f9da,cf24fc26d6007e7a24eb804c9ef6a0de,mg,delivered,2017-10-24 21:31:18,1,18.25,17.6,35.85,5.0
00fe20fc069833ab95021b46d6862646,ddb83a5b3161520fcd64863c1a266ec4,9b06f6c009832ad8a108a8ae7367ad4c,rj,delivered,2018-04-25 21:35:14,1,142.0,8.02,150.02,5.0
00fed9e582d5a3e38566872eec164ac6,8eafffbc006c6986450ed2a5e6f519c5,b5b46581465f851df3529a30d2503f59,rj,delivered,2017-09-26 14:49:01,2,359.98,52.2,412.18,5.0
00ff0cf5583758e6964723e42f111bf4,e3626ed5d1f2e3a02d692ec948b25eeb,b9badb100ff8ecc16a403111209e3a06,sc,canceled,2017-04-10 00:45:56,1,154.9,15.25,170.15,1.0
010061e3aa0c6ed5e393dda0652bbee8,1e427598ddcfbca80566d2bcd92dd995,038301b43811478e1a8dc0e476eaf52e,sp,delivered,2017-11-13 09:49:19,1,299.0,10.29,309.29,4.0
01006620eb4732deec44be4b0d9e33cd,e7acff27456fbf335dfae22a6bceba90,b81bc44c4da3f95ddfc71773b8e922b4,rj,delivered,2017-10-14 21:34:35,1,126.99,18.14,145.13,5.0
010078e0913f48d014483bd856c01ca1,cba40225005628d0bb62cc9d15c9333f,9fedd99d17871d39dd3a65eb45e0d792,sp,delivered,2017-11-26 14:52:03,1,49.89,8.72,58.61,5.0
01015fb6493ea5b9ba105c80b5452da1,32f56b65a879ae7a310257eb5bf070aa,03466aa4289c03856add8a3537f914cd,sp,delivered,2018-01-09 21:01:41,1,8.0,11.85,19.85,1.0
0101aea69a09e1aa32caa6dbaba98503,55e153b503a15cf10845bacbb3b4d616,7c6afa006e0c76d40fe0dc6aacee2940,rj,delivered,2018-05-26 13:07:51,1,84.0,10.9,94.9,5.0
01029b44abe6e15c8df48b1b759ab437,3e0d489d05ca15801e274f39adb8d213,9451854d3727357cf0506f99e4a41661,sp,delivered,2018-06-27 22:24:29,1,78.0,15.85,93.85,5.0
0103878b7ed86b6ec873cfae01379472,e8a101d3de305ff620d4febe10137fd0,f93b9c409efa7e30bf05a7b528197400,sp,delivered,2018-08-16 00:03:16,1,229.99,35.37,265.36,5.0
01074135a88ffa5978eaadfc7f482f2b,acc1272df0c1c3d973ccb5be09d0ab41,c872d5914996f4822fdd5a4a742965b0,mg,delivered,2018-03-30 10:53:54,1,89.9,26.71,116.61,5.0
0108c64ec135e4a7a75e9b5102af9bfa,6ce3934a71cf3aa6ff51b5298ed06d9e,6178119ad39df8c7d51e4e5090976357,ms,delivered,2018-01-29 08:26:22,1,165.0,28.53,193.53,4.0
0108fba93678555ad1cec9c267848187,8bbf21f65f542300bbf3ef6012820922,6a5cf4459fd3a29f02b960b8f2d3ee7e,sp,delivered,2017-06-04 21:48:02,1,199.0,20.12,219.12,5.0
01094e169d4b14edaf6954eeddb83633,2b7ad3fc92af63027a7748b084f9b439,d2787622df9fd933c164f7cf696a4e2a,to,delivered,2017-09-27 13:54:33,1,79.9,28.96,108.86,5.0
010a35dc7fc3808a03d243d2fd8c6e35,be2c2532426301bff89f1493242c4afa,c90f4838718f64510792abce92a1a7b5,sp,delivered,2017-12-16 18:02:38,1,122.99,9.06,132.05,5.0
010ab3b1993057e91f825c672375a66d,0e17f21d1c39581137b6cbc8d14bea37,e2340cef700ec4ec7e6a338976b1dc13,rj,delivered,2017-02-20 08:19:21,1,139.9,15.15,155.05,5.0
010b0f6bd323a9effd095a743e660f26,892522b67acfcb855f3feba4cff78050,4093226671a7fef20920692b9093c6c6,sp,delivered,2017-07-18 12:56:38,1,27.99,8.72,36.71,5.0
010b143d83a59b355cd5a75c0f0fd785,c181ea8a3ec364246642e36dae84bf30,51d121ddc025c1b70f8f62a1b727aecf,ro,delivered,2017-08-30 23:28:35,4,88.0,136.6,224.6,5.0
010c995323bc17d8156fbe2c37fed63e,eada5b345b1d846ca260ad12e8ec98cd,29bf728e7c1b9d7b19f9f617f56c5349,sp,delivered,2017-03-25 19:18:00,1,42.0,14.12,56.12,5.0
010d14f76a229c295260e4ca4744acc7,02e460a9db12a0de7f952f8facb66312,258212f72c68bfd7d05ca8b3e59b5157,pr,delivered,2017-12-01 19:46:28,1,27.9,16.79,44.69,5.0
010d15deea8cae96ae86ea8097917a17,bfab01097454f7cf7d2ba80d7af6125f,c5d371601018aa18e6c3a30b5678fb1e,ce,delivered,2018-04-05 15:04:05,1,279.9,20.65,300.55,4.0
010d6db2f77220b394f147836c94f27b,544cfbf822c23de5e82f86d638b82b58,68b985a24263e49feebb66ab492145e7,rj,delivered,2018-07-11 16:56:46,1,14.9,15.23,30.13,3.0
010e04b5f879320f29a9bd6ca41abc94,e5475160d45b86c1272caa11513641ba,9cc01133abd8502b1b89a0121e80c10b,sp,delivered,2018-02-17 12:50:20,1,104.0,15.48,119.48,5.0
010e7dda85fff564e8b7076ae3928efb,76c6370ab8b030109448c39db2b9e08c,81d59547135bb962c771484f86d08c11,mg,delivered,2017-11-27 14:26:40,2,98.0,35.34,133.34,1.0
010ef5b0279d7512e7343cb775e423c0,4b9e8cd034b45245928f0d55a4ed4310,293aacb301c260f3bdeadf8e108f9c8f,sp,delivered,2018-04-17 11:28:08,1,59.9,14.51,74.41,4.0
010efe60bdadc9261d1902f3c1dda5f3,ac950cebc3bfe72c92a3768b6e8d3856,ef6f8fd740ae1fe88a80a321306bac50,mg,delivered,2018-06-07 16:46:09,1,110.0,18.65,128.65,4.0
010f223ddbec749e95ef3f5414f9c4ee,0ffe52b2e3ef0d91f5387dbcca59a841,7d0d8854f71d47ae116e13924548c421,df,delivered,2018-06-08 18:57:42,1,79.0,18.43,97.43,5.0
010fadb12341d8253d920362fc8f7a16,135bbed7ce32647898c18ba5907cb80a,de15baf007da0ecdb27570fb46fddef9,sp,delivered,2018-02-09 17:28:05,1,39.9,14.1,54.0,4.0
010ff1cfe12f3094577e72b7bcecdf98,7496d369c45e3249794df2d9b132a3e3,7fa12ff85543277b8842b68a31eca5c2,sp,delivered,2017-10-11 23:05:00,1,249.0,13.24,262.24,3.0
0110688c40ff035d672af3aac1f38f10,f66684cd226d7d5cbbc43491ac08390a,f724ca9c02bd1befd3b12acce13f45fa,rj,delivered,2018-02-01 14:20:22,1,379.0,79.94,458.94,5.0
011080783e02d05b26c8c158b3653a42,7e1d6ae9c77f1010a374656024661408,aac87016855bd40827b41313863872e4,sp,delivered,2018-06-14 15:22:53,1,33.9,13.82,47.72,4.0
011105c3b5b8693eda1bfb1f152cec2a,63cff72cfb37670b3c826dedcaf32a6d,e2c40c8b0afea459059e4f2b8d22b6f0,pr,delivered,2017-07-31 13:45:07,1,208.1,43.49,251.59,2.0
011108c8a3d6eee6807f48a2e639439f,856423159bb2e932fecbc5917bce21be,81e28eaa424ddc2aeeeaaeff72f0f9f6,sp,delivered,2017-04-25 17:25:23,1,593.36,98.13,691.49,1.0
01115c06246220def210911556bdc0e5,7db5bde0f0fcee8817a4c317cf05429a,483921f4add6c14877a38acf62151e5d,mg,delivered,2018-03-14 09:20:38,2,105.0,38.68,143.68,1.0
011331376a4c6cc7a9e5bc165ec169d0,e62a03d00892173f46bb99a1da0f86f3,e8ead022ae2b3779a4aafdcb1bba8f31,sp,delivered,2017-06-23 13:03:34,1,66.0,78.63,144.63,5.0
011375f941b3695c3c3ee58bfe0d3655,03d804d4d3e76cbac2fdec148e8d2742,f2274f10e72e18fc77be57393daebbb8,rj,delivered,2017-09-23 17:59:17,1,127.48,16.81,144.29,5.0
0113affd907a209209ab08413bb54226,e4d417e5628f278edd59031ac99c168a,ec7d40c66edb9281d1d9d58d6a974fac,to,delivered,2018-07-09 20:46:49,1,122.99,63.11,186.1,2.0
0113c9989fe6e5007795daec0633b405,b655e5fd84f933787506b58d4060458c,1314a4c9d175673d953df0dc729363fa,sp,delivered,2018-06-25 13:18:44,2,98.0,30.88,128.88,4.0
011405ae7b89def8ffb3468eb29c299d,a9262f07bdf485ee87c6780a830ff83a,bf3d0b96c5568f51f70c45ac9c5f7278,sp,delivered,2018-05-04 13:39:26,1,29.99,7.87,37.86,4.0
01144cadcf64b6427f0a6580a3033220,74219e78dcaeeb30e8d09ed57801f0fe,366516219e06d4f39db335aaea72120e,sp,delivered,2018-02-03 00:01:19,2,121.9,49.4,171.3,3.0
0114835d7f0b3f674b70a989411e31c1,c865d1d500bae6adb604c4a55a31525a,bc63c4173e1894a960b5e018ad16eeae,sp,delivered,2017-08-31 16:17:50,1,102.0,10.13,112.13,5.0
01156b662f3f47b249b5a8881d205f08,ac7787b04da7c05fe6037343bd8bf577,04b6b856b16a682a6906b6ff778f7479,rs,delivered,2017-09-13 20:36:57,1,27.9,15.1,43.0,5.0
0115abf6b892040abfdd5bdfcb6b2c51,55e24d33ade77f949c22b6e008801c15,71d99240b28b20f7b0d9046d9ff6cbe6,sp,delivered,2017-04-20 12:32:37,1,196.0,11.98,207.98,4.0
0115d160c5fbd758a139ff90821db60d,9e593469b6f1beac77c2da4d73bf1228,ff9d2f60401262b9da1e868f956fb2a8,mg,delivered,2017-08-29 19:14:43,1,389.0,22.63,411.63,1.0
0115f8bb1dc16d3fac863ce1deb037b6,17ec3674dce86b3240e0a333cc51112e,af97d12238b4f8b2fdd11edeaa843655,sp,delivered,2017-06-30 19:13:15,1,119.99,16.47,136.46,2.0
011667ae100a333a3051c9a23e3f0283,84e32c18718319d7e8f2d11f897d1afa,1c721d062a04d51d8d3887dca3571cf4,mg,delivered,2017-11-29 10:42:47,1,27.99,14.1,42.09,5.0
011724d1afbd91844302627f79a66800,9899640961f5678c7fb0c46815ee6408,7738c1fd7e3b64b02ebac8389f1f3b54,sp,delivered,2018-08-09 18:32:00,1,54.99,14.7,69.69,5.0
0119e98feb97441cb456c010c25b04ff,cfa9e5ae05a54e058846a30a2c288118,4a920352e96b1e17e0de73c58597b582,mg,delivered,2018-01-22 11:52:53,1,88.9,16.06,104.96,5.0
011a43bc9bb525517251ebb3ebc99b69,bc6123686b421b9084028c34499824c4,52bbe472f9c44fac7a108b9b3d70faf4,sp,delivered,2018-04-25 18:15:05,1,899.0,21.2,920.2,5.0
011a56023faf5bbb9af634e20a85f7bc,cd321431eb241e989d200c78d0a4bfc4,1af28a3c717ee367ac8e4ed5e03d21ad,mg,delivered,2017-05-10 06:54:05,1,120.0,17.28,137.28,5.0
011abf147a69ba486bae3a74b6cd1814,bdbdcd5b18193390b025df518afe94ba,b54e1edda36c3e8918ba9c97ec8c7c4e,df,delivered,2017-05-12 11:19:47,1,279.99,16.72,296.71,5.0
011af0959ebf2b09a062867811dc63b5,5fbf764940fb75727525f6af71eef49d,6e3fb31caa2b7dc1177aea46a7483f9b,sp,delivered,2017-08-06 17:35:16,1,59.0,15.16,74.16,1.0
011b142c9e082a5c1d10e0a88cd9c8e8,0c7a95280b3f80eadd81c829e093dbec,46a5335f5fe2f04744ec3535fc6e36f7,ma,delivered,2018-03-23 11:43:13,1,243.37,53.83,297.2,5.0
011b8dd4f8c36fd4fcf50643ce91d58a,1477ef68b5dbf1417fead5a9814cf047,4c05f8d6dade0512d22f8894e2b6b2a9,sp,delivered,2017-07-07 22:00:51,1,249.48,16.5,265.98,5.0
011bf86f1b7dacebda2c874333cf656b,e1238987433fd511c3a493ea3d3913b0,3bb9fa30f4bbd9b9f1aac2be8d5928d7,sc,delivered,2018-03-09 19:44:33,2,70.0,38.64,108.64,1.0
011c899816ea29773525bd3322dbb6aa,c15a53f6fbae984bcbf4ac7bc4395cc3,6a9501d542243cbdd043c91a66795279,rj,delivered,2018-04-30 15:02:34,1,99.9,0.0,99.9,2.0
011e6e76dd0cd56d26b5b0cb036e80a8,3a6fc4af206cad7a5eaca926cdffd0d7,d5ccb9146be20771162df61d83ee6a31,sp,delivered,2018-04-08 17:34:16,1,14.99,8.29,23.28,5.0
011f9dff2545a2cf8ac1809faed3ec88,fd10113c54f4f4bfcaacbd1c2d188a77,db9fa24c8ae633ca73fb9b8cf741574e,mg,delivered,2017-08-01 19:00:07,1,109.73,16.53,126.26,2.0
011fcb4fabb3e142579ad63472b11227,1798df51bcc12309eb0ac35f5bb5875f,23bfe8fb29068a3a072d76d2604e99b9,rj,delivered,2018-02-10 10:45:57,1,9.0,14.1,23.1,2.0
0120e3dd2696a3bbb68dc2860815f7f2,67ec7f982297cfb734824a3b3a7a56c0,d107b299f4c6328dba9f999f235dde3b,rj,delivered,2018-03-26 11:47:03,1,239.0,19.25,258.25,5.0
01218a8a807fc187849529e6f12237a9,a652f27bc38cb4869b7d5d82902c0b16,2c82b177d38aab12878490fd1658434e,pr,delivered,2017-10-22 23:06:06,1,13.99,16.11,30.1,5.0
0121cfa7c946e6589f50d7012d3eb5eb,4797fb67b3991c9513486658f6d694fd,8215ca540d5abcc9e3564f69e898769f,sp,delivered,2017-08-30 11:47:28,1,29.99,16.79,46.78,5.0
012219b6d6d034eb359fc74730a080db,8857149a50b77dba1bb318e46bb57f65,91bfa4d9b218b0ba5f4bca20ab8eb63b,mg,delivered,2018-05-10 00:18:33,1,189.99,27.41,217.4,4.0
012248555cb0bf51df99199cef81d562,c1d8a080ff171328688530727dc4e026,89efe7e4fae8f61f003241315a2a5f83,ba,delivered,2018-02-01 17:31:00,1,55.0,15.83,70.83,5.0
0122e81ff800460e44bb9c983ff2a2fd,3b16d7fa7eb80db40124dc1748faae1c,89b158f7d9e3f348f6abe5234c83877b,pr,delivered,2018-03-16 11:58:58,1,58.99,15.29,74.28,4.0
0123098b96f3d4014545642be53d891c,746b43bea6d9eb220867694bfe4b800d,f3719a64d17b893e959fbf553021d3b3,sp,delivered,2017-08-15 11:02:55,1,99.9,17.18,117.08,5.0
01235dc626dcf13283207ba7f36a959a,f418fa622ecaa0dc1bc8524446faf6fd,40682a6bda55c041ac28f77b0818868a,sp,delivered,2018-07-24 09:57:43,2,51.98,14.88,66.86,5.0
01237c761ffb72594a466ed514518af0,344bcdb5be77a9718607ba86ca48f765,546b0c5f60edd7e076dac9b1c637952f,mg,delivered,2018-07-05 22:40:15,1,107.9,18.56,126.46,5.0
0123a055aa66357326dd6db066592a7d,993d78fad972fb03a64f3126d934160a,de8e3d9562f8279bf243c39051edc9a5,sp,delivered,2018-04-24 14:11:16,2,107.8,67.86,175.66,5.0
0124e0c5bfae1979838a91e47df53f14,6bf7cea1d53d6e27e5debdb2d5049ff6,86d8261e5b348801fec7bf7ed0726e39,sp,delivered,2018-02-08 15:31:37,1,49.9,12.48,62.38,4.0
0124f01177fc17cf20e1974621fd759a,7fdbfe237a74f478ff41c54678f104ab,3de8a3becddf5418bd75a3a695ebb6a3,sp,delivered,2017-05-13 14:03:25,1,185.81,17.06,202.87,4.0
01255808a3d38a8dd69aa93265a4cb88,a72282d3fc20f2e29b2659372f3aa616,814ceb72855a60059e5065f45a1eb320,mg,delivered,2018-01-22 12:01:23,1,501.9,17.26,519.16,1.0
012670c73246a753cbde0a215c2b9e8f,bfd798b55813a211343f1612ecc25b17,e3ed27f7f18b9aad123fec8eb8ce027d,rj,delivered,2018-03-02 19:01:27,1,97.9,16.94,114.84,1.0
0128412231f9fe9d7e944eea5392fc6b,a7089cdfb6b910afd377368f3335b1e5,e1271d8a2ce007bdd8b40df8a0ded843,sp,delivered,2018-08-22 15:38:10,1,76.0,18.83,94.83,5.0
012973f4cb6743d00d7e2644ddc8804c,eb00b6b34bb7da3b9cf13c9ba8d1e136,98373acca5178086924094608b1ddca7,sp,delivered,2017-01-27 22:02:29,1,15.32,18.0,33.32,5.0
012a238ab54294a3b365812ccc82b135,14f41b6464ff102ab009a269052e7a11,b1079e3544bf2cf3786e52f5f0220738,sp,delivered,2017-09-07 18:21:44,3,137.7,38.07,175.77,4.0
012b3f6ab7776a8ab3443a4ad7bef2e6,5ecc5bb2b96483a913b2d138e56aa1df,d6caf670c8bf91aed723f242cafb71c8,es,delivered,2018-05-04 21:18:05,2,107.8,0.0,107.8,5.0
012bea13f9a355c983efb59a3f23583a,71cd7e5e11ae80ed42c6c57ff51a347d,26f8790baee110479bb7cb362e16134a,rs,delivered,2017-11-24 16:17:39,1,21.99,15.1,37.09,5.0
012d8cbea490e6102cee6a2088aaa785,9143de688296ba2531bed7883a7f31c2,dcae8fca76db245777ee6f6f3f6d3253,rs,delivered,2017-10-19 21:07:15,1,83.9,28.99,112.89,4.0
012dc9e42da722d22e32c618a2521bec,90de167c37925320a60cc9f4cc750117,1946044620cb72ca4f9c439a67bd92f2,sp,delivered,2018-04-04 14:19:18,1,49.99,8.88,58.87,3.0
012e93f8170eb75b2f2f650629d04517,247d810acdcbc96b05e98fa5ddbc250e,6463b8a3ff77bb42c87e658a99f9e1ae,es,delivered,2018-02-01 23:27:28,1,50.0,15.1,65.1,5.0
012ea594e035047289b3e7c3f8b90cef,39851c46815f49fafb7bc26ed6bf513d,e51e07cef993df6ce1e8604ba2261b5d,sp,delivered,2018-05-03 21:10:55,1,61.2,11.15,72.35,3.0
012eab2625c5f8aaac6f37f2c19ef62f,6cd14b229f3969efc4e799d5a58af63c,74d3316a8a3535f05feed75b4df15e7a,rj,delivered,2017-11-04 00:38:14,1,81.9,15.32,97.22,5.0
012f255bd5034b8e7fb3c91566a91cc8,87eccba53579db5563b0588f8943373d,aca661b86a424c1cbea17d14787d3ce3,sp,delivered,2017-10-06 09:42:12,1,79.9,12.9,92.8,5.0
012f29911fcd2f1209d937741a6bbc6f,63a479f36824ee8972e112caa2e4e64a,28dcad8be7db3ef1b0e1f5da9f19bec9,mg,delivered,2017-05-16 15:39:55,1,27.99,14.08,42.07,5.0
012f2c4ca09b101a73e18957c3294cd6,ddffe99936ec5bf99f1ea9ad22fde3eb,9df040be9d7656d4c912b62472bfcf05,sp,delivered,2017-05-07 22:23:30,1,1820.0,81.62,1901.62,5.0
013037c3f1773cc8fdbaf8ff54d8013b,35df3e8a58fe7d040ed21c7d521f8711,f25c64d74c6188c7fb8d3c58d83c6a85,sp,delivered,2017-03-28 15:15:18,1,31.98,29.04,15.25,5.0
013056cfe49763c6f66bda03396c5ee3,d3d38825275e47847abef7e1936b3bcb,51d11e5abc725531b3a2fd56456885fa,sp,delivered,2018-02-14 12:48:24,1,480.0,29.4,254.7,4.5
0130f0f71fb0e831d18e6a3b33a3a50c,e56f6dff7b8ac9813ddeb2312f0d834f,d4bf092ba54c293495ebbbd982d653d8,sp,unavailable,2017-05-12 10:17:23,0,,,52.77,1.0
01311f2795d8463a11f9422173687696,4292ad887342214c93ed734b90355ce8,01d4d353f424ed250bf892af49d30abe,rj,delivered,2017-10-25 16:10:01,1,89.99,38.47,128.46,5.0
0132158c30672a8c52997a2492613ec2,5a3f73cc3e52ab64478beb5ce8756f4b,520a88dae0fd97b3230c7d36aea4196b,rj,delivered,2017-03-13 23:23:23,1,399.9,13.41,413.31,5.0
0132451f29a10b66a5cf1bacc85f9afe,1c5b37d20011c637ad1a5b6d423c7483,aaff146bd210808c7d004a05966472a7,rj,delivered,2017-11-08 17:08:56,2,179.8,35.76,215.56,5.0
0132d77609dd6e1867515ec57d898c10,6d3be2594860b9675c102aa88d71992e,4465b5c91c87e80f405456b8c3fef46c,ma,delivered,2017-09-27 01:15:38,1,78.0,21.35,99.35,4.0
0132f39e8ad9b42ad2d41c847f44c0ed,a09467d10848ae399caa6f3fb072c6cd,25511fcf533a8ec723b46f105394da12,sp,delivered,2018-07-05 14:49:56,1,28.8,8.36,37.16,5.0
0132fef017ccf586491ca3685de667df,6ed04295dca042b17dc984a992352343,d49f11b7331d59d197d96d0660b51bef,sp,delivered,2018-06-06 08:51:20,1,67.99,8.88,76.87,5.0
01336d091c57d8be1feca330c5f047bd,bb194a93468bc295f8e1ff7186a131f4,036758198b848af7b0e0211d9323a081,mg,delivered,2017-06-19 20:08:40,1,65.0,25.73,90.73,4.0
0133a47b53fee66218790a8d7dcab993,0663e652f8793c2d4eb77e8185a5747f,73407e0f8a211899dab47838a5f723e1,rs,delivered,2018-04-20 19:05:03,1,89.99,18.21,108.2,3.0
0135675503322d804abef7ec5ed4824b,969678c7317657c3a5855fe90a69894c,d47c6631d67f856392d0c8040db162d2,rs,delivered,2017-10-22 19:23:17,1,104.99,17.98,122.97,5.0
01358622f65717728b3b2ec2cf4e8812,21307401801cf2242315563c89d8b9fb,bfe8411cb6fed718c3879fac9847f23f,sp,delivered,2017-10-28 22:00:08,1,27.98,15.56,10.88,3.0
0136390286be8a34efdc801ed150568f,a666bb7a77916be2716fa1420c73c56f,4e65032f1f574189fb793bac5a867bbc,sp,delivered,2017-07-16 12:26:05,2,6.98,33.58,40.56,5.0
0136bcc7370d7fdf44bd916a6dd583c6,55be5653a69f4551dae9951e54acf572,0921f17ea370fa9de5ff832bf9cad923,sp,delivered,2018-05-20 19:31:30,1,29.99,16.32,46.31,3.0
01380d0df5b7dc8bd13f2266a57bd42c,c903ba1283fbd5c51a9bad4ec9fd8d97,6e2064e4da450befb0b70bb2f0c68f64,sp,delivered,2017-04-17 19:32:46,1,16.9,10.96,27.86,5.0
013a98b3a668bcef05b98898177f6923,60c23b4f05e926f24472f5ae2ec6b89c,00504b68faa074d0f40adcb4f7727f71,rj,delivered,2018-08-11 23:17:37,2,152.0,46.7,198.7,3.0
013aa6ba5077072401773f83f1ee6408,4c91265edcfe58dd5ce2dcdb2fba7813,289bc385e927d2777efdd16b74040d1c,sc,delivered,2018-07-25 11:31:15,1,159.0,19.21,178.21,2.0
013b811ba81339b7634ab5231c547e6a,c75a1075cc4b47245da8ae972c8ac08e,51c0a2b83d6b0d4fabe39990e43140c2,mg,delivered,2017-10-24 22:31:05,1,99.99,16.95,116.94,4.0
013bc5ce14f856d31efc8bebdc3a278f,f8fc70c22831cb93f1bf7f8eefa19765,511ac552669ae0bea0aa5e724f69f28d,sp,delivered,2017-02-06 19:12:50,1,23.89,8.72,32.61,5.0
013bc77d3ca5fba084a241fdcb307393,96ce05a47b37faa11bd59938ee555a7d,e3695821bdbe747a2f9d72bb83dc4bf8,rs,delivered,2018-01-17 00:23:17,1,43.98,30.2,18.55,1.0
013d92e415d1de7bf3b3b706f1b6d292,898107309c7e33b88d7141ebde723c17,8e23478d59ab253ef04d4d2056ebeb93,sc,delivered,2018-01-25 13:53:06,1,188.0,16.07,204.07,5.0
013e9c654a339d80b53513da3c1ea437,9391729f79cd9e5fd7ca884ca030f579,05a3b50193563913613acada5c86b1d2,sp,canceled,2017-06-18 13:48:48,1,109.9,13.11,123.01,1.0
01405161cfdf60dd80df1f393a2796d5,50a5ce7e867f2fabc3eb4703dfb432df,23be4b5b1e9add3f80da9607e9de5775,sp,delivered,2018-08-09 21:16:21,1,59.9,14.73,74.63,3.0
014176e9538672a32d2a9b73bf53a31f,2584307af792d605f55f588694980576,0fd8ff3aed86ac28b280a2b352cd7689,mg,delivered,2017-12-01 11:01:28,1,139.9,16.74,156.64,4.0
01422b2c3c27fa3bc464e72eaed9676b,f864bce0fe28292472d76696b4c4639d,bb81df0a218bab2667f272adf597a188,rj,delivered,2018-04-09 10:11:17,1,28.49,18.23,46.72,5.0
01428962dce3b65e5433eaeb16c0f48f,62a31d294c310db1ce08d21a575c4144,3e8ec82c18ec9053aca2a527a3eb8494,rs,delivered,2017-07-13 14:39:29,2,309.82,93.34,403.16,5.0
0143924743f240e1fdcd6a8918fbe147,3f979506b05475cf5da22aa8e6c36a6c,197e7a981a20a197855fb41c4ffe8c5e,sp,delivered,2017-07-18 17:52:06,1,99.99,11.9,111.89,5.0
014405982914c2cde2796ddcf0b8703d,2de342d6e5905a5a8bb3a991c855f3e2,e8d87ee946600f7753579a074fbd2d5d,rj,delivered,2017-07-26 17:38:47,2,49.23,29.2,78.43,5.0
01442602b15d4127a84ca6ac1507ee2d,5f816233eb2322dd00015934ff84693c,9f9b454e416375f3c705666a76c37114,es,delivered,2018-07-29 14:13:19,1,504.0,19.72,523.72,4.0
01443cd06ea8bce82c554a46f307459f,7995a0161ac789e3a05607de1620d517,2c3ed77b92cba1f5622b5ccaa1792b8b,rj,shipped,2018-01-03 10:43:02,1,25.0,14.1,39.1,1.0
014872cb0c4fc7695c70484966baa65c,b103b8c8af8eb17c72c213b36ccd4f34,523366b9899aa70ec24c372c3ac27805,mg,delivered,2018-03-09 17:31:31,4,219.6,93.24,312.84,5.0
0148d3df00cebda592d4e5f966e300cc,672510553bcfbf72de694db2cd88f046,e75fd09539dff5c7c80a12781404ffea,sp,canceled,2017-08-19 19:08:26,5,27.65,59.25,86.9,1.0
01490a4bdacbafe6de009b317a0c8bf6,f9dfd7942a2d7f1588b7638a9bdc8ff1,ebf40c0db4fe06ddd15a7a44238c986e,rj,delivered,2018-06-12 13:46:53,1,127.45,23.69,151.14,5.0
0149c597dcc0963d7315f904495b631c,a9bb000979210a35541c29601f2dc03e,fbfcbb9969287114a9a4757e78f6f807,sp,delivered,2018-04-26 00:35:14,1,29.0,8.88,37.88,4.0
014a0793ab3d930d6f3b206cee474af4,70bed66339acf5dfede1a7dce682a6c4,b199c14d92a878257669851b87779293,rj,delivered,2018-06-24 22:49:54,1,19.9,18.24,38.14,5.0
014ac3cfd0e55bdc2cdd12aa181b00cb,b960facb09e55b91fd14efb587eb5bb3,4a5d1c7991061fc4025e6444e0676265,sp,delivered,2018-08-05 09:19:13,1,135.0,23.75,158.75,4.0
014bd8ca0827935402ac39f2751b2fcd,9fa56e6eb804eb7f8c2d80a133c84546,f80c7e4cf2fa8ff3532323f19bf603ba,sp,delivered,2018-05-09 12:47:39,1,119.9,15.72,135.62,2.0
014e36af18c280a94d880a16b2f00713,0523cd19f27a70bda29f2efb68a2db10,c2919fbdb45366551c1e80d5cb35cd3f,mg,delivered,2017-11-01 18:14:32,2,60.0,25.38,85.38,5.0
014e78d1239f19fdcafd760d3e52f923,bd5dee4ca2945a0ecb54846178944df9,3f5c2f46e425fbdbd5341e0c4a30ff63,rs,delivered,2018-01-26 10:45:35,1,14.4,14.1,28.5,1.0
014e7d12255fc66b5ea5e6c93eb4be7b,55ae57a8afd95ff914731cd2ff9bccab,4860841dce3abd17be7022064cfa15a3,rj,delivered,2018-01-26 10:54:11,1,79.99,14.31,94.3,4.0
014f1e63f9bd4f5578edcf4e5c305a0a,956b98e4d6642bc3c6ceccea5aa488a9,95abd88649da5a5d03837dc62e6b2091,mg,delivered,2017-04-09 20:17:53,1,129.9,18.34,148.24,5.0
014fc889637133d9075190ba873dfc03,20296443465a67e0ac27c5a61f685453,b0cc15ee23845ff07ad13a3af4f34a46,sp,delivered,2018-01-18 14:36:40,1,37.99,7.78,45.77,1.0
014ffbfe2df4c96a2b063d084583978f,ea1991a3341d703b3b5c4c97790b8b2b,6c893cb84f2fdb0afd6fc87eb5c054c8,sp,delivered,2017-11-23 22:36:25,1,79.0,15.3,94.3,2.0
0150004d4d8eb63f9948de164da34e34,bca923b4bf0e608694abdc3e4f18c5b2,da87a19579eaff2f6444e57ad0c4f9b3,sp,delivered,2018-05-15 15:13:06,1,219.9,20.51,240.41,5.0
01500f2503fa84279982d9d87750021a,084064d0e425f87b49643992a88c2b43,1f4dd20e59017acccdc1888bd80fd381,sp,delivered,2017-09-09 20:02:13,1,19.9,12.69,32.59,5.0
015183dcb37f19e0456905fa5aac0b69,8148b073080f653d3a86ef8fc3dd6b43,2ecb8546a5c0ea3c74dfa8b77a321370,sp,delivered,2017-03-06 09:23:13,2,316.9,36.8,353.7,5.0
0152de20f6e09fb1133847df8babd490,cc427818670e1a876ce1a0c989d92f68,a984dc73180e58d6b3520c7e32dd33c9,sp,delivered,2018-08-07 22:42:13,1,211.05,14.14,225.19,4.0
0152f10d04554388634b75f079f069fc,f211421de204488bd0f9beaeba60f04f,83c09d2636754fee9e24a68c6abb16e7,sp,delivered,2017-09-17 09:58:40,1,610.0,37.54,647.54,5.0
015975a1ff4fdab8ae6f42eaaffd39fb,5f3f5e9d45914b3cecccafe39f3f3028,2d14556024f4bbe01f147576097c42fe,al,delivered,2018-01-09 20:58:34,1,129.0,38.45,167.45,5.0
0159b449009b3f8748ed7c56e9d84afe,fb7e9a0264b2987537473967c3518c95,cd7ba8d9c38011e37b802cbf80798696,sp,delivered,2017-12-26 13:38:48,1,16.0,7.78,23.78,5.0
0159c6355a4e32f6ac68d838e2228150,bf0176bae5facd261148fb881ccb8cc6,34745b94e42969e956d446695f58421b,sp,delivered,2018-06-15 13:41:08,1,189.0,53.11,242.11,4.0
015a7c64361928a0782ec0e705174b6d,c9eba034ee5ffca9771a1a60f603c827,8b773922de721ae547665eb8713eff08,rs,delivered,2018-06-17 19:54:47,1,12.99,18.23,31.22,5.0
015dd4d6681d1d15c0afebef64a0a092,9092217b4f4aa4cd1dcf5f196ccfd617,1b49bd8407444b8155fc943866a0e645,sp,delivered,2017-11-07 21:29:02,1,109.9,11.97,121.87,3.0
015e051dbb2407d4bd305635e46b732f,60f9c5ec01881784ca846e12c16aefce,67b0a8350bf38e5d5be5df23e0d293a7,df,delivered,2018-07-30 19:05:20,1,29.0,15.3,44.3,4.0
015e6682b50c824bfdab6b866f937936,f6188d661010819b1eac0c417e0c4cdf,46732b93e98cb6b04a44917b50666a64,sp,delivered,2018-01-23 16:03:56,1,159.9,8.37,168.27,5.0
015ed18d7ea7ca5c14f3c1decc55daf1,4eca2e495967922f24cbc0600040e006,2405f1b2ab4f5660d9338425029ddb50,sp,delivered,2018-05-24 12:31:24,1,59.9,9.26,69.16,5.0
015f079801c424fda3edc48be99267de,e9887a9874d592a5904dc3b85187ec42,33c1c5ea039f51616c3d36434b8da36b,ce,delivered,2017-04-06 21:55:36,1,292.9,26.54,319.44,1.0
015fb6b5f739788434fa690540f90f19,eca9b206f2a9e4693bf0840895434e2c,4c4621970a6bbad78e4204b062ff69d1,rs,invoiced,2017-01-31 13:06:05,2,286.0,189.96,475.96,1.0
01614e3e58906ab6c7e2f27e9b349f1a,ca46dc49c3ab226c9a46d8a55be0f0f9,6c85f456bb81ba219f67b16c1e9f5bcb,sp,delivered,2017-10-02 20:49:29,1,52.9,9.09,61.99,4.0
0161962c6c561d3acfaa3e2db9a14f96,c49df845f9640195cb98d104bd8e859d,966a694c2313fe31e910adc3369f9dd5,sp,delivered,2017-09-12 13:29:37,1,99.9,25.54,125.44,5.0
01625f404436eb3cb98cba1e9433db29,cfad256eb02ee52ebd2a75e6a3095cca,25d006b3634dea40c307e9ad13b41894,pb,delivered,2017-06-08 08:52:08,1,49.0,34.15,83.15,2.0
01633cfec0376ac9f2606e271ede5574,7511d7ebaabaa2f1e5b75763fac193c9,5254e267e74196f1e1c275f9716c89a7,ba,delivered,2017-02-23 12:10:14,1,99.9,24.9,124.8,3.0
01643942766bdec224d5593041f714e6,35b6010ad8b185e27365ae8366cbb76d,e31b80f478df67bee358c8d799deeef7,df,delivered,2017-08-05 00:17:35,1,32.5,15.1,47.6,1.0
016495aaab3fb481dc9decab2b4fdbfb,bd1b4c23a6f9365b44d99b2c7905cea2,cc1166c2411979ef1709678719e5d771,sp,delivered,2017-11-19 17:51:15,1,15.0,7.78,22.78,5.0
01667048de265bad400b945f29b52526,de803ca99877b56ce0d121b7e2d57bc5,675bbd87e94431bd6c6fc90aefa1427d,mg,delivered,2017-07-01 12:25:09,1,230.0,16.36,246.36,5.0
0166ae6ff6d450bbac3eb4ed2885c0f8,a3347136bb1bbf91baf78c0972e1f3ea,507fce5023bb08327ad3d22108910c31,sp,delivered,2018-06-21 13:30:54,1,79.99,9.76,89.75,5.0
0166cc8756d58b4a30fb49de83527120,19e9dac43eee8df98092482fdce676da,2fbe21ee78c83f908ed47ba9f4a74121,sp,canceled,2018-02-08 21:09:18,1,29.99,7.78,37.77,1.0
016706d732e79b49035275c048edb2c4,d92a41fae88c9a36d012a5fa35c51b09,fd474aed92422913da009596a532f7fc,mg,unavailable,2017-10-13 09:15:09,0,,,65.0,1.0
016726239765c18f66826453f39c64e3,6204061101097bad0b25b3c4fce9ee8d,6724236615afbc343645dacfa693fae0,sp,delivered,2017-06-14 09:16:44,1,219.99,15.14,265.77,5.0
016754282c7690ebd6658f9f8e0a49bb,2d5ef00df7f7b3574cee1033e6ec53cf,7ed352d323845dec6500b903ad773570,sp,delivered,2017-06-06 12:35:13,1,59.99,7.78,67.77,
01677846a819fff5fc22d43d61e58367,d83f1643bc89dfc8516c6c2a11f46258,79c389f4fcc007dfbd1f317f29e85030,rj,delivered,2018-05-03 10:12:15,1,120.0,7.87,127.87,5.0
0167c361757c75999575cfdd8f8695f5,fa16d4938e075cecd40c099fa81c6003,644ab70cbd55721a2c6e7b1d9253edb6,rj,delivered,2018-03-15 11:46:10,1,139.0,23.55,162.55,4.0
0168a7f186c1f066748d15d8c51f489a,ace839d3162a61fdbd51b08fc3e60a39,ff5017601705e932d5545e0eb337cd0b,sp,delivered,2017-05-13 18:14:49,1,149.9,8.3,158.2,4.0
01699d74ff89d35f15093f83d7783c39,5c52e49d63df1645b3e2340ea8c29a9a,fa8e440a537cc22d1138a0f10abea51a,mg,delivered,2018-04-18 16:37:26,1,139.0,22.68,161.68,5.0
016a6dbc80aea6e2d217d2bedbc7b59e,72d62fcd5850d8daa156a6a514da4ea9,9c0d3116a3594b1d4d2b28b871ac22fd,sp,delivered,2017-04-13 01:39:11,1,99.99,12.09,112.08,3.0
016a938f2b34aa5ef05027fc83f5b81b,ba7cb70dd18aadd6f7f72c60d08df953,5ffc432db902fa134ebdb7ddebf29613,rj,delivered,2018-01-23 21:47:21,2,598.0,45.16,643.16,5.0
016b1af508245e59ef75d83e3fe20a92,aa57e2dd7b09a0f2cecef92f4d99395a,2b883561eef84b78755217c2d06ef360,pr,delivered,2017-04-06 17:19:53,1,129.99,17.65,147.64,5.0
016b451bbcd4f0766dcbeb082cfe89db,24b3827e65cf09e06d6510524822749c,d7a7eaae05afd9cb00a7e5378dbae99b,rs,delivered,2018-01-09 11:25:46,1,379.0,36.96,415.96,4.0
016befe103ce7c9e5b1b7ef359777eea,15f3f60c0575a9f2a7d5434f7b8a7692,96a9e66285108791875512fa49cab22f,sp,delivered,2017-09-03 10:11:52,1,49.0,11.85,60.85,5.0
016c6bb57a9de6b4e8f938fa6dde61b3,f1d4911942d2bc40d520ae47013a7643,804eb66464db178ab95f5f4ced1f4a9a,rs,delivered,2017-11-27 09:27:08,1,129.9,16.67,146.57,5.0
016d1bdf6efab4f6b805df1c03043113,32ea572ef909ce200bf5097211d79d22,48aee83c86f97efcbe8143093423578c,ma,delivered,2017-10-04 20:26:53,1,36.9,34.15,71.05,1.0
016dee69b3de35a39bfccee5309307c3,c508ad14bc3cde5d1e0bfca7ebdb77cd,65673eb10bb25611b2a9eda38b0e57ff,mg,delivered,2017-01-14 16:35:59,1,45.0,17.19,62.19,5.0
016e4acfc34b9f2abc69795f47c92f0e,ab53dab22635ae74adb0baa0689afcc0,a6d070c5bb1625afedbac4c019de0176,sp,delivered,2017-09-15 13:53:55,1,45.0,7.78,52.78,5.0
016f868b096c236312e8bcb818ccd11d,1dd56893d8735089534b232e039b831c,3e99fcdff874a9b1cfff9828f5cc77c9,sp,delivered,2018-01-27 19:24:57,1,29.99,7.78,37.77,3.0
016fbc333d66b414be541c6159576c40,83fc79bfef5a8fb84c5d77f3748e0064,eede3c924dcfa1c4340e70b50010be26,rj,delivered,2018-05-30 18:09:10,1,84.9,18.52,103.42,5.0
016ff85737c2072ab00a705cd8f87799,590db569569a4a1b3074694f522309fc,d7538b573179d0bc4ca666c03cc12d55,df,delivered,2018-01-02 11:12:14,1,75.0,20.02,95.02,5.0
0170e40334131d971605ae70efb33e4f,c0c87e50917bad186dc13135c1820d25,dc09df53d23ae01d6b42b547913aa2ba,sc,delivered,2018-07-18 07:17:35,1,19.0,18.23,37.23,5.0
0170fdd7ac7c7bbad5308207bd25a679,116e210883e0ea55bea66b38c5d71ede,82902ed35742cd23bb67a4b774a0bc63,sp,delivered,2017-07-04 17:46:16,1,34.99,7.78,42.77,4.0
0171835bbc71bcfacc26e9f59d56b62c,4ab60901050d2b4b877596c2edc24a6e,62fe3c4ffefb1c3462cb546598df78f8,rj,delivered,2017-06-24 10:52:28,1,59.9,21.26,81.16,5.0
01719300f9ca182b8361556a3873d8ed,5f7a7e33fde7fdd09dac4e27902f7868,a3a5ea7b1ca85d1a9e4a756cfbf0060d,rs,delivered,2017-08-28 10:15:59,1,85.9,17.85,103.75,3.0
0171ca1dc94d8ebde8bbd3b686f44c41,acda4e3bd86587774d6a17b8e8d7e47b,41fb4efcf6fc7f18a4c273be7d1b5d07,sp,delivered,2018-04-27 19:50:37,1,64.9,19.42,84.32,4.0
01721e0729fcb75ab238248fdbb48eeb,db14d5544e26caec33796e6d85486585,e26281cbbbba524e191f8fdb2e17d467,sc,delivered,2018-03-19 13:31:24,1,219.0,24.11,243.11,3.0
01725657be56c432d5aaa2f914ae2c56,d21e2497e6b83b755f5e6f4c8d159ed8,69171b423d7a60f907d5e8131ffc6908,rj,delivered,2017-10-17 08:52:14,1,138.0,25.81,163.81,5.0
0173932ad60ecb31c620fc523d9f40bd,7a24e4852c5145e3def732c1bf6da68f,06e1d389f74c352f6e4e4c0436e1ffcb,rj,delivered,2017-10-17 15:25:12,1,30.9,15.1,46.0,5.0
0173e291db71c3e688829f7f03e2d34a,b909a43dbe785f180ae31c4d0e79cd28,9692198eb90ef81bbe24655e8ccbd394,sc,delivered,2017-07-07 00:29:18,1,31.9,16.79,48.69,5.0
017499de14d22ef9e9a83ca54727480e,a947822e31f502d0f6297cdee1448a73,da42590d5fb158dedc2996e0cdf95a58,sc,delivered,2017-07-11 15:58:41,2,172.0,37.45,209.45,3.0
0176a6846bcb3b0d3aa3116a9a768597,aaad67429ea7d339bdf5f71ae3ef74f6,13613cae6e3bfea8327a916246c96cc9,sp,delivered,2017-12-25 10:40:52,1,91.8,15.56,53.68,5.0
0176d7e16d1bd14cde42d9d3a24e525b,65d964c098f8db89e1a8a07af1e96d21,3080d6a96ac54f2b88adcfaa49de7ff9,sp,delivered,2017-08-15 20:57:47,2,70.0,32.22,102.22,5.0
0176e50f3853fa068127afa3daff6402,20899a98f69e29ac34d852719a64f431,52832e2d43e2afc66377c52f26dacfc4,rs,delivered,2017-12-14 16:45:18,1,59.9,15.17,75.07,2.0
01786fff06f2f7e8a83950c4b3b424ea,574e00dba47edb0c55e3b7e795eb8104,4b3b36d4ffd716cba64746c05678d5bc,sp,delivered,2017-12-16 12:04:31,1,59.9,9.34,69.24,5.0
01787af385123b93ba50c5f05530ee12,ca5fc68d665a2ce5392fccbde3475f72,a914b2be4782207abc6758095ec9e8aa,sp,delivered,2018-05-15 17:33:50,2,99.6,14.78,114.38,5.0
0178ff2480e2e8fb84d456dd3dc3d777,9658c223ca600a39c7c52d7087d0a598,1650459e18e792163dca4edab647caad,sp,delivered,2018-03-25 13:48:39,2,15.0,14.78,29.78,5.0
0179a3003c894f1dd3b1ddda5d1f8a12,982d36c785912f44bd0f87ac7d8a7073,449f3747769bdc5e6bdf1a49c26fc8c1,mg,delivered,2017-05-23 16:23:30,2,166.8,30.67,197.47,5.0
017b11be3048fdfb58e63edc5fc8f4b8,1c34888248845ed3c9607a2652adad9c,3ac21ab85b7a7594972f8b595c0b4827,go,delivered,2018-06-14 23:39:06,1,24.99,15.28,40.27,4.0
017b1d6881222283afdc50baf3dcb0d5,9f72cabf8e5ebc5743665846b05617a5,cef52ebf681cedda55ba6ee34e288255,sp,delivered,2018-03-06 22:33:02,1,69.9,17.4,87.3,4.0
017b84f6bee0e4287eb8a8c9f5df549e,931f171166895ae304d6e982ee54d197,ea01897da007844219c7559642c2554a,pb,delivered,2018-02-14 00:50:56,1,29.99,34.15,64.14,1.0
017c16deefc1868a33a5966485ea4721,e7e0438494f6fd05d28210e8c6bd02a6,46b6b9207955de25a4c8ed1192bae572,rs,delivered,2017-11-18 20:23:35,1,234.9,16.39,251.29,5.0
017c9c82265e832840e4209750680e94,1ff23faa252154298c3e52a1e36c1cda,843fce53a8077f28ff10cbfaab2ab957,rj,shipped,2018-03-05 18:13:17,1,159.9,25.96,185.86,1.0
017cf0b342401318dcaeb25478e13a6f,131227776a8b159a13938a0abfa95c5f,06b9d6221ccd83819ac6ad3f352854a9,rj,delivered,2017-12-30 02:09:39,1,49.9,17.6,67.5,5.0
017dcb6892d4469a13dee34f241f8c4e,a29627c042ea26f7340db61ff04fbfc5,747f419f11717e7a52d1175315a2365b,sp,delivered,2017-11-12 20:17:40,2,49.8,18.18,67.98,3.0
0180ebc47853bfc5997af28f5a7e8849,e82aa49c904185344fbfbbe025433ba5,b2f4ca50352ef05b755693d159d82147,sp,delivered,2017-03-16 16:29:32,1,162.0,11.74,173.74,5.0
0181409c6498f79e161dde79c2a7dc59,55e0503dded8ecd07b56fd84bf06a342,747c1b1b035efbd0ccfc9e704382f6a1,rj,delivered,2018-08-01 15:05:14,1,43.9,18.41,62.31,5.0
01825d0debce07b6502f4aff38a00e69,8d4ed4f811a7873a31183d7d7db8f470,9dc80712fe7b594cb2022882737397c2,ba,delivered,2018-07-11 10:46:20,1,189.0,23.25,212.25,5.0
0182f6cbb4fb10918a76485fc92d7c49,16c11c76b58be7de894336de67d21260,70ec0d94cb8fb8bebd175ffc701cf5d6,sp,delivered,2017-11-25 00:40:11,1,14.9,15.1,30.0,3.0
01835ef41c5ac66dd9ec6084fa1d0533,6a4ea2081853cd8dd8d7c69cdf86925a,f64ee7b44a9c2170a0db74d6bc3d1ba8,rj,delivered,2017-05-11 21:36:10,1,56.99,15.15,72.14,1.0
0184d4ddb259e1a4cfc2871888cf97b8,09425ea1839abf2f0d289a0ff453fa21,10c573ba276f9857dc6820e0dde57fb8,sp,delivered,2017-09-01 20:04:28,1,75.0,16.16,91.16,5.0
01855f880aae9a984c7c33b26fcf2e02,2e068340b3037f667ce3224bd59260af,48d4bf53229ec530405b4e461ae6adb0,sp,delivered,2017-10-19 15:08:48,2,78.98,16.54,95.52,5.0
018778568fad26695334c784563c08d4,223961a1714e148c0c249487eeac351c,2fb0af35a7ae96cdc1f65637d0601c7d,rj,delivered,2017-10-15 13:21:57,1,44.9,15.11,60.01,5.0
01882618ede11253381513166b49429e,8f7ecb4570dccd8aeb216db7823da1de,ad0a5744b9ef9ec052eb092d894edab1,mg,delivered,2018-06-24 10:53:21,1,29.9,18.31,48.21,5.0
0188777fe321843a18be24a6e9aa1e53,dc573d2a61a467e5e2826c1729691859,f81c042ed0162a51b90372c233b4fbad,rj,delivered,2017-07-23 16:13:37,1,55.9,9.94,65.84,5.0
0188ca1fe398161f0f310fec985ac155,c2b33cff8fe4c4d8eb300547e5e5208e,98d609d0160c8510c762a70ca0ed4c8e,sp,delivered,2018-06-28 10:56:25,1,66.0,43.4,109.4,5.0
018bb1508d9156b81990407b91fb35a8,ab65db409c590bb188616224a7e76cf7,97389ed5addd9b9f90dc5b64f3e4f938,sp,delivered,2018-08-15 21:27:41,2,279.8,38.16,317.96,2.0
018cb6a10649393055c272ba2984e8bb,169c3ca987a830baef97320592292dae,f55f5b958b01f7040f6f42c0abaca6f4,go,delivered,2018-04-03 18:28:35,1,56.8,18.28,75.08,5.0
018fb228a3dd1a16349e73d2e41b239d,e2a629c7ccabea34df0cb4954f6c08db,a49f5184df6f790d7765174f8fc569b5,sp,delivered,2018-01-13 15:59:39,1,190.9,17.1,208.0,2.0
01908071e35fdc75bc0d7764f153abc2,e30bdf332b6c38f5f22d50dec12282cb,54f3fab90f8879fc698930fb6de60758,ma,delivered,2017-10-25 20:49:59,1,89.0,25.65,114.65,5.0
0190e75feb05f78ccb1b56853ca4f6cb,adb3c4b6fa67bf11d5ca618f5cbd044e,37e2dd61ca0493062acccc353270f8ed,mg,delivered,2017-11-24 20:14:55,1,129.9,38.46,168.36,5.0
0191b6a5a70bcbc6cdd39427f216602e,3f62271cc144183c56e7db438c8cba08,56e1345d266f31c440bb8c809fcadd02,rj,delivered,2018-08-22 09:40:25,1,139.9,27.96,167.86,5.0
0191bbb5166d4b9a68df11797d5acfa9,62b59a64eb786a96516229b7f3612c72,921fa6982e780da7d9e0bb6ca11b380c,rs,delivered,2017-08-10 12:17:35,1,132.9,20.17,153.07,5.0
0191ee5deb2474bc1f4189fa709289b2,427193866d6c04a3fb307afdc2731b6e,a6f83c597e714375c62c75d9f6e674b0,sc,delivered,2018-06-16 12:55:53,2,719.96,171.18,891.14,5.0
0193517cd10a54473b6fd8392b58313f,d5e5a632fc74499ef08cc40be28c8202,929cca0da005b90ff84064609a25b805,pe,delivered,2018-06-15 20:02:54,1,209.99,57.94,267.93,5.0
0193a99edc8c599aaa16f9b9e991efb8,27b04e3afd2217cfac1020a7da0cfc25,5f8ad624020f7db33a63d5a0e5d14348,sp,delivered,2018-07-29 07:27:26,1,154.9,15.39,170.29,5.0
019440e41e276668d99d996d5d1a22c1,477d0086341df0308127cef59628e7be,19fe66d478bfedfdcc743014d562b777,sp,delivered,2018-06-12 23:05:15,1,44.0,12.97,56.97,4.0
0194686a55eb0a869321fb107f4d114a,b577ba81b673d2fad6f974650f3dbb5a,c68ffc361044816323eebe6a756f3060,mg,delivered,2018-05-22 15:15:50,1,195.0,14.49,209.49,5.0
01946da9e2db8bab61d79296c037ee1f,14532f1320645821a6da04e049dc6b53,3e1f5ce6a6847bac4bc3f20a2c3a58d0,rj,delivered,2018-01-06 17:48:40,1,97.9,16.94,114.84,5.0
019536ad39a0dea8bb75c00359a0386b,958b47e797d9db0979238d3b7fc08b9b,ab1396beb942dfd3e0f7ac83938bbbd1,pb,delivered,2017-09-01 22:51:17,1,49.9,35.67,85.57,5.0
019543c0de8386be97738b589ee695aa,ee78e2394f33a3bf7e81e1ba6192863e,04c9f042aaafb2430f14e0c3d46c0a68,sp,delivered,2018-05-27 17:10:25,1,579.99,16.96,596.95,1.0
019636907d07b2433be000d9d6bed153,2653ffa2adf76d9827e1458918c125ef,b120185218db2a74f354de194405aa77,sp,delivered,2017-11-16 15:55:19,1,59.99,12.76,72.75,5.0
0197416059c0e56b5344bf2188066317,bc0a84ea7543ac13807feccb5bfccf4b,d1c73ffbc43e326738aec07c5dacb8d9,ce,canceled,2018-07-26 17:20:23,1,399.9,21.71,421.61,1.0
01978b8bae8292ffb4cee6abdf9b9089,a93aa8521621d68fc2a9bef496f701bb,f0afe1fc505bdee6c81d9fb27d31d64e,df,delivered,2017-12-08 11:29:00,1,42.9,15.1,58.0,5.0
0197cb265e2c84b9f89dfd784095d2f6,3971ac136496b4368c1431bb5bce0929,1858eacbc8be35fe3b5dcfcd6d249462,ms,delivered,2017-12-21 20:55:24,1,320.0,58.91,378.91,4.0
019886de8f385a39b75bedbb726fd4ef,8cf88d7ba142365ef2ca619ef06f9a0f,d29ede26cd3e2817b314005a88bd28a8,ms,delivered,2018-02-10 12:52:51,1,159.9,28.5,188.4,5.0
01988bf5b8acbc4d6ced86e4d47fcb1a,32414a38e12950c3121fec300b889ee4,4c98fa82af326124574616dd8e3c8dff,rs,delivered,2018-01-02 22:04:57,1,133.9,29.34,163.24,5.0
0198c71148c2e08c7c52b860f640fa4e,2938121a40a20953c43caa8c98787fcb,482441ea6a06b1f72fe9784756c0ea75,sp,delivered,2018-05-08 06:34:07,1,148.0,15.13,163.13,4.0
0198e0de42189b3941d46857a87fac91,bc057e26a901167220c6e4a0b0c3ec5d,095822a49be101736ea0508b80fb827d,sp,delivered,2017-11-04 12:33:53,1,56.99,8.72,65.71,5.0
0199115a1cbfc272c5bd53117772a64a,926c8544055f08fcf4a065407ebbba95,756574c3d9ed581f72a283c38776c116,sp,delivered,2018-03-22 17:07:11,1,47.65,7.39,55.04,5.0
0199edc5b01351df8e73a674aa473ee7,669fa2dbff38c196161e330c91842143,20225309debb0a9e1031b180d6133758,pr,delivered,2018-03-26 19:33:09,1,93.0,8.0,101.0,5.0
019a242bea1553b3b7e12bc38cb57a23,ff70b0c5553479bb9130858713a7e05b,cd02ea87f23fff05145d05e4275270e1,rs,delivered,2017-10-29 09:06:44,1,349.99,18.53,368.52,5.0
019aaee09698daf81dcffe9d94a18b5c,e3893e579755de4feb1a4d0313c103fa,cd6b577df45c00daa6b2767eaa947c72,sp,delivered,2017-08-10 14:04:58,1,75.9,7.79,83.69,2.0
019b02e139cfcd97f93366f7a38f5695,82a6cf90eef165080973fec6d6dc8910,0280239e6c4add91b8a415d9b2566649,sp,delivered,2017-04-02 16:50:31,1,109.9,24.05,133.95,5.0
019b8e16e30c8b9ad9bf87e039a27765,fe9cb076acaffbee858187352e2f7266,15cdca72d93fc92eab25e4484f9fcb88,sp,delivered,2017-07-25 20:10:18,1,99.99,13.72,113.71,3.0
019bdbaef5b5121c9b1811976aa510a5,7f340a499d079212d76e5a57f5d42389,934d7e7b5aec6b485caa9f0bb98ebd48,sc,delivered,2018-05-08 11:08:03,2,70.0,38.64,108.64,1.0
019c4b64cf3d733807ef5bc8bcf6d123,48d85e07af2e0cf0dac271b518829138,917b380ce5d462b47faacf6f323267b1,mg,delivered,2017-10-16 14:05:06,1,249.99,18.0,267.99,5.0
019ccfeea1ea9afbebdad57d65f2e36f,7b46de2ef0b70225f5ead1ebcb2954ac,53d1cdbad1f545453eb373aa2d834609,rj,delivered,2017-11-27 15:31:56,1,152.0,15.81,167.81,4.0
019d029f0b101343d44017d249b1f64f,7c71e90638cc8c6940af7e83d490cfeb,d6ee23b2b268ed053882bf4041ce2a2a,ba,delivered,2018-06-11 21:55:43,1,79.9,27.51,107.41,4.0
019d444bd00f1ccb4643de466f9a1525,44f5f5476eb92ebc9c4ab70c8b1bf189,bcec9b9aa5e994638f1eb6c2e5f449aa,ce,delivered,2018-03-26 21:51:15,1,138.0,29.23,167.23,1.0
019d79b37e56c6d56d6323fed0c54d70,bf02d2d8cd0525d8849563e2a03b95da,3839e1a64b6474690abb49e150b1eb43,go,delivered,2017-05-21 14:17:05,1,51.0,15.11,66.11,5.0
019e03014ec20cc2e3b180cdcf90b4e8,81375382bb64d7f7ba43b0bad8c033bd,fd9d39fa11a8725fabb15d0ff706251c,ce,delivered,2017-04-04 11:26:31,1,738.9,25.62,764.52,1.0
019edbdfeb6923e55558362c2b84ec37,2ec93611c4a36c30917dcc0ba589d5d9,fd112c3dfc32899034375e5354cd4bb5,sp,delivered,2018-04-01 07:31:49,1,69.9,8.88,78.78,5.0
01a0013ddc7cd129e350e8671b56a263,800631fef0a782c3a8efe7d8071df64a,6d3c02f03efc71b44d52999fc95fc86e,go,delivered,2017-03-23 19:47:34,3,1737.0,73.5,1810.5,4.0
01a1553cddb473cec004af5ce2192f1c,d0f1e9e852ef9b1099b6dd3c25027d55,704c21a02e59001049f14ec33b3b0be0,pe,delivered,2018-07-20 09:55:09,1,79.9,38.83,118.73,4.0
01a15ee6a1b9050e7678b72cb4c3b486,03a7750fc7a7bfbd7a84b2f4f26b92f1,ae7e471f70f6fb521a3dc8770cefa369,pr,delivered,2018-06-17 15:15:45,1,139.99,58.11,198.1,3.0
01a1969ee54e7016bcc0cfeb4fa8c634,b9b38aee92229fb6ba88fbec878f1743,79ad2ad9d71899f7cf8b622f0575760f,rs,delivered,2018-04-12 20:32:09,1,149.94,57.31,207.25,3.0
01a26a995dcef1d58bdee5b8862c7a02,4f36ee71cd2eb2ba9c1eb02b36baa34b,a967a2aed325ac121484ed757da16f58,ba,delivered,2017-09-15 20:36:53,1,299.99,14.35,314.34,5.0
01a3ee1c837fb57db23d898f0eb5111d,a07376bae88bd48df71a590d7191739c,ccbf23953fdda487709f41c2ac5c4f00,sp,delivered,2018-01-23 12:35:21,1,168.8,8.44,177.24,5.0
01a49649881d677e0c901ca0f6564382,07acb3c7b1fc507ae53e2e611d2b42a0,fc2b5f19f2fea59761bf4961bc83ada6,mg,delivered,2018-05-16 10:57:19,1,12.9,7.71,20.61,1.0
01a4ec962d7589584c11650ca20d728b,430ae219c180fc664c3981c91fd7f70e,fa32d50b314a61d8fbff672e57e53519,rs,delivered,2017-05-19 17:40:26,2,387.1,34.23,421.33,1.0
01a6ad782455876aa89081449d49c452,71accffbcbdf8e02f67a469f65cdbf73,31c23262d79bc7e803884e37f9bc5359,rs,delivered,2018-01-18 10:07:52,1,34.99,15.1,50.09,3.0
01a75ac3dd000b7628a684be97c29234,57ee2ef64f17a5f9a4bf30489b06326c,91a7366b39d3620ce44f85fa5d116896,rj,delivered,2018-01-23 10:32:39,1,42.9,15.1,58.0,1.0
01a921eb5bf5df0c2990e62563ceca49,e91aaba52c45b2044c6dc4319af54a5c,595e86ccb5e139b87f2585257597b82a,sp,delivered,2017-11-26 20:51:06,2,139.98,18.72,158.7,4.0
01a9d731c0f08f4f79c10b7679dcdebf,295c9951f74b6afccdda7ae478526cfb,cb2d339aea25a85bda60fec5f65bb39d,rj,delivered,2018-08-05 18:27:14,1,39.0,15.37,54.37,5.0
01aa38b66d95377a4f276f78742aca15,3e92daf13094e2b667e2f2c38a4ce969,fd07960753dd725c1fd626b155846b1d,pr,delivered,2018-03-01 13:16:25,1,109.9,12.72,122.62,5.0
01ac6cbac1cda667c97d35046b75668f,8582a3cb2e9951c3ddc27ca072a259fc,c4e7087fdaff6d26a9b72b4de5ffa937,sp,delivered,2017-09-14 18:37:16,1,12.88,8.27,21.15,4.0
01ad4f241a16bff724de081b558f0f4d,64189e336678007d8130fcd712d4a2b0,d5cd8c8a56c919f61c94c43f3557c1b6,sp,delivered,2017-02-09 18:47:17,1,309.9,17.38,327.28,3.0
01ae5e4c5d2549f7c05000a2f5856c28,9951d99835f50c491d724e5be22150e3,c459f4dd69a0d9468e3e170cf0c26d8f,rj,delivered,2017-11-05 15:01:09,1,39.0,16.6,55.6,5.0
01ae629e578b0eb0935ea1ce19c409f1,d299e0e07e35f5c6fd348ed83551a272,c42419a1aa4e3642cb0f1a49f0ed81da,rs,delivered,2018-07-19 07:43:33,1,84.99,18.7,103.69,4.0
01af7745a283aeb0f0754495c4b51ac7,200b152d4fcc6b4fba34c286b4c83a17,436da367462528f45b3f6a919ae08b9b,go,delivered,2018-02-28 13:28:49,1,465.0,34.69,499.69,4.0
01b02139ac5f79a5de2c56284af7bb3e,58ee8c095bfa7fab72d5ab65d411c975,33a189c27c13eb6f9609976cf628bd9a,sp,delivered,2018-04-24 18:27:38,1,139.77,8.74,148.51,5.0
01b06b4d63c340902dbe3d9f8b2fe821,bc4e77d40d57aaca04d0c5a52d452ccd,a8b827ac68c632280e86ecfa633b7d8b,sp,delivered,2018-06-08 11:42:51,2,169.8,26.06,195.86,1.0
01b15a896c5842077af2aaf4a9f94309,ecc61d0a88c7d1634a8e592121e14e8f,81dec91887837a1b173e18c46f199c88,mg,delivered,2018-03-23 15:51:16,1,109.99,19.74,129.73,1.0
01b1800f51715ab76f67caf732206437,456c1e01c8ed3b83aa8fc564119bc81a,4ac6ec83ece04605a854d931c8e8d8c7,rn,delivered,2018-07-18 19:05:46,1,150.0,44.97,194.97,5.0
01b1a7fdae9ad1837d6ab861705a1fa5,a2da04a295c890e30103aeb5356163f0,1a871dc1de3ae88bf92c8d94ca34fa9f,sp,delivered,2017-05-29 15:48:13,2,108.99,26.85,135.84,3.0
01b241fa1421c8284e8c1029a503360f,fd3aaca05dc7738e405ff6669a5bf7f0,328dd6e3fed7a5e91ed7d9aa558f0bd0,sc,delivered,2017-11-29 23:32:52,1,59.0,17.66,76.66,1.0
01b276e7af1d9e3ed34b431d39f45fa1,8e44b5b5a76df9682b27d50f5e98ca3b,78e46b5d6e91b962494b1a841f720075,pr,delivered,2018-01-16 19:25:09,1,99.9,21.19,121.09,4.0
01b2dd042de98a15b6a9a141bf71c344,6b635dc10f8b7e1032cc13ff619f52c9,76b656dd5912b7792c709003c19c6d32,pr,delivered,2018-03-11 17:17:41,1,79.9,15.41,95.31,5.0
01b330808c5819a6a3cb79b72f0b8288,c59e8ff99836e90d8b457d4122dc34e9,0005ef4cd20d2893f0d9fbd94d3c0d97,ma,delivered,2018-03-12 15:22:12,1,104.9,24.86,129.76,1.0
01b37f50cf3098b3dd9d0450a188348c,d5161150c2e2a177eb4d49c4e2ab7990,a74cca5b53aa3fb9a6841f847033dcc1,mg,delivered,2018-06-26 16:59:10,1,68.9,18.28,87.18,5.0
01b4a2ad3420c19a1c7c402513e7725c,29fe805fdb52514ef2b8cd76491d1bba,ce6739893b38038e0a51a8c8654b1774,mg,delivered,2018-01-09 08:52:54,1,110.0,15.52,125.52,5.0
01b4dfef1c8848e8c0431ce17f5f72ea,1ba23b73f82990c2de74ebf5a28838b8,2683999c7b3dc785684105f447db1f6a,go,delivered,2018-08-04 13:58:22,1,25.89,22.98,48.87,5.0
01b538a0b1a9eeecdfbc03223190e4bf,65c6da734e03f00a02315762773f9e5a,c658781f2931c08e5adef93d62b67007,mg,delivered,2018-03-01 22:34:37,1,39.9,15.1,55.0,5.0
01b6bbf0a9ac5d54dfebb11ddcd8fa8e,9318f7b29e978d7964af2bea8aecf18b,0f687670823f779b76513fc03d33aab2,sp,delivered,2017-06-25 22:18:02,1,52.9,11.87,64.77,5.0
01b6d15407d425529cbf0ec96258cb84,7ef73b34b0a8614d82a0756d9ca33f12,88416d14ecec06185dcb5a24a1258c14,sp,delivered,2018-03-12 21:47:09,1,29.99,12.79,42.78,2.0
01b703d8365608f2b01ed9c076d0b3dc,475eec32deae43c1479b18acc1f7781d,6b1b4cf479c558a8e050b249b9ecbd8e,sp,delivered,2018-01-05 17:14:30,1,46.55,12.69,59.24,5.0
01b84214591ddd4edad9fa4a1f344f84,828c30ae3a51aea1d168e88e6e735bf7,4788cfa765d9650f25d192b5d88b8613,sp,delivered,2018-01-03 19:12:28,1,629.9,21.66,651.56,5.0
01b94d6940365deb1eedb643ba43114a,53d7168d4cbc0acd88e9d17e2e18b47a,587ddeb2fbb61cb3659ae90a54003cd9,rj,delivered,2017-11-08 16:06:33,1,120.9,41.92,162.82,5.0
01ba495d945c6a1c5b198bbad63e61c6,e8f23326e2c34831368372a3dbcf8ce3,2477493cd0ffd29ef87933e32466fb8e,rj,delivered,2018-01-31 11:22:27,1,109.9,25.61,135.51,3.0
01ba72e24cf883d74c5479c0a626c740,edbaa972997d3e33faec1e1b6e0b7e43,4cee4a02eb33c498d0ad31ff0e7f32f1,rj,delivered,2017-01-17 19:55:40,1,44.6,14.52,59.12,5.0
01ba82170ebb683c73793bb809bbf1b9,ca8e595c4c2e4a55fa75a41d5bf08382,8c108bbb0e50260292b20cc76a647aaf,sp,delivered,2018-02-06 15:08:30,3,578.91,100.77,679.68,2.0
01ba9a2e5dcc1568b55695106d677b0c,0241bf6728f2c70f948e9a51484d1435,cdf2b2b8c6e87bf77c870a059435a835,sp,delivered,2017-02-26 22:28:40,2,119.8,18.82,138.62,5.0
01bae920aea13b891b50bc1543634a65,57a5790d63d19ab68c8eb882a24cff8e,2dc7f51f05ba1b1a92608e45e55d1fe1,sp,delivered,2017-12-21 20:04:26,1,57.49,9.94,67.43,4.0
01bb52d7a8dffb8bef5b79268487cd10,28c250c622ecb0309adc441f549d9a0f,49a8efac851377a035f6e206ea2d080a,rj,delivered,2017-06-06 12:54:19,1,158.0,18.36,176.36,5.0
01bb5b3cb7df4da98ea2214d083784c4,a3b369b287f0fb3acdbd673d88cc3076,3a54b74d74d5830855a03bbf6edbd70f,sp,delivered,2017-05-28 15:00:23,1,39.9,12.69,52.59,5.0
01bbf0fb0773cef52b4d6501e83162f3,56e023e21be211feb920b2e0eeb75c1d,4c6b7c9dc0a557d1aa17cca17b9f6fbe,rj,delivered,2017-03-22 22:04:02,1,101.99,19.41,121.4,5.0
01bbfee76e5e3f96f008c781c2c17bcf,b26791f21e725f36e32d150c31e68c9b,fcb28b060a641bcee2ebb44f1041ad46,sp,delivered,2018-03-21 11:13:07,1,25.0,11.15,36.15,1.0
01bc343311e5b8090b64d6ab287a5cf0,3eef17cb7b0ffaf55b88ddfa3d793bfe,88785e3fc48d90acabb7429b07139fc2,rs,delivered,2018-02-22 14:30:12,2,43.98,30.2,74.18,1.0
01bdc09119b132e176e5c8f2cf68b0ac,9b5f0ef5de7b703b77e1131e68263de9,f6db892e508b52b2419ce2fe09628d7c,mg,delivered,2018-08-16 15:59:08,1,359.0,25.66,384.66,5.0
01be2f7ca246adb9112cb75096af2ee0,9561fb5984d862e686beec844488550f,c896a03511f04a65568335fcf3fad642,rj,delivered,2018-02-12 17:47:45,1,157.77,14.85,172.62,5.0
01be661b8196707ef60f062632d6d1bd,e7232b4d5318177ea3ab911dfb920cbf,16598a26ab52b99a6790cee0542f7d3b,sp,delivered,2017-05-17 10:26:53,2,179.8,24.26,204.06,5.0
01be6ff226324644f283dfab69369848,9efea31c85df91516b2874e4e0fd953f,fc5351f63f69eff75df74e44868ff374,ma,delivered,2018-03-08 12:02:38,1,53.9,56.93,110.83,4.0
01c0514b1f2a7375948323b959cc5682,10e63f80462d8c370b091205b8f6d005,165da6d1832da52e2e9de79d562975b1,ba,delivered,2017-07-25 20:38:52,1,15.9,16.79,32.69,3.0
01c139e11e826da7bf9782cf1ee904bf,d4e19535b2f75f549d799b3841795ce6,c4750b080e135d87328222826982fe39,sp,delivered,2017-03-05 19:25:45,1,339.99,12.99,352.98,4.0
01c156f67900e1f33d1234ce92cb18d9,3a8737f68201688c1513bf3fbdbcf631,467f2ac77aed108600b9ed0be16c990e,rs,delivered,2018-08-03 17:40:27,1,13.47,18.23,31.7,5.0
01c1644529b18608f086d2ff0f3b8181,3c90bb0fba16e889f898e2da1df5fb32,95206211b1daa20267e50fdd46555802,mt,delivered,2018-06-23 09:55:44,1,103.99,31.6,135.59,4.0
01c18108db50c163daf7dfe461093fb7,cee3e95e0b9944bf7c7c6881c286564b,0357aaa4d93f1704a3970255a474eeee,sp,delivered,2017-06-22 17:53:59,1,109.9,18.02,127.92,5.0
01c1f3c10d2641a10cfd97ffaac0b3f5,fd8a9ce7e554b0a3b083521837d0f7c0,201b506ed6f89c9de7c4fbfeea94ab59,ba,delivered,2017-11-28 22:08:43,1,59.9,35.74,95.64,5.0
01c22546c4f9914e232006df82d96e0f,2269aa9a9e0847496cf2a7c2d86ad59b,b7f06c191c30297630e3b2771ff19e26,rs,delivered,2017-09-09 16:45:33,1,17.9,15.1,33.0,5.0
01c26a0b2736899633cfd6a3c1749428,47bbec3546f4004399e1e60aac67315a,c7ba5ecdf4f95144e084d86235fccae7,sp,delivered,2017-04-08 18:39:14,1,59.99,11.81,71.8,1.0
01c2c8708930c4fb8ed278dfe7ec93c7,bd5367862812e14c7400da5cd1e1b135,c81989ee0fd7cd1cfb866a27f8b796b1,sc,delivered,2017-11-26 20:19:15,1,239.99,17.44,257.43,5.0
01c2d2ffe8349c5eef0ab33e8ff1f41c,d57dc4003cdf3d2229ca20d76b889075,58e9485906911afb2517d118f44b9195,ba,delivered,2017-10-10 09:49:31,1,70.9,16.94,87.84,4.0
01c391e962558d0793e8dd8f6bad0999,54f4686e731120a05f1b88deebcfd894,d9fd5d3e285095887e96c40369cfd588,pr,delivered,2018-02-26 11:19:59,1,78.9,17.8,96.7,5.0
01c4766d43d50d892132f7bb04d97300,570f691879071b176cf72fd133287711,2e71ef0bd6b2e092901c480f193e0602,sp,delivered,2018-03-22 23:11:17,1,35.89,18.23,54.12,5.0
01c4f4e08d9e8b7c5bd47e612285993f,51e4740dd528fe393562380ba49e41ec,483bc92f963bbc90c3006e11f9ac552a,sp,delivered,2017-11-24 00:31:33,1,49.0,13.41,62.41,4.0
01c79ae32ef95b276907d99e83fe57e5,99e2b41b1cc2e2779110f22a874e0416,5edb5e94dde197f8fd914eec2975b891,sp,delivered,2017-05-24 20:08:23,1,16.9,7.78,24.68,5.0
01c7b08f0c05952ce15edb928bb63d2d,378b80aaccaaf259cfd1389b968e4bb2,19d49f41fb53c169a6ad94ff06b023b1,pr,delivered,2018-04-02 16:59:53,1,274.95,26.04,300.99,5.0
01c886b4b865797097ab2d051ae30cfd,c8eaa92fb78e29a73b98bb005e08a45e,d1516068b604e6a0d832ef68714baea1,rj,delivered,2017-08-09 12:34:24,1,59.9,16.86,76.76,5.0
01c95de6d0852189b4d6b6d32a3c8e0c,12a9f04e1b2cad4b8f510168f31d5663,0f2489905219a85efa84d4e6f873367e,sp,delivered,2017-08-03 23:13:48,1,19.99,7.78,27.77,5.0
01c998b70e420ec36563386a4b71c6bc,598f0ad85bfe5c15f18b219ad41a2167,ec15af4d797ff5fcedebd6f1e9199fed,rj,delivered,2018-01-23 13:47:46,1,89.0,17.87,106.87,4.0
01cadf993df82ff0e318addbd022f0fe,25ed0dc24f7c50b87f638e5b368d06ca,18694061bb05a1d8d6ea1c14a7c2f912,sp,delivered,2017-10-15 19:48:23,2,796.0,58.22,854.22,5.0
01cb6d702e5233235f4125309d184bf4,cf52d3f2132b17f52fdf4b40c135163e,859801343e938e403027c0668f64f037,ma,unavailable,2017-01-31 17:48:07,0,,,94.21,3.0
01cbdb2a8c075eaf248af643b3389f73,7fbb5f4108715c74461dfab031ea62bc,da2dc2675284f44b338e8d37fcd553a6,al,delivered,2017-07-09 21:20:44,1,106.9,38.3,145.2,1.0
01cc355e35cf24d314afe6de16c38712,f0d95b3d8428cd02d2074a86f06b9519,c90ef56a367801d33803d0a704962863,sp,delivered,2018-03-26 18:47:24,1,24.89,22.06,46.95,5.0
01cc71a8154340ae61126b5ee9b48fef,3cc3c3ea6a8bb392816f4c4bdf12c5a5,d754dd2be3a03a3306351df92361429b,sp,delivered,2018-06-06 21:06:18,1,44.9,8.64,53.54,4.0
01ccc64a2b38fdb87c25cb1944934670,f7b57537fa449131d8d98ec0f4e1d0ba,c94dbb5ee9997a25f01fd5e5bb852f4f,ba,delivered,2017-08-12 11:22:27,2,178.0,34.12,212.12,1.0
01cce1175ac3c4a450e3a0f856d02734,6ec610172716519f13781b3068dde24b,07fe3cee40551d2377a917fb4f377714,sp,delivered,2018-07-19 20:32:57,2,96.23,27.51,123.74,2.0
01ccfbb0ddf88340b6eed3f1370bcf0c,0b81ac66ced97049984bd7faa500cdda,16e261d3a16e5ffbdf45706276e1cd40,df,delivered,2018-08-21 20:20:09,1,79.0,59.78,138.78,4.0
01cec5c50d2d0e069a3227efba9f16f7,df5942d345b799c2e2819e9ddb4fb0c0,19924214ce9d3f304844f9fb8d68bf40,rj,delivered,2017-09-16 10:26:47,1,73.0,15.26,88.26,5.0
01cf88c5fb4298435526a5995720807a,a1f63365b87dc9cebf0baa24bc8c6b7e,03c60bf27e8bb42bf015e8fd99b832cc,sp,delivered,2018-02-06 09:47:52,1,109.9,12.72,122.62,5.0
01d0aabab5da85da61bbd4d40882b82c,5aa74c879595083359ded75778c85a3b,cc0472ed54d7ef34d66a4cad6bf2e666,pr,delivered,2017-08-27 19:21:22,1,18.9,14.1,33.0,5.0
01d0cbd002be92b5a970cb8f233349c2,034c3cb26461c58520139e4efb33ed90,b53c2691f8d9e0f58c1b548a4e68ec12,ba,delivered,2017-07-21 14:33:49,1,329.9,46.39,376.29,5.0
01d0f6cd01d79574621a56a1b9e21019,c8939d8acaceeebf85790ff318c89d03,34495b548b102ac3818eed9dcc11b252,rj,delivered,2017-09-23 19:26:07,1,17.9,16.79,34.69,4.0
01d13850e74efca9a86fe812940de070,efc248b5fcc421d31a203cf79d92ecc2,4b21961c548491ad87e7e1555f2c8c6e,sp,delivered,2018-04-12 11:38:28,1,75.0,14.62,89.62,5.0
01d1bb79f3dee77d8a6809aff0025590,211c5e59e4228e0ea780f1ab02f3029b,67f160b6a745ada303c35d984ab2402a,rj,delivered,2018-08-15 23:28:39,1,219.9,27.84,247.74,4.0
01d2fc3e47376926a97ae795036db093,c29335a8f8c366e3b1b384dbef4e909e,8733869bc6086925c4f855b9caa09ac6,sp,delivered,2018-06-27 21:20:18,1,34.0,13.54,47.54,1.0
01d3d4cb8c553d507dfd26fbd8b41e95,814dfd64a142fe2564faef3932b676b9,d647bd6f2997e98e04f7d84da752b873,rj,delivered,2017-10-29 14:52:54,1,114.94,34.16,149.1,3.0
01d48ed99667ce49eaeaa7980a31b987,2e704319d4930866cfa99a7508fe0351,b2c4a9d12d0668cb2b33fd90c0a44fd8,rj,delivered,2018-03-08 09:31:11,1,13.65,18.23,31.88,1.0
01d5897e2c8a23b37ec65e0e72fbe956,f36f2bd8be3b6c261d6390939cb24620,4f0f7bcd320ea05f9af566b80f092095,mg,delivered,2018-04-06 11:45:09,1,52.0,15.21,67.21,5.0
01d601c4d70f016f1e32ee8e82d6d4c9,cd6bb6cb42e1fb7ad795a83702d6a27c,a2fd22263bc1dc3be656a0f725d3866c,ms,delivered,2017-05-13 01:16:42,1,229.9,43.98,273.88,5.0
01d72d42aaedb3736840132071d51100,7f19d565d956cc2fe3f01a860e841ae4,1eef7aecfaf102d8e3ac486569a2519f,go,delivered,2018-03-20 12:44:02,1,147.2,18.91,166.11,5.0
01d80471e02a3ba49c8e1d0abc2c1a64,3106fe6ef3e7aa3053de377e22826161,d99d9eec199e32dcde0efedc42a64724,rs,delivered,2017-05-03 19:35:37,1,75.0,16.23,91.23,5.0
01d815029787ce30f6f64900ee93ba37,59eeac10ee17b2c144822b5ea1fd1fd1,5851d782ea212aea2a6baa3b6a90d5dc,sp,delivered,2018-01-26 09:09:13,1,48.9,12.69,61.59,5.0
01d907b3e209269e120a365fc2b97524,d02cc92f5e33eb58d9ff4d5cce6ae901,a7b781410bcc8bbf3221f48ff45aae6d,sp,delivered,2017-08-09 16:21:06,1,151.99,17.77,169.76,5.0
01d90c5856f7551e108f2a0864ff6e54,a617067d08312d857f24bc829af217e8,7cc6c34745843e3aed050ff2f89cf7a0,sp,delivered,2018-06-28 17:37:37,1,69.9,14.88,84.78,1.0
01d95eed9163a292a6788ddac08bcf31,8a0d726f209fe6181dfe3d5a64d75450,8731fd24284bf78bc042cb8ef0189df0,sc,delivered,2017-11-08 09:54:42,1,28.9,16.11,45.01,1.0
01d96f415da1ffc3807bc85852dea189,50e2e211862daf99d434538a985b5423,33235831eeadee4a8d2466454f9b6b15,sp,delivered,2018-04-10 20:59:36,1,149.9,23.63,173.53,5.0
01d9a9aa7feccdaf99f7ea832bfa7301,4e2a379354e75a4545a46fe69949844f,7089338086f563475ee59d1a0cd64ebc,rs,delivered,2018-08-21 21:53:58,1,79.9,9.07,88.97,5.0
01da413c142606bf28e461e3a732f653,e7538f59822c6f1ce51b24280709bace,ccfc0157698d4d0931d497d56547301f,sp,delivered,2017-08-24 11:20:58,2,185.3,25.98,211.28,4.0
01da5549f136167573c8a302f008557a,c6905c5022f61e99e31ded5f939e702b,743ed6ce1c5998dc0eb766e38cfc7461,sp,delivered,2018-04-08 17:01:55,1,150.0,20.02,170.02,5.0
01db310c16db46c62c3d4e0857990f32,cd042ac503b01b08c0c1e582bb978154,236655441ae8dd4485fd328d918186fa,ba,delivered,2017-02-13 16:22:39,1,119.99,21.29,141.28,5.0
01dbd2da9b685e6d444416f7825d0931,332cd7b9d5b2e74bf7553bfac694996d,c4384a7902deb7c5b60b480573876d9a,rs,delivered,2017-10-04 22:21:13,1,33.6,15.1,48.7,4.0
01dcbb39823b4cda39ddcc6679fb00ac,8e1dff0d67c90649dba1440b80328275,b26fa76ddf33e534491e4ec46f51bc64,es,delivered,2017-05-29 20:01:57,2,79.8,35.2,115.0,5.0
01dd288e8605af239a3a35e550e89235,0a88fe358661f9b9cd87d419e7bffcdd,655456320877a5b071dfa4ac10bfa161,sp,delivered,2017-07-26 07:51:14,1,169.99,16.63,186.62,5.0
01dd7b32b57e2e5633984f61e456b046,48dc227fd17db8b6dacffb7d2be80886,a94762863997266a89d86350f7f20f54,sp,delivered,2018-04-05 12:21:51,1,16.0,7.87,23.87,3.0
01dd912bf415bd6f499af600aebdb866,35d1d4cb6cb9997376abb3d7e1a97b19,4c6a5fc3a280205fd9147054195346ff,sp,delivered,2018-02-09 23:35:00,1,118.9,12.04,130.94,5.0
01dfa7b5bb8dcd546273e480c27043bc,6a9b5719c17e4f44e30d33c298c0739e,ea94f7a5177a14fde12ff625b03dcd7a,sc,delivered,2018-04-27 10:01:33,1,51.4,14.59,65.99,4.0
01e0386aae6c6385feedb58bd4aae5c7,f2ad615b9e352f08c5382d34ed55ce8b,33e2fc41ad206b4cb58898703509d48e,mg,delivered,2017-11-24 21:35:46,1,184.99,16.05,201.04,5.0
01e1617e546dc1fd372e089ab515ae34,3e7394d8b265e9ff64b31f047cc71fd9,9ddf8df717339b071932437af0e0f7d5,go,delivered,2017-09-17 19:15:28,1,76.1,20.02,96.12,5.0
01e4121d4b2dcfb2ba6b8f367652aee8,da76db45bad3e7725c88825007a1f3b0,1cef46483007e675198d0cb85e0370fd,rj,delivered,2017-10-30 10:41:13,1,98.0,12.69,110.69,5.0
01e4eeac4002b2e57b7ada6bc3a3c38f,73b858b84d3afef2fdc6a26f3ee8c6f7,12373dc83d9c052f14c972f235f75064,sp,delivered,2017-08-01 18:44:07,2,99.8,23.7,123.5,5.0
01e515b157491fa28d3b56e7ef342573,e8cf85adfbc68653c831f02159ec04c3,1bb24948a31a2ee3e71f6be59e0dc971,sp,delivered,2018-04-26 07:27:33,1,55.0,12.83,67.83,5.0
01e51b7c3025655646143d09b911e1d7,1441fb0aa631b791bcb461e549d7b7ce,ed70ee444e63fcf427bb3601d89b4057,rj,delivered,2018-01-14 09:41:25,1,19.0,14.1,35.02,3.0
01e662008f03009eb9b97f9333fcd6b4,bd13ebe5d7f8f2923430da33ffcf40ec,3238c58997e72431e9e011b0cf7a8749,sp,delivered,2018-06-30 10:04:41,1,24.98,12.84,37.82,3.0
01e6f40a293da5a9dc11e49695c7541d,ccea9568a9b9092688e949bcb955ddd0,a354ee7ba147e604d8b6c07ab4646a14,mg,delivered,2017-05-29 12:58:03,1,48.99,15.1,64.09,5.0
01e7138289b75d9624b04dfe12379c1d,f396261ffae591f9905c76e28c3ac59b,42d60475f8cf01c632ca7a63f9c5ffee,pr,delivered,2018-02-01 19:59:02,2,39.8,24.96,64.76,5.0
01e71f17355fc56620b0d3678f796c42,004a2b3e8b026284407c620f4f01f686,e90a1b194724309bbaa6228c398d1748,mt,delivered,2018-04-18 22:19:28,1,138.0,25.78,163.78,5.0
01e7cf79ff6fdb0a65634f714c67dd24,aded241eaa68c31246d82eb3198d4ae3,970f8e94d1e9ff19f5362c239c803768,sp,canceled,2018-02-15 14:58:55,1,27.3,11.85,39.15,3.0
01e84dcdea7f8180214c9cf9f058f0dc,808cfcd5c83849bfb0c7bf25edd97b2b,646c703dd1be852b9cee57b21b4a5a6c,mg,delivered,2017-10-31 11:10:46,1,45.9,15.1,61.0,5.0
01e9b3d727e46edf036b0bd549c38bb4,14615837f83937b2dea94361cfb6770d,a8d771b4e13abd8d9df3b4f6c0a38091,pr,delivered,2018-01-20 21:14:48,1,99.9,16.46,116.36,5.0
01e9feecd7fba975c1869a8fbbb38b65,18a76d8e984df9cc300315102a1008b4,3c93aa15af0ff23c5b07f6f5a3277745,sp,delivered,2017-03-28 20:44:07,1,285.9,17.21,303.11,5.0
01ea9d9ce4b86204f82b79184897371c,47f5f43c79b29aaeec92a9c5e817ff6a,ca7304ae5735c22fa2df5803ad417ea9,mg,delivered,2017-03-23 17:38:28,1,46.3,18.63,64.93,5.0
01eaa000fe5c9f80f535c3d0cad25a47,a43434ddd74de3fb686800674a4f1af6,382f218d24aace0e7a0bbfb045399cf9,mg,delivered,2018-08-15 15:29:13,1,135.9,16.02,151.92,4.0
01eb154e5aa06eaf50851577302a04a5,6e3d5df3e5aed86d96bb5d0234f4044e,d9876db394b3f1f5f599ba5adf911157,sp,delivered,2018-03-22 11:42:20,1,55.0,8.64,63.64,5.0
01ebb9ed879d6fa1da4857ed617972ab,65c931a66a152fc0769247ad03785247,68b7335976732cd3d0bf1417eebf8b6d,sp,delivered,2017-04-27 18:48:44,1,32.9,10.96,43.86,5.0
01ec6affa239058ac384542eb9f6920c,0b0e2a12cbf100c36a10fe8fb871d783,a1588c8835d1e73d889f5e116bbaa967,sp,delivered,2017-12-12 22:18:58,1,114.6,18.52,133.12,5.0
01ed8d522a969ceeb6ba285a161bf4c9,6b1d775b2094e9c5a3a86e9e8fe01b3f,1ccfba98073a3f785a7dc51a4464bdd0,sp,delivered,2018-05-13 17:58:56,1,47.9,19.32,67.22,4.0
01efe0209a92b2f21f6e0edee4bd4eb6,a096c55fc5ab79f92c64f63541ac39e8,10ff81967c0b118cb0dce61eb430df72,mg,delivered,2018-06-24 19:18:27,1,78.0,18.65,96.65,
01f04ef1bf8714247c5286afd8579353,4098ded78e423489732762e2b21180b7,9c6380b646680dd3aa3af3f47799048c,sp,delivered,2017-10-30 12:58:25,1,165.0,68.13,233.13,1.0
01f11912a2c502cc940f607b1f6b2ab0,3b01c1a86716aef93f40e4136bc1866e,9b8ce55666bd674d92cf355e39c88d35,rj,delivered,2018-02-05 18:40:32,1,120.0,45.3,165.3,4.0
01f216b447564f9ea791b521db577ccb,39d5f491d314a5e26d16cf74581bff02,5d81012f5f20f3781512403410be3043,sp,delivered,2017-01-24 18:44:53,1,59.9,14.59,74.49,5.0
01f3ed0a20c6db39216985812a092bea,88cd4760d06074426489e89bb4116184,871d8e3ddc6aaebd0288d07eb1758d6e,df,delivered,2018-08-18 22:34:41,1,99.0,15.79,114.79,5.0
01f48b2a27229e667db384b5b9d5dfa4,1f4e48d20f0deaacefd7fc19a4382c65,520461ee715946f0513f41524ee3213f,sp,delivered,2018-05-16 22:32:50,1,59.9,8.29,68.19,5.0
01f5bb59c4e3a373ee5cade4e69ae92f,24c7cad158eb1baa048288b63c1d6085,8b0769e4ee3f7a3e5c98b3de1b087a5a,sp,delivered,2018-03-19 11:53:52,1,41.95,14.43,56.38,5.0
01f65c9e501f46d2a15af4d2b28e6081,5ab56cf5cc9c12dca123f986599f88e8,f18411d7b672c537a95a716f13fc0b17,sp,delivered,2018-07-09 18:58:25,1,199.9,20.59,220.49,5.0
01f66e58769f84129811d43eefd187fb,e41819d1c95c12c9ce495b630eab8aee,f63805d9c7edb84d92413af34b86a39c,sp,delivered,2018-07-09 21:18:01,1,79.8,7.82,87.62,5.0
01f67ca8027e959060afd840aa06f465,1b606aeedafbe92f4c55f4fcad9dbcb4,5c17cd275f9dc9a507ec06869723e0dc,ce,delivered,2018-04-30 16:19:48,1,330.0,14.7,344.7,1.0
01f74145603bef2ef33949099b48ad28,16164e94f3a6460de7a0700e99b330ae,44c6a4a11589e4fe071e1b3af881b16e,pr,delivered,2017-12-27 17:27:05,1,69.9,17.74,87.64,3.0
01f74d38c7379a28cc0ac3d90e80c7ea,aa49a857b9196c3ecc7cd8cc02f954f9,84e13ef722e424b9f6ed3533f1996aec,sc,delivered,2018-01-31 23:12:05,1,29.9,15.1,45.0,2.0
01f78824e3a8e474a36d8dfc2a2c35f4,5ea43e101aceaadd7ca9fcf1b0226a6e,a3f0606876f54bf01bb90d4e9b24966d,rs,delivered,2017-09-19 10:17:22,1,48.65,17.6,66.25,4.0
01f7d29898cf7c5fcb583a2a29508202,bafd4361ea9061be4b18bbc25300f2b9,ada075db68fd3e0c522fb5a9e2b26805,sp,delivered,2017-12-11 01:09:44,1,39.9,11.73,51.63,5.0
01f80c40f143af17e50622fe26ca76c4,6909938bdfdc79e0e6a5eeeb781566ab,425697ce3d3fac914952c34f43c9dece,sp,delivered,2018-05-20 14:26:45,1,113.89,23.38,137.27,5.0
01f99c97a2034ffb373556e8fdb5c7cf,3a9795ba3f6c5d04cbca83a5d29cfaf6,9aaeac4d7597ef5e2c9dca24968afec9,sp,delivered,2018-05-08 10:50:38,1,195.0,23.91,218.91,4.0
01f9f30f42a15cb09e70666d0df18856,7b07a86ba7d3c0c53f96bf14ea8ecc1e,2e1519fbbcdce2a37aa5aa94a9076e75,df,delivered,2018-01-15 09:31:14,1,49.95,16.11,66.06,5.0
01fa35042136b75da24ce2a391b30eb9,6cb82041991c34e22c481ba240faeffc,bc56b256243f67b07c7d5a62faf968d9,rj,delivered,2018-01-08 15:45:38,1,29.9,15.1,45.0,5.0
01fac9bdfa271bcaf57218f971649ab7,0dc409c0b2ee6af05d8caf7a5676a672,20fa186ec94238951063b182b6cebe92,ro,delivered,2017-09-21 12:39:45,1,72.9,35.83,108.73,5.0
01fba151a6fa8315ff6dc6f29fe2f2d4,414aa2fa7df5bb8836e17bfe8e2a0658,1aafbf7397e87ee25859a246e1304c8f,sp,delivered,2017-07-10 14:06:20,1,38.5,19.88,58.38,5.0
01fe473278bb7522f081c21ee8e4cbd4,ea6b8e999abbe1a2a86fccbebd51aec3,997abd6497ecc58c28707008ebb44534,sp,delivered,2018-05-20 15:39:38,1,106.0,13.18,119.18,5.0
02014f2495eef0e869616829d481d743,f0d62fcceaafaea74a143d7fce54f1f4,46d2e80a1ca0ee7a62db0ab302e8b4b7,mg,delivered,2018-08-22 10:53:16,1,1240.0,102.63,1342.63,5.0
020347f6d056bb4209b3ee4711d25f1a,6ceae544a7b14267290dbaa361e511fb,d2a99116b467ff71d74438a6f3827c94,ba,delivered,2018-07-24 16:36:59,1,105.0,23.89,128.89,5.0
02036bc298ab3c1efc98b116f420d646,1b0555269127c13e727a1f3cb545faf2,29939d49096b68defc67b5d5a24cfb6a,pr,delivered,2018-08-23 06:32:15,1,24.99,17.98,42.97,5.0
0203892ed7a2b76401830f4b82a5a34c,b32b53ffb964ca001a0e4daca0b4a343,2c078ecf4c8eaa632660d66f124be60d,sp,delivered,2017-07-08 20:26:08,1,39.9,8.72,48.62,5.0
0204196a1fd266bdc00356eb791b4516,b7cbef9a346d7be216c7e57369eea78a,4153163515e1dc07e02777b45b79121a,mg,delivered,2017-11-26 18:43:10,2,98.0,35.28,133.28,5.0
020500486b7211f5ef873ba8ffd58cd0,fd458d0e1786001b290de9b01dc9fa9c,b553fe14a56ef1176c1ab86fbaefa2df,mg,delivered,2018-08-13 21:29:51,1,39.99,18.38,58.37,4.0
020550d9cdfb7110d07fd1a1f8937c6e,b8cd636f6513382dd886029c3e51c412,7d95fa7170950137cd6920141c9bbfce,mg,delivered,2017-09-02 17:47:17,1,28.9,13.37,42.27,5.0
02058d1c3b825765a4ec45968b8a1c97,789866f98a4d051812a2ad7e9c2443c0,d61c923fff01b0e448672a2159ed5757,mg,delivered,2017-05-22 22:10:22,1,1799.0,27.34,1826.34,4.0
0205c3dd6f4d8e348ee72fffd114fec4,67a1b364b073c272cc412276247ebe7a,6af0dae4a241c1a6f0a45d9af33bc1b3,ce,delivered,2017-07-24 21:41:24,1,56.99,17.68,74.67,4.0
0207f5a2635f4e2d29acd00fc01a36ba,c29253b809677d6b9de4371383f4da19,4b5c728e4fd50ebdfb7799ff5754eee0,sp,delivered,2018-03-05 10:25:28,1,59.9,11.92,71.82,5.0
0209ef2fa3cce5eb798c98f5b6142849,1735aa00e7e53aafa92b65a536089fdb,dac6f2c77c9577d4f6119f9295ac05a0,sp,delivered,2018-02-24 22:44:28,1,12.67,7.78,20.45,1.0
020a1591ace758e4c97d7843e1a03a88,3c59cb3e5e8348b4f5303307f6c6048a,1caa43df498d168ee748d5d7790775ec,sp,delivered,2018-08-13 06:52:04,1,18.9,7.39,26.29,5.0
020aec76c43508e4214579c52c1133f4,d61274989a1013559fec1e4a020eeb0c,9c5da89da1bac2267120ffb461ec86b9,sp,delivered,2018-06-25 22:45:30,1,27.9,19.39,47.29,5.0
020bc32fbdded2a43147c70a5eb3ec21,6cffa1011064035b56965e363955f701,e060df3099d550d647a82326badf63fe,rs,delivered,2017-07-14 22:03:05,1,98.8,17.94,116.74,5.0
020c01e41104519842f8a15605af646c,0fb0919d1c2791fb41c75bec69db8df1,f4bb8bed1c890f3eb2f65a026e8e1b07,sp,delivered,2017-02-08 13:10:22,1,29.99,21.82,51.81,5.0
020c2cd20d09193b79c51797a82aaa3e,5fd34b6c7233619283197ff572e5e966,a9fb026555bf90291457057bcd39f613,mg,delivered,2017-11-28 14:19:00,1,72.6,17.76,90.36,5.0
020d1063c6e7cb975472aedbfe0e25ea,bcf130ec4f60035b99625fd5c5fc88ed,eebbe9b9abd6cdfe83e65a48adb338a4,sp,delivered,2018-01-05 00:16:05,1,139.94,17.71,157.65,4.0
020d90b47730f065a03723587c20a57f,87fa03356ab0502083e0359921f4b780,381dfcb40faad1f227305b69e6535d34,sp,delivered,2018-04-27 11:14:54,1,284.8,9.18,293.98,4.0
020e6f6dee3bdcf543b857eb97373956,fd2f069f330e8205fb45a29fb37ec0ee,344cf133c2248f9601dc410b0dc15322,sp,delivered,2018-05-05 10:39:11,1,199.0,14.3,213.3,5.0
020f04b3da1d597b9a00b825762299ba,0b42990c6a03665bc6591652ed10d6ae,ecc79411bf35aa8d224e66ca9ca5d4ef,sp,delivered,2018-07-05 16:07:58,1,125.0,18.98,143.98,5.0
020f64bdb28111d057f49277da918771,5f34e2c2466a63ed9257b5925326292a,ecc1b0d1303c84f281e83bb36b477c2c,sp,delivered,2018-06-09 09:33:47,1,32.0,8.88,40.88,4.0
020f8f4df303ae8aa39b806b766d2681,d588273738545bc6a0d30971bf72e938,e883ca09ca9171b6a644ddb4a970ad27,df,delivered,2017-12-27 09:58:49,1,149.0,14.79,163.79,5.0
0210336762a2618a562576d1266efefe,1c6168ef4f5ddbdedf48f60a4e21128e,0788a5e2db8d16e610407f3ee826b813,rj,delivered,2018-04-16 18:07:08,1,59.99,16.39,76.38,5.0
0210f3225937e9d7702e0c3fff098b98,eb6ebc68d7ab6ad83e9d68dc1b707f1c,25bd804c580bc1ee0c93d073fae09a84,sp,delivered,2017-11-25 04:31:42,1,13.3,8.11,21.41,5.0
02119fc90b970a6b0f5f554659843ab4,247eb12909a8db3cc579b1260c3061e6,ceb4a58a238175053bbbf54ca503de8c,sp,delivered,2017-06-28 12:47:50,1,84.9,27.44,112.34,5.0
0212767fce39149bfc2e12d54be96f65,b7079d031085e5dda5e1bcbd5ee3b031,a151a9b996e1d74765c707cbf9fe0379,pr,delivered,2017-06-11 23:09:07,1,329.0,15.32,344.32,3.0
021288ce4f15c031270df5259df1b551,e0588a026f187e4f6ec5cb1ae92380f6,395c3814b3b4b70a3f6e89310fe22cb9,rs,delivered,2017-12-05 00:29:03,1,83.9,28.99,112.89,5.0
021363783b521e9813dd62bbcb77d1dd,8c28706c8f9e0cc8ceea7d7e116960e9,519a9ea42ed875f12c879049c09e8c02,ba,delivered,2018-02-23 11:52:46,1,559.99,19.36,579.35,5.0
021397df4601b61a8bd063be9b5c54a0,6a9314555839080b4a67cab05e532105,150a2fc71a1324ebdf6b8ba3b8a2f884,sp,delivered,2017-11-16 17:53:31,3,327.0,25.05,352.05,1.0
0213da24bc9b884c4792ae4c54eb0bf3,a885447168d5878bb08f442a38284741,ff2ac5ec37484dd6da5b68adbf162bc5,rj,delivered,2017-11-24 11:21:11,1,25.0,14.1,39.1,3.0
02145cbff48d443165378d41c0e49e48,c1596c970f5f8765d684e7e6e3421011,7ee4672fed0ac16825e6d4b2a2149833,es,delivered,2017-12-22 15:43:22,2,76.8,39.68,116.48,5.0
0214781b6f9215eb09fb1b78de35b07e,03fcc171d06123c951b373d1bf113748,f11173fedbf10c2913afef5844d86c9f,sp,delivered,2018-08-12 00:34:21,1,109.9,8.93,118.83,2.0
021645306ea1563079aaec6e96f20d38,765f69252734ee67b9b129b30f8220a3,ec83d060d9a0abba4b409c544c744c2f,rj,delivered,2017-04-01 21:57:17,1,129.96,29.1,159.06,5.0
0216b8a71f44f126ac083fa5d639fe47,6721f296aee89a6caef0bf53c7547103,68eb9953a8ab7328ef60c98bbd84bc5c,sp,delivered,2018-08-19 00:17:45,1,59.9,17.63,77.53,5.0
0216ea85f929ce4795f933573c6bb055,ce88121027e42c2e895f84a8f3ccd665,5891450360108dc473afec34275d86f2,sp,delivered,2018-06-08 20:27:32,1,153.8,29.26,45.76,5.0
0217ad862ae7391cc3964c07ce3d6ea1,6a72b0e91fbb821cdade717f5899a67f,c502c4be2ff2dcf09b3fb80a47d1e9cf,pr,delivered,2017-11-29 14:43:25,1,99.9,17.95,117.85,2.0
0218bc1c672e0e92f10a6633ca1cc461,aeb6533eeab4fbea7f9bdf37db0f8ee0,959d0dedf5b88c8c99c9c1375f839230,ce,delivered,2018-03-07 22:36:15,2,266.0,45.98,311.98,1.0
0218c7a4fb8d5b1bd22c82b783b8359c,430ec51e3c42def76f0d79a8edb21784,11f78d8517618f460d3a1179f42b6f9f,sp,delivered,2017-10-13 12:58:35,1,69.8,30.22,25.0,5.0
02190241f7190a1f3c7e0df95a749c6a,55c9044401ffab0c717f24405e2e042f,d291f3a15290c4c1edb70dc04fa8f35c,rj,delivered,2016-10-07 10:52:22,2,499.98,21.48,521.46,
021d0261c214591da7db51193c9aeb29,af9e6b10595811f8cfa732c179697ac4,b51a80d6d26f9746763c4e3146b81156,sp,delivered,2017-09-20 05:02:16,1,179.49,9.45,188.94,5.0
021d08e4057e5b6414c8d2f69f4f72a0,7470a1ddb5f78a811fbef15b2556781b,5d2db05a565eda438cf5069b7be6b1bb,mg,delivered,2016-10-07 17:37:49,1,51.5,14.53,66.03,1.0
021d35119e0e191a4fa47715d479b6f8,0ceb28a00e14081b054eee1421d9d970,5318e121362ccfb8cd324d2ee75d20d6,sp,delivered,2018-03-02 13:20:21,1,84.99,12.09,97.08,4.0
021dac6e3120485db6a77474aa21b979,c40f7f00e91eb8a0da1e58484380a796,5e107141755c25a665b011009bc254b9,pr,invoiced,2017-11-24 22:46:09,1,479.0,55.36,534.36,1.0
021f21b778ea0a81da47ebe141b1b29c,668602ff7a4ac16b00c73785fda2025d,a3a988b211e387fba3be6fdd9b3b23be,sp,delivered,2017-10-26 16:31:16,3,115.2,38.07,153.27,5.0
021f26893462ec6a677baba7f06ce4c1,08fd236d2b9c7fb54e98c43a83d40cda,bc67be6e72092614068c8e3421832f54,sp,delivered,2017-07-07 15:24:27,1,49.95,11.85,61.8,
0220b52f0b019739726d80c64bd4bf08,3f887ff09d642f0cfc712a5f6751c5c7,895ae7e95f846cf2a68eb3e693c01950,pr,delivered,2017-12-20 08:36:49,1,24.99,15.1,40.09,5.0
02218eb2a33847087a46d34397835b2a,e3aaae760c7433a9e8cde67c265f494a,5f559ae955c7022e7774d5850bea5351,ba,delivered,2017-06-17 15:27:18,1,31.9,16.79,48.69,3.0
0221d784b11a24077b3531e860b73434,2e8a717f1328396791b375f2d401def0,4d5e71a85161c235a376406c237f96aa,ce,delivered,2017-12-14 09:40:40,1,32.0,17.63,49.63,5.0
0222b443ebbd702540abbaf4f5ff7edf,b17fdd3ce7dab9006c20a275bbf7c804,16c4953da648eeb4821d66403ebcb632,al,delivered,2018-07-19 21:42:21,1,70.0,27.26,97.26,4.0
0224d4ce99f4262f9554d248dfad743c,3e3a04eb993fe7c6bab32b40fcc51f7f,b6b7c81604adbef7a32d4bacde272d41,sp,delivered,2018-03-17 19:25:07,1,59.99,8.88,68.87,3.0
022790f69760d0a1c025cd3acdf13927,c2b5591d50732618e8245b7c01bda8cd,083b54b120f24dd1d5ecb1c11322d043,sp,delivered,2017-10-08 20:24:03,1,22.9,14.1,37.0,5.0
0227da6a9a5c5d03b593cc9c2bce3463,b27329504d3818ef391c0d13829964b3,a1341a488875fa4db05a8fcc0e3c8ec2,sp,delivered,2018-04-11 16:30:28,1,49.9,11.62,61.52,5.0
0229b2e398fde4545d32b5bb232973ad,4b2ef9e978a3fb2cf7ea6ca5f7792dd9,b48c5a138371da90badcbc94338b2afa,ba,delivered,2018-03-21 15:11:48,1,989.0,28.63,1017.63,3.0
0229bc966620f05d9d8fc29c704aa6ff,48a01175afae9a275b3b57ccd21da366,08de67bdeb6f90e74f025279510dbca2,sp,delivered,2018-07-21 19:10:05,1,45.97,13.9,59.87,3.0
0229e66693fbbd736e5022221fc8148b,de7123a14192ec3066359926049b0f28,dd23bb62a5c9ad13651fb6281a15b3bb,mg,delivered,2018-08-18 21:10:16,1,40.75,22.23,62.98,5.0
022aa0edf94712a82983961b98e4a9a1,df7a84452bd7d6921705ac34f40e864b,9c01b2b200a873ee3d7bf6f8e04a45bf,sp,delivered,2018-06-25 17:25:43,1,99.9,12.19,112.09,4.0
022b1f3510a95b396431fec95f5de236,2584a8c397f871fab8d373d60dedd289,c0f139fe95b95fe9648723696465c72b,mg,delivered,2018-03-07 11:34:34,1,99.9,13.82,113.72,2.0
022ba76c6e0c4336514521a8cd4b8fbb,09dd621bd52c70a32eb2e306ef235b9a,36789cc8128e4a2e16d581da32b76d45,se,delivered,2018-06-17 22:36:20,1,67.99,52.83,120.82,5.0
022c0ddf029d7d3ba3d83bd524805629,9e76b1b37605f553636242f3e5861c3e,29d72fba272ad06ed0b2ac6351da042f,sp,delivered,2018-02-06 11:21:33,1,92.0,13.66,105.66,3.0
022cb45264ced2571bbbd8e231838100,aafd4a30b4fc87b9ce204df17db5196d,c09214ba56100e782501686ca3bbb119,sp,delivered,2018-06-03 00:21:24,1,45.0,7.39,52.39,5.0
022d47e6dd2e127493b8f51c8408078c,02d2c49ef9837fbf18d71940dd7cf97f,7f1b6966ec954a76bd752377eb61fd55,sp,delivered,2018-01-13 17:33:23,1,99.0,13.71,112.71,5.0
022d4b171a04520ca2113a48b6b61380,8d8eb67ed5fe4ecffcffd8cd9b5556cc,6fc51883c0e6073fa9e9ce1ccd51017d,sp,delivered,2018-06-01 11:54:07,1,57.2,12.84,70.04,1.0
022e34b10acb0f74f51f03b3bf8d996d,63f88c298f90fa0472a1c82af364fb5d,b78e0d82fdaed1ede44af275fab7a57b,mg,delivered,2018-01-11 16:15:43,1,89.99,16.39,106.38,4.0
022e89c60857b5c81788e7e09d04b3ef,5f903b2d6b866fe2698c86e8dd4628c1,4a2d9ad51edec61456cdcce3daefaeda,sp,delivered,2018-06-06 14:59:11,1,29.9,13.71,43.61,3.0
022f80b8a6f58b11018082b505f15c38,e55ddd4fde4608bc77a6494772b5bd3b,ab2ed50befdb3983c871c3aa3f542964,rj,delivered,2018-08-22 14:40:48,1,24.9,18.27,43.17,5.0
0231382a78f19752dabca6a86b618152,02cb822eec8b6309e7ce715ccea3390d,88e435343ab7c7ef2f1d4a751a6c8a2b,sp,delivered,2017-03-09 21:17:43,1,76.49,9.53,86.02,5.0
0231a1f06afc507072e11f93fa6e736b,92effc61cdcde58dde1a6295fe519bb4,e21de6a27b44cc95f6dc39e1ceb47cb9,ba,delivered,2018-05-08 12:44:54,1,103.9,14.33,118.23,5.0
0231f6b89e5798ff6c0dfb1e18a94da9,719f6e6129a784bbc01b1267fe488547,e30fdbbdc726b0cba2116f03e5cebbe3,sp,delivered,2018-08-04 12:35:23,1,550.0,98.77,648.77,5.0
0232512713ff84ce6ae5c96971894149,dd697a2e78207fa7b19293cccfb33729,2ac11480d9e3178481cefa0eb320be92,sp,delivered,2018-03-25 11:20:56,1,149.99,21.09,171.08,5.0
02332b54c758506809fd87d9c2748086,b7fefe142962b04fa4d97b8bec20f8a1,9ef4905006f939a993f4794df18564c7,pi,delivered,2017-11-06 12:48:43,1,32.99,21.15,54.14,1.0
02333096645cf1743050acd043b76e69,f9f3547648b8c4bce58da9e9ab677fb8,3128b02155500306be4504a92c35c4de,rs,delivered,2018-08-09 16:22:59,1,119.0,27.13,146.13,5.0
02342201aaaf713fa9f51c6d44444424,1730e1c6c871728cb55c1648810fa30b,1f68f3d5a98b660595b50cb5572c97e6,sp,delivered,2018-01-29 12:39:16,1,35.9,11.85,47.75,4.0
02346f2f5b8930a992461a607bf6bf62,3cd29923676e2dde9a89f7232a64de8c,82d138ae6fc1dd103c9b3eda595b61da,sp,delivered,2018-03-20 16:06:52,1,89.0,17.53,106.53,5.0
02346fd715e28d8e4fdb6893cd121f71,ccd330b2a68b43ccc7456bd7b62e679f,4e43a8dc4b83f80e615beed495cd2229,sp,delivered,2017-11-08 21:08:02,1,146.99,16.66,163.65,5.0
02355020fd0a40a0d56df9f6ff060413,b28f05c74142c8e7c6e07e5336fa63ae,2dacd79aa5d1a86240b37b6c588de551,ba,delivered,2018-02-28 16:07:09,1,100.0,39.18,69.59,2.0
02358a9949662b292e80635305dea78b,e69e27216b375e2c7e1be6298b051bf2,4702ba5faa8283e0f6b6a545cdaf8a9f,pe,delivered,2017-05-15 16:59:19,1,59.0,25.69,84.69,5.0
023669233121f0fb7899e5be2b22885f,22c15b46adce8afdd7d58e6582752263,1501fb94311512e6b98462d159e05a23,sp,delivered,2018-04-16 13:14:09,3,258.79,59.57,318.36,5.0
0236711b7bfcba7479639be980c21128,f1078903d2e4453e0d1905618174a3dc,945cd1869f42eca5d04a7242ef89d0cc,rj,delivered,2017-06-14 16:19:07,1,259.99,66.63,326.62,4.0
023a60303ff8d9e08b99e7474f7416ce,3570b59a7408f4a3aaa95d2c0485f243,dbdb8cb37ab46bc6abd4b6cb246260ea,pr,delivered,2017-06-12 21:16:00,1,59.0,16.17,75.17,5.0
023aa4b0585594124bc50e55e0e11a5f,678c7714cdd189c7aca5cd7e6c70fb94,ab08b7f9d42ac261c3f6b7c201bb3c99,sp,delivered,2018-04-01 23:03:34,1,69.0,13.84,82.84,5.0
023ae47e11483bdb8aa35fa4662aee1c,a4856ab766d5bbc379fd5c770def82e5,53b6b5d65fbd2f3375bd4ae0b72f4023,rj,delivered,2017-04-10 12:41:33,1,89.99,22.1,112.09,2.0
023af4b88d12c9f3f56bcb55da0450c5,96b3ea36ae6536e8d46ac247b72b9364,1ac1c20d54ae0a375b77d6841663762a,rj,delivered,2017-12-09 17:31:45,2,178.0,35.74,213.74,4.0
023b3575b6649cf01cb239c0e9603262,6b994d4f438ab832290549dd01b35032,9836bee8c9b546bed28c2ee0bbdb2d3f,sp,delivered,2017-12-28 01:15:31,1,149.9,21.54,171.44,4.0
023b49300b34f2b9961857266df731dc,0d0ce626603ca795728958e76c79785e,0a5678ed49dceff3134508e58ef32740,ms,delivered,2017-09-21 09:58:40,1,139.9,22.85,162.75,5.0
023dced8c25f743c5fdcf14edabac7a8,9247365772940bb769c6a672afb55785,4af447cbcb836009ce836d9d775d306c,sp,delivered,2018-03-25 23:03:22,1,12.25,7.39,19.64,5.0
023dec08929b8cafa8028da5e6b527b6,ace4c0c7241fb02b72bb8d019b738693,e1465d5a238178407248585f8b3b9491,sp,delivered,2018-03-17 14:49:12,1,46.9,7.39,54.29,5.0
023e55afed85f9778758fba7752a9215,ba3635a32005efb8620da7e57b206cdc,3e1d36a04ef1360d7f3b169610906a71,sp,delivered,2018-03-23 11:37:37,1,99.0,14.05,113.05,1.0
023efd060c082063e299dc77891ea1b7,c04472465a5f84c1055508f48ffe5b4c,c614379bad49fd0a3fb1c271e8f280ac,rj,delivered,2017-11-14 12:43:54,1,48.9,7.94,56.84,5.0
023faf5fac58639f7cf53cb7dd219859,affe45dfbbc85f104e46987acfae38b3,485b849ef839f0f401da8bfdc7ac2781,pr,delivered,2018-01-14 20:18:38,1,69.49,16.25,85.74,
0240111ef6f94ee97599bd002acec1cd,71d768f0401c468141199473dc548df4,c69703f63cf67e987e7bc1c7dd4e1ac2,sp,delivered,2018-06-24 18:26:15,1,149.0,74.99,223.99,5.0
0240c9d87266e4cabc3bacdcdc6e77e4,9ff020a259deb59e7cd97016824d8039,8e3524c27a1d5110baf073cb148b005c,sp,delivered,2018-06-12 08:40:31,1,129.0,34.98,163.98,5.0
0241b276e1e2b1d6873473c44240b426,d7985e6fd1cd00201093d271a93f3985,bfbad637ec59b54146a553e6ef427ea4,rj,delivered,2018-02-21 09:38:26,1,84.0,17.03,101.03,1.0
024319cfbf2156b9b8a0a50c3aef45b7,f100dca2fea4be39e1547226e3cb3c45,b8694b368382919977838800e306d55e,rj,delivered,2018-06-08 19:59:34,1,169.99,19.07,189.06,5.0
02440f65dc09737b491463739c347446,53997caa650ff808a586d343b0789fd1,4ca8854dd8e7df762fdaa3141840c47a,sp,delivered,2018-02-26 09:57:21,1,119.9,15.59,135.49,1.0
02447024ad7cd72fab1af9b28bebb901,8c9abe2d8c6e95757ad580361d7541a5,702aa0ece92d4c51247b7cc0daf27f6a,sp,delivered,2018-04-11 22:43:32,1,73.9,11.62,85.52,5.0
024554aeb0da84476f1c31a711e0990c,ed5ec5a2659505eb7eb931b0ca57a870,887826043ad269ee33e87d1886e5ed5c,mt,delivered,2018-04-18 14:22:18,2,35.8,34.12,69.92,4.0
0245631f7bd55dbee7c6b441629bba94,4d82e79f5404e8c3f059ab099fbe5dda,dd8c09f1b309c9ffc302c745550a9ff3,rj,delivered,2017-10-05 18:26:36,4,849.6,90.12,939.72,2.0
02457250c331120c9dea3bf840316d54,963a1bdf3457fa0fc821708aa51e087f,a5691fa7bd4401e76eb85545f64dfa07,mg,delivered,2017-07-12 18:12:38,1,349.99,18.76,368.75,5.0
0245af1fbe1f70f5ac7c1793c78f12cb,c6bf16f05f0fdc4603d841d215a13edb,b417f7ff34522cd0554a00818d67afa8,mg,delivered,2018-01-16 15:14:13,1,110.0,20.01,130.01,5.0
024602a52e3c89ca5f963affcd2bedad,33e9f4b9cf16be89234b0eac5a37173c,e32aa4e5230e4f78cd989b979fc4279b,pr,delivered,2018-07-06 20:07:20,1,27.9,18.3,46.2,4.0
0246b043b8ae041912cc7651ceb1ba2f,e412443072bf2656a463473f5c9802c1,d234dd6da60ad8379e0ea3a904126e23,mg,delivered,2017-10-26 10:54:50,1,45.9,15.11,61.01,5.0
0247aa98317f60908e99f44e7a2a4896,c2a9d304ac6f6c83a1d58953845a94b0,001ae5a1788703d64536c30362503e49,rj,delivered,2017-12-08 11:32:44,1,89.99,45.09,135.08,5.0
0248cb6c91b223b74dc554e1d2c2a59d,720f9eb7343c0fb80260074ae6c3fc35,d75fb6a485d852274d02790815fbbb34,ba,delivered,2018-04-25 17:50:13,1,149.9,23.98,173.88,5.0
024a19cc498cc1a9efcf675d1ca465c3,54ae421973032c25067cdf03e04be610,556d22748660d6974834bf3b8a38ebc0,es,delivered,2018-04-03 16:35:22,1,177.65,25.37,203.02,1.0
024a74550cdbd36c0fe3955fc9e2bcf0,5837b288ad076175ff451a905d6153f9,4619a0062095f6d6946a97ae46be4782,sp,delivered,2018-08-09 08:10:23,1,27.99,7.46,35.45,4.0
024ab991361d48e491b7dad2f172b43f,ef8a56cba316f40c236be1799e706e78,6e0c910d67dc3a55add6f66632b33fb6,pi,delivered,2018-05-17 17:25:10,1,79.98,34.04,114.02,1.0
024b3b6b53b99a1eb8b9b34515106765,52ec7c76aecc393c0db44c9bbcc4aa68,4df2f8ce1d98a38ead24358c74cec8a3,sp,delivered,2018-01-23 21:33:51,1,349.9,21.33,371.23,5.0
024bee763e8abbf0cd46fa7f440c41ea,110da78c3da35776c00e4ddee0646997,e404115ff39e5242084948aa3e824953,sp,delivered,2017-08-06 22:47:20,2,59.98,28.2,88.18,5.0
024d4903890a56c2e98df63a32206bd9,a1aca6bcf003c08a08097758ff8cf96c,d1977d0dffcab41b61db477ceecc3746,mg,delivered,2017-11-04 09:51:58,1,59.99,16.18,76.17,4.0
024d4ef645f204e4f95cb2a0d9cc61f9,1586d296dc10717a16c0ebfbd90439b5,af3b675d1e66e779b777389130df216e,mg,delivered,2017-10-29 09:07:09,2,113.98,32.32,146.3,5.0
024d56279184e5cb942d9abf28fc14e6,4cb9602acb31a0dbf81de01a43d2d4db,036c6fe22420081a961aa797cfa2b80a,mg,delivered,2017-05-21 17:56:38,1,89.0,8.21,97.21,1.0
024f8681c73783017f7cd5d5b061be3a,c4dda7f2ec051e0b838519a511d05cc5,2f44b1531bcc638088bea8fa3415bb2b,sp,delivered,2017-09-12 13:10:18,1,49.0,7.78,56.78,4.0
02504308041b6ad0a112b2b7159439ed,96cfaf71faaf9a904c4045fd835853cc,b48348743e921a4c82657d401675e069,ce,delivered,2018-03-09 10:11:51,2,293.88,105.7,399.58,4.0
0250c3964e5ca77ecac2db28d78aa89f,93868f1b95f724d239389b3bb1eca24d,d31c97aa3ad392c8e38ec211d41f5510,rj,delivered,2018-06-30 13:48:24,1,36.2,18.35,54.55,5.0
02521a906b13fc8ff9314bf88adc31ed,5bdb6841f00ab95bfbe2e2bb7eb66ddd,1612e8679bfb8e8b5a2f35400282af03,sp,delivered,2018-07-16 10:46:13,1,509.0,12.31,521.31,5.0
0252299d97791cd5879873cba920d1f7,0ef08c64c1b6a57d81ced188dd485805,54459c8dcc6b3c1e10e8a06652bad423,es,delivered,2017-10-20 12:37:34,1,89.99,17.07,107.06,5.0
025321e4e9674e090b7bc101f9c5ab5a,3674db4a48cbcbd032d3d2274f9018af,78e63ed7c16b6a93bfdcef66ad250a00,sp,delivered,2017-06-20 21:56:51,1,59.9,50.92,110.82,5.0
02542d42d329f6514533eef3af91edf9,84171de389927066b2f82ff038e94cb7,1b61b6490c6d609224d6e8bb4bc415a4,sp,delivered,2017-11-07 19:32:45,1,146.0,12.52,158.52,4.0
02546acbfd2949a1f63c44ad04978ea1,b3ee7fdfb85dc3e5de3517c7be1bfc6e,382eed2ef04ec2c6afdb28d7492a17f5,sp,delivered,2018-07-22 23:31:31,1,78.0,7.81,85.81,5.0
02556030d826438ef986ab5fd723a9a5,7e99f5592fa32c986abe9622f3058a49,74084969d4b912b9bd10439ebb79ce6b,ba,delivered,2018-02-11 10:47:59,2,99.8,39.18,138.98,1.0
02557013eeaffd86a6cc5ffd80a4b54e,df578de48490fad348557aca8514d6be,87efb3bc38dea0dc5625e73a053724bc,sp,delivered,2018-02-17 22:48:59,2,180.0,18.88,198.88,5.0
02564f320004c61ebf621191f06365a9,29880b59222c463f415962d277f449df,4559f926bbedad3e79b1bce8ace698c7,sp,delivered,2018-02-18 17:02:17,1,25.9,11.85,37.75,4.0
0256530d814cde05587fcd8e1b992bc8,023d1d56f9187c91230a4e8b50ab6fb3,d87cc9520e3fd47ef88f7098e51afe8a,ba,delivered,2017-09-28 23:57:42,1,325.0,18.71,343.71,5.0
0257956857cf61994611a0a19f4bc247,bc54fa7f1166c358a2053f680ebb2ac9,3e6af1676898a625a1b774da1532c4cc,rs,delivered,2017-10-16 20:29:14,1,54.89,15.13,70.02,5.0
025830a006d984bf712a8c6a1eca41c0,8048f231121e6b83e7042a1d02021b13,a13864ff18b06e8853bfd9d2525ae3b6,es,delivered,2018-03-09 19:42:31,1,35.0,26.43,61.43,1.0
025884a2189930178d9ba3b1c6d0f9ba,23ff057c563ba09553c1a7d37520a43a,def9333965180d167dedac744dcde41f,ba,delivered,2018-03-20 09:29:26,1,124.9,27.6,152.5,4.0
02593f8472d9ab3c2620b1b46166c231,35a7bbd619604e6a5796498ff353983d,a5c565a59f333f0d8e37f2010a825538,sp,delivered,2017-07-12 11:50:10,1,499.9,10.75,510.65,4.0
0259b4edb1ee1ebd0263f59bd790a938,bee393f2250bb90bd7431d95b7172566,727d4e7674081d534e8d6b4630510e75,sp,delivered,2017-09-01 03:12:29,1,54.9,14.13,69.03,4.0
0259bebdec429a3ec5a653df8f28574e,b04bda1c59e5886ca37fd5cbb9729b28,ce2efa658830417cdf0c87125a11cf55,sp,delivered,2018-01-07 14:22:43,1,89.0,12.96,101.96,5.0
0259ec3c458d0e8c7564647a42408fa6,7c91fa46908712a478a20deaf86252bf,dd7a6c4682e8eaa62b1a7d9d1abae7e7,pr,delivered,2018-03-14 08:53:31,1,79.9,19.53,99.43,4.0
025a244ae3d5e6c53b7f9c902643f510,1e1ee4caf4aaf60c6f5e95263a294267,7fdec9ff3ee1b114201473991d35fc8e,rs,delivered,2017-08-15 14:37:16,1,27.93,14.1,42.03,5.0
025a548c7e6d70e6b6cf600a112b0d9c,2f70159435ac1cfc015410b83084620a,d8778cbc1271116398b884b4e187882c,rj,delivered,2018-06-01 12:39:45,1,159.0,36.24,195.24,5.0
025c72e88fbf2358be05c594d4ad5091,4e766deafc3ec54aa57cb6d4d705e506,3283673183a99cff1de963f7d44063e5,go,delivered,2017-03-15 21:24:27,2,39.8,41.6,81.4,3.0
025d78a44b8f48c66fd09239910302b1,6a5c936a909849dc0470967e01a7177e,2938f83ab0df568b408eeed27fa98656,sp,delivered,2018-04-18 13:37:54,1,827.99,14.15,842.14,5.0
025e095e20c6575abee30657b956b3ff,d74d3f409a5f2efa2445b8415108e184,ee4fd9b375c5273d66ef1b20efd63516,sp,delivered,2018-08-16 15:32:45,1,160.0,12.14,172.14,5.0
025e90567adfa253765b7fe0e844af3e,fb545b1c12acfe1a72c0e57c087f9029,bfd7552391183f548f9956f2069d64cc,sp,delivered,2017-06-10 14:01:56,1,89.9,13.65,103.55,5.0
025fe62703ce31742dc8bbe8b1a99b56,fc217359526d7fceb4f1b3b7756dcd56,508a6e712f9de578cd0f8314f9e19a79,sp,delivered,2017-12-16 12:44:51,1,45.49,9.94,55.43,5.0
0260196efc012b1f83d543ba8220d0ee,bbaeaf6810cf76b8fd38e746520c7d3f,e961aba0dbef8eec5dd1e8e43a20fcf9,sp,delivered,2018-07-21 21:53:08,1,105.0,18.54,123.54,5.0
026054570865201773b27b2748af1217,7b2dc93ae14fdd68c575ca579d937b71,cd0e81bb667bef6d632fa5a71a076e74,sc,delivered,2017-12-08 14:32:08,1,19.9,15.1,35.0,4.0
02605c218285d02df75a255f13396f1e,b1416ec5bad2d6fed050cd451470e76a,12886ac2b88df7aa159e84b19b58a414,pe,delivered,2017-01-31 17:43:09,1,34.99,24.84,59.83,5.0
02608b91ec6070ff5fcd4b63dd964232,d5f23b6e251fdf6e84267303b9b84561,9438aac4d0e7d43bf01d7c06b704c286,sp,delivered,2018-02-23 14:59:08,1,30.5,7.78,38.28,5.0
0260b4ed1d24feacffa9d9783016a467,b8cc30d4bb91f771891ae6aace4270b5,3e970efbd0047e980e384bbc61ab1341,sp,delivered,2017-03-21 17:14:02,1,59.9,15.63,75.53,3.0
02610d88ac343ed64988d2706ce3ebfd,e7214f2cd8744c2d6d53e74e226ad9de,57aee1a8b40587831ca79a06bf0df5f7,mg,delivered,2018-02-04 19:34:05,1,28.0,15.11,43.11,5.0
0261459497a63d27d6f197c00f2402d3,6dac42a8db39e203ab662d2bac64fa33,c102bd464b89d5f2966296a82041a7e8,mg,delivered,2017-12-12 19:45:12,1,79.0,17.8,96.8,5.0
0261b9a1fd7da49cec3906e055b2f59d,8e78dbe65183a6e99960e0ce46b373ae,8a7d35e7b3f0a4377e1c75bfe379ac6e,to,delivered,2017-02-26 23:37:07,1,169.0,29.46,198.46,4.0
0261eac8b7b097ab1e28579b69e6ea90,fd4e6dc2e2ca0393ac80b6a2d6001179,a7138fd83860a06e7caa59ecde50e89d,sp,delivered,2018-06-25 16:32:49,1,99.0,33.17,132.17,1.0
02623e799dcc1e41066ddfe4af591f24,5ffea9b2ecf7eb23b4db0b1c4f76765d,46bd6118d318823084331f26dcb0ae9c,df,delivered,2017-12-06 08:47:32,1,52.99,15.12,68.11,4.0
02624f7cd7272b3e027320023dbdc99b,5cc48607521a18de6b6e2eeaace14501,69d53f96fa1fd127565c68e0c98bb4fd,sc,delivered,2017-10-10 09:37:51,1,31.9,16.79,48.69,4.0
0263464225bdea582f602c369c2b6061,f36723822267d804066b22ef8b5eb655,7b2561d9d15389bae6d2c4e97a2d0621,sc,delivered,2018-04-04 22:23:19,1,39.99,16.95,56.94,5.0
026381d57420b32237d7d89a8daf21c9,797525177b28cb08ae6d244ca133823d,77f60834473e9b8dd0c7dd6c9e0f30e5,rj,delivered,2017-07-09 16:25:00,1,16.99,15.11,32.1,5.0
02640665fed0e2c2cdbe0f266a2aa1f2,0bdaa2e4eb24874165d8a289092f7407,22fc43805362081852900eab46ec116b,ba,delivered,2018-08-09 13:26:02,1,134.9,27.89,162.79,5.0
02645c905eb7d1591a679f9bc3b669fd,7d81b5f1ff0e0a22a9496943f1df6cbd,2aa9325eab1676f4d62830f004d67a34,sp,delivered,2018-01-26 16:09:11,1,12.77,7.78,20.55,5.0
02659c8edf02d1cb48b8b388ac7da90e,c6ea5fee4779628bf4d55977fec66560,5b144ed81d73eab158657c9516c0d2cf,mg,delivered,2018-04-10 16:18:22,1,180.0,22.34,202.34,5.0
0265de29d2bf47d85101018e7f7d4ff6,adf1ecaca5e192f1356ed0760e5432ae,3afe3f02d75b3d8d823d14959002987f,ma,delivered,2017-04-30 07:43:30,1,45.9,31.95,77.85,5.0
02661696e065aa02977870f3a87940ab,e3495901f796d61ae2604a9784306f61,88e0eef78a2c8acebf5e23425588e21d,sp,delivered,2017-12-14 20:52:16,1,79.0,13.57,92.57,4.0
02671152ed141efc95384bdd230bc544,08ebd000e60012404de32cacee764799,0417c5c4535764e979a11b19edfef588,mg,delivered,2017-11-26 21:33:25,1,46.4,16.11,62.51,3.0
0267556bb9e07f6184470cf755f5b5da,aae14cc68c254aa377d8a2139e3c7c72,32d981bbadb92a8763089fdbbc16bfa8,rj,delivered,2017-05-06 22:56:18,1,74.9,16.96,91.86,5.0
02680f764ca402aabbb86572ed2731ef,30aeb7b5117f7b889862eaa74b545e2d,3a5c7f0a36d613a96a3cef05fc890ae1,sp,delivered,2017-05-28 17:18:03,1,169.0,16.89,185.89,3.0
0268c75309d105bb28b7523f57f46a69,f4608a440b868f3f57f378c4b8cd643f,2e3b427dc09d7b4f7430f92956b0f3e6,rs,delivered,2018-03-31 17:15:42,2,179.8,42.81,222.61,1.0
0268f664f7833aa949da2eae5321aa5b,0e5cde0fdd1709898292a48802e28144,9f2c8934978dfccb30125e17c77c2a08,df,delivered,2017-04-27 23:32:37,1,18.99,15.65,34.64,5.0
026a69b8c98fbfc61de9050c41f1dd95,5441451c5c5d190466e7afbf2adc1c19,6392c99966ef399db8781a316f271d80,sp,delivered,2018-03-08 09:24:33,1,119.9,15.57,135.47,4.0
026a8d09914c519feb34944477b6bd41,47a9d5ffbfeea9fd0290d4c461d7a169,9523a33b8bbf4b4f0d9b0b202ef25721,mg,delivered,2017-08-27 12:57:14,1,35.99,19.59,55.58,4.0
026b41054c5e6b7a4e94a971bb94193c,1e0cf6a24bb919d69e632aba60a69ead,85fb83a5f1c3ea6c7824a3e55e7a6183,mg,delivered,2017-02-03 18:25:13,1,379.0,29.99,408.99,5.0
026d16bd3f41638e1003e974e5487904,e3d123ca587e904151c6ee18f3481f99,64e61b85be9f1bc762c8bbdf4a15ed3b,pb,delivered,2017-09-12 08:55:36,1,169.9,69.9,239.8,5.0
026d2c7c84b97eb8854ca3fbdc6ab840,68fda186cf0d78b846df318aeb4e85a0,65b78b47b97a28bbbc084c0167718a3a,sp,delivered,2017-03-11 11:54:28,1,184.9,16.4,201.3,4.0
026f3440c258a87c9f6fb9c8e1bbb6e7,7518fa33beeab5aa7ebe84e85d36ef99,7bf4f2ba9ddd4842999dd89a22d34179,sp,delivered,2017-10-18 12:36:14,1,38.99,8.72,47.71,5.0
02701a0103fedd7310a8d575f9a8d291,92e2508e660317ea7b5be007a5e38e7a,04797864da463ad3509a27b58337a009,sp,delivered,2017-07-24 16:08:06,1,173.9,16.85,190.75,5.0
02702047ff5a89b9dd2f5afa7dcff91e,cc1b493af97ae700d97fce303d5af14e,573ddd3618687eecc338147df179590a,sp,delivered,2017-05-11 23:04:35,1,41.9,16.79,58.69,5.0
027042c68ea5fac4428694e17ac50538,f753500e103533c0f47c35ca41d9923a,520af1e295c9d6d6dc0413afa815b0b9,rj,delivered,2017-12-12 15:23:37,1,25.9,16.79,42.69,5.0
02714865c4c2f281df219af0a56ffeaa,04449133b1f1b228059b3c539fd03ed7,d0d416547ab8413475de3b35cfe92bee,sc,delivered,2017-11-30 22:21:04,1,109.9,15.52,125.42,5.0
02725851051698269253f0823e7824b6,24b77bdd27f5e6aea7149886b72286ec,448f663622338f4cb25c75f16aa9ef95,sp,delivered,2017-09-04 21:54:22,1,37.8,15.56,13.34,5.0
027286057add812ecb77ad0b23604c06,8f039377398b08c900778a60909d1e49,2b53267d59423e552bc93a0e771f4ade,mg,delivered,2018-03-03 17:11:11,1,149.0,23.84,172.84,5.0
02737086e020bd456ae19e98fee5c186,f3576e2845514e8c7a3a89fd7691c745,a5676d84cbaa52218865e55f75e9ea36,sp,delivered,2018-01-17 18:06:57,1,257.13,14.14,271.27,5.0
02742159d4c85a23b993b6f11ae044ea,d179f9e9c42bb8355300f094908ebc7d,4dbcc784af3e9cff899f8e7b72ac5ce3,sp,delivered,2018-01-15 13:37:28,1,139.99,14.37,154.36,5.0
02748e01a6356d0e5072ac06f4dd0bc4,438df7b1a12e7eb43f99b35531167e0a,157734852d8da89de2f250c1916833ed,sp,delivered,2018-06-04 21:38:25,1,104.9,12.07,116.97,5.0
02754590c907eb40ac34ed9b446970f6,d667ea9696496830a23ff4a8e38db1e3,f224c968e69ed64cf5332f1cd4a3507c,ce,delivered,2017-08-20 11:09:18,1,49.9,17.63,67.53,4.0
0275c0ac1928093069b95bb67cba52d8,07bb78d58680e12babcfcb21476f9e14,e97fa3c8846903173a7ffe24dc455c44,ba,delivered,2018-02-16 16:10:41,1,49.8,16.79,66.59,5.0
0276bd1aea24c642af813980281af144,ad8def83f5b550a3b6e13f1ca084a6df,27259fad9054fce994a70f1d117bc402,pe,delivered,2017-03-28 19:34:19,1,139.0,40.48,179.48,5.0
0277e2828b1b5735351d7818e6658ed1,9747b6c6ac1b29b403e491b74feacea7,3260f4f60bac2dedc22a61b36c87b0f6,sp,delivered,2017-09-10 20:50:42,1,59.0,11.91,70.91,5.0
0277fae7eda81470bf6c87dc570e267a,1b7500033ab2ef2a6e9a8e9b9aa3d660,e8df29dd96676053bccb41ded46935d6,sc,delivered,2018-02-08 20:14:10,1,49.9,15.1,65.0,2.0
027a84a16c22c706669f35d578853f3e,5993edc559f101a53914bdcdd9d230bf,5250c9708a2b44c10bd5cd9f94235290,rj,delivered,2018-03-31 14:56:26,1,59.9,18.3,78.2,1.0
027ae252d37e5527c2e109e268b222e2,059571e02973e94b854b30987635dcb1,d5e4bc3ab51abd788eaf77fce19a12d3,sp,delivered,2018-05-19 22:18:39,1,53.9,14.47,68.37,5.0
027b013d2186e25c2b82beb3679d0833,752b19f57cd013e2bf4e3c62da5a29e5,c192180b5d1cd366f6b0d44c3d9868fe,rj,shipped,2018-04-11 15:49:16,1,104.9,34.27,139.17,1.0
027b81ccdf72434e7346aafdf630ff31,996b18b4ff1e2f7cc85722ef402d1a23,50873ba9117e821aea862ced823f2653,rj,delivered,2018-07-13 09:02:22,1,154.91,16.18,171.09,3.0
027bc78621f14cf45a7ce8dd83bf6516,ba49f69104161f11989bc1bfd6a5d6c3,8a6fd4c834ecc73624bd1ee83772e913,sp,delivered,2018-04-10 09:45:33,2,121.0,23.72,144.72,5.0
027d2a0c2a94018f57fd1b15f32a18a3,96fde6eddc46595a15abddb41f62af9e,5c0662e09dd48f38f85fbb079ad84580,sp,delivered,2018-01-04 16:52:07,1,129.0,13.92,142.92,5.0
027e4543814c3b3509bbe890c569a841,e27201cb2a28267142162d8a9d0585bd,68d1040bf3b992cfabd1dded3b8bec39,ce,delivered,2018-04-14 14:53:43,1,329.0,54.12,383.12,4.0
027fb2504084c231e857f6cf558a9992,6d1e32657aaa25b6910098474e699e9a,52abba659c0a219f8de7076dc33e0e83,sp,delivered,2017-10-09 23:05:41,1,124.9,17.12,142.02,5.0
028116828b6e9f2b8070f1c4f66c68f0,8f0352cfaa71a939a2aa8dfc4b4165fb,b9985168e18b03feef0dcfa99e65fc4e,sc,delivered,2017-11-16 12:30:43,1,119.9,18.41,138.31,5.0
0281523bfda80130f35b98f38dfb279b,1048e3bbdf891bd8571eb3739c0c9d2a,211b8c6507e44d69f8abb9775dcbc0de,sp,delivered,2017-09-22 15:28:37,1,35.9,16.11,52.01,4.0
0281b24682fddf0c7efcaa299b066827,6d68129f050598becc89de9b781c298c,7d815d7246f1f071a3bfbf856543db2e,sp,delivered,2018-06-24 15:02:20,1,67.9,24.09,91.99,5.0
0282e83acfe3e7aaf60c871a4a9aca61,c1951203ece4074187b167b92d80f71c,a2979436ea8e2cadacb6bd64e8b37d9b,rj,delivered,2018-05-10 20:50:49,2,123.0,40.45,163.45,1.0
028369515408fa864cfe50091d4e76c5,dc9919c18e50e3160afe68a91cfcbc6a,c6d44715bc4825c73c205c39646c648a,sp,delivered,2017-09-01 16:48:51,1,79.98,23.7,25.92,5.0
0283a5f1680cc866884c09960d2462e3,c5aa3c712cd1b1c509b3adb34dc14187,71f88e06eb78302859a034cd7d1877a1,pr,delivered,2018-05-14 12:34:50,1,230.0,75.01,305.01,5.0
02852b112ad108b3d2b3d4ee198d84a8,c45b7286a9a5cdce0152978d9f615be6,9a855ffadc7ac38bd30515d077c31fbb,ba,delivered,2017-11-25 11:58:17,1,69.9,50.15,120.05,1.0
028558cddca332b40b4ac4cb77407edf,8401401a8752eb431189e021b8009e37,81d8bf17c9e450228efeedd2603edfaa,to,delivered,2017-06-26 10:26:31,1,2649.99,134.17,2784.16,5.0
02855eb3e469890c3b741adb0fd64f71,4df9c5a352d450a4788786688945e0a1,7477d99318e991ae0d54b57c95d0a4a6,mg,delivered,2017-05-12 23:14:28,1,89.0,15.37,104.37,5.0
028587d8834cae89e572f1db671d0419,eb44fe0ac99d141cdadb412aebdc57a0,01020c5b6024bc1cf2a3228e566bafb2,ba,delivered,2017-08-25 11:21:00,1,99.9,23.57,123.47,5.0
0286c83491d80e29a5f16c150abb76b2,c9d83efae10ff5d47b75d591e2bbbffe,b79ef39b80b9ed000478244ff8d40cef,sp,delivered,2017-10-29 16:45:18,1,29.99,7.78,37.77,4.0
0286dd0f954cb641dc3eb5db5e4467e6,f098b709bc90c53838898e66da197e4a,27dee3bb3d5d400ddea5b3cad3b11425,rs,delivered,2017-12-09 09:40:48,1,59.9,16.18,76.08,5.0
0286e258217733541e80588e29c208c1,010583f85dd55d32a6db1068f58ca6f1,bd077a2aa972e28fd6c205b1a22a2c11,al,delivered,2017-10-08 20:37:04,1,58.9,22.73,81.63,5.0
02870408b4c4492b036a48140f2092ed,1d50170cec4905b52a53fc43cf2eb0f7,33e7c312409096541dd095d94d6ef95d,es,delivered,2018-01-21 11:41:52,1,84.9,17.84,102.74,5.0
02875e2e1d01d7a1533215fb97510b06,9f64e91e123214007c18425d4a0be8db,3170ebd8b32a5e2102c9d75e0a7f6d74,sp,delivered,2017-08-25 11:16:05,1,199.0,8.65,207.65,5.0
02881d166b44a823fd6947e715dfa5e4,16c1bb03adb08d986a62093823959ec6,22c84aa3c94faa9b0533e5b95f440d57,mg,delivered,2017-09-29 12:31:46,1,70.9,15.25,86.15,5.0
028aa70283170bf3cbfdce2c1b751cfa,f146be55cefde6a5c21dd2c13d699bc8,083004073bdf5fe2545d485d9654bda5,mg,delivered,2018-08-22 06:46:47,1,64.5,19.64,84.14,5.0
028aa7c930356788f861ed1b7f984819,4f093ba642d31211516e40197a8e3aa6,b9ffd9f8e3189d5e28a1b6f22a2fad69,rj,delivered,2018-01-13 20:35:15,1,39.9,17.63,62.94,4.0
028ad19261e3ad3406ca689348755456,24cb3cfbb2834d6ec16baeef3933d55b,e0a32719d497e50ca4d214adb2940134,rs,delivered,2017-05-18 15:19:09,1,467.0,18.02,485.02,1.0
028b18bcd128b49e2982741f83b78e77,049e1221c498aac9230d750151d75706,a696f333cede35688305bf9a303b5adf,sp,delivered,2018-08-10 21:54:51,1,260.0,37.12,297.12,5.0
028cad58dbd393e348c73435f8192919,a9d2550cb10dd002881bd53c1e65b8e6,ac0a213aef20d66edc12ccfba262c163,sp,delivered,2018-07-02 15:42:23,1,99.99,15.01,115.0,3.0
028d62c0fdae574114981f4fb33b5538,c6908fb668454ce4294172398b33d5ec,f25dbe47dcd3f1cd4f1bf546e0985e43,rs,delivered,2018-02-27 14:19:11,1,57.9,16.17,74.07,2.0
028dc52e12ddda803ec1e35eb0b7b0d9,8c89a09d8fb33b6e5dc8a769d6b2bd63,148a35e3469010c9753897362d1eb8d0,sp,delivered,2017-12-19 09:43:54,1,49.99,11.73,61.72,5.0
028df34320b87c04ef6de145db2e8444,053577e4537e6b6b68b9f0e929f27d32,a99ca5de16bb8737a59d562a3c32ca9b,sp,delivered,2018-08-04 15:07:49,1,118.13,17.02,135.15,5.0
028e069ddb78a5a7179f1e6734e226c6,7475f775af7286fdb7c6802eade228bf,7cc947985b74a0c1ea03e914b2aa3ceb,sc,delivered,2017-08-20 12:10:57,1,20.99,15.1,36.09,2.0
028e1ce5e085cc7810f340572c316b35,98250a166957267b24eafb8fd85d8415,3cf3b7cbb693ee1c1646eafdf1e7fafa,rj,delivered,2017-05-21 08:03:50,1,89.9,15.38,105.28,
028e37ed7cdd54ad41506f61df708cf9,5bbc72ac56e6c2d61f23a8a91a6ceac6,ba136375f078fedf9689674d4786e281,sp,delivered,2018-04-10 16:44:54,1,15.99,7.39,23.38,5.0
028e8f5a96db8d372890e03d22829e9b,c09962ce82ae80e545818b93530aab09,47b38e3ca4ce43247fdfc425e3dae292,sp,delivered,2018-04-18 17:15:44,1,12.88,7.87,20.75,2.0
028f5779c98e7df5dc803824bdaae40b,438587a96c7fdbaaa67dd07b72a170df,b07770dba1794e80044414e50db25d32,sp,delivered,2017-10-30 10:44:09,1,74.9,25.04,99.94,5.0
028ffc48d3a4004a010e5847d7266cdb,7ab6bf8e79e131fb7052921a49aabb2c,1640860d11922b30e57f8f8a38820c86,mg,delivered,2017-07-27 17:28:13,1,12.97,14.1,27.07,5.0
02905bba6aafd777542dacbfa8f4bc2d,d74c3362224f461a90b59790374dd103,e865ae0dea85c964888c8f117cc6b054,sp,delivered,2017-12-09 18:24:30,1,48.9,17.6,66.5,5.0
02913330a2afb68b49bc9c5370bd5517,8ada7e4f6ce429a858423a217c7225a0,31e6423a5f322dddb4e9ac4092e92066,go,delivered,2018-01-28 15:38:58,1,104.9,16.98,121.88,3.0
0292fb46a5e22715459cb9a7b96e7aae,af922db8b1f8ca65d972706774fe6f1a,f36011def8af6cc9a2ee59eeebb2eb00,sp,delivered,2018-04-18 21:43:22,1,71.3,11.15,82.45,5.0
02950daa1214da108fb29cb5a0a3f74e,a884bd002c145c1aa0b57429e7ebbf2b,b2bedaad455ab6e463c912cca3e0ca8d,rj,delivered,2018-06-26 10:57:28,1,139.0,37.18,44.05,4.0
02951078a21a2d9341ea16089a4d5031,6c51ed8c29ff8bc5f3b649dc7315b787,6d841360f19534b806b7ff157b2a54de,se,delivered,2017-03-16 15:16:53,1,235.0,22.1,257.1,5.0
02971473bcfb16642904d57bc3be50b8,42dfe5520e445df2b7fa0b6e0cbab834,0ee8ed214b25bad6bc78f74f1ced10f5,sp,delivered,2017-06-30 12:41:22,1,99.99,11.9,111.89,5.0
0297a2a062d136015afa9f5d9623818f,2741d30aa289cae1b78c923cf31e6470,9e11a15e61660b1f33f25a5b36729356,sp,delivered,2018-01-28 15:27:43,1,13.65,11.85,25.5,3.0
0297f94a646c942bde497bd200cce1ed,4da495ce705cd190ddf3a36268b61142,42bd11eab7631f93159c55cb7289c8c2,sp,delivered,2017-12-26 18:10:57,1,125.0,16.5,141.5,5.0
029863af4b968de1e5d6a82782e662f5,74179773f1f31f3af11c3b3b065115f1,78d665ab97fb0bfd754a20a48476c4e7,rj,delivered,2017-07-06 09:03:55,1,51.98,30.2,41.09,4.5
029a092ea19290f774d21c51fd7ac45f,2cd8c5d16f98a776a87ccfeb14c0ed33,99dc44814f4149b4c54128029ea0eb4c,go,delivered,2018-01-29 17:33:48,1,99.87,17.14,117.01,5.0
029b1d3a355dec12cfed60927f076a9d,765e479faa5efcbc58b804c84c62cb71,25c88b7eff936d6a6fed64142b760035,rj,delivered,2018-07-17 17:16:25,2,220.64,31.74,252.38,4.0
029b2daf51dda061aeb1cf32c9306db7,46490458d353247266448e9bdc7bd115,a9230d79e397fb71fa526975917bf449,sp,delivered,2018-08-06 16:20:23,1,29.9,18.31,48.21,5.0
029b99b0436c25c8de22cb828831ffa8,a7efc7f9a3444cd0b3d780d5a060b2c6,9439251e563c4ea556db0b4dd90e6ea6,sp,delivered,2018-07-30 23:11:57,1,379.0,63.63,442.63,5.0
